Complex,binder_rmsd_aligned_on_binder,binder_rmsd_aligned_on_target,design_class,binding,binding_strength
724928537.dbz6___a,25.477146,22.067274,Nanobody,False,
724928537.dbz7___a,31.909708,21.776894,Nanobody,False,
724928537.dbz8___a,27.122414,21.142857,Nanobody,False,
ali.rasouli.intern.model_77_142_3,11.946539,23.750914,Miniprotein,False,
amirm.mhosseini.seq1,13.827473,2.5662918,Peptide,False,
amirm.mhosseini.seq3,13.451251,21.903267,Peptide,False,
amirm.mhosseini.seq4,14.319187,21.396797,Peptide,False,
amirm.mhosseini.seq9,14.711915,21.90237,Peptide,False,
human_egf,14.084179,3.2134175,Peptide,True,Medium
reed.harrison.model_56_119_0,15.877114,23.526468,Miniprotein,False,
a.tucs.andrejs_tucs_seq1,13.314266,3.3903651,Peptide,True,Weak
a.tucs.andrejs_tucs_seq10,14.906688,3.4215865,Peptide,False,
a.tucs.andrejs_tucs_seq2,16.435282,2.7878582,Peptide,False,
a.tucs.andrejs_tucs_seq3,16.13723,2.7568002,Peptide,True,Weak
a.tucs.andrejs_tucs_seq4,11.080566,2.9787433,Peptide,False,
a.tucs.andrejs_tucs_seq5,13.73106,2.4692202,Peptide,True,Medium
a.tucs.andrejs_tucs_seq6,17.172674,22.01641,Peptide,False,
a.tucs.andrejs_tucs_seq7,14.067774,2.5623882,Peptide,True,Weak
a.tucs.andrejs_tucs_seq8,14.047359,2.9613016,Peptide,True,Medium
a.tucs.andrejs_tucs_seq9,13.043563,3.390276,Peptide,False,
akash.arunabharathi.design10,15.736871,23.18682,Peptide,False,
akash.arunabharathi.design3,15.490072,22.904444,Peptide,False,
akash.arunabharathi.design4,25.120792,24.226183,Other,False,
akash.arunabharathi.design8,24.455036,21.618305,Other,False,
akash.arunabharathi.design9,31.36019,22.50711,Other,False,
alan.blakely.12_3,35.107513,24.125786,Other,True,Medium
alan.blakely.12_6,29.64375,22.258327,Other,True,Medium
alan.blakely.16_2,30.45297,21.991459,Other,True,Medium
alecl.relaxeda,15.726073,2.769644,Peptide,False,
alecl.unrelaxeda,14.274104,2.7950716,Peptide,False,
alejandro.corrochano-navarro.eng_scfv_binder_1,26.67738,2.9957478,scFv,False,
alejandro.corrochano-navarro.eng_scfv_binder_2,29.093544,22.107872,scFv,True,Weak
alejandro.corrochano-navarro.eng_scfv_binder_3,26.868916,2.6564004,scFv,False,
alessio.daddio.ad_1,20.910576,22.544415,Miniprotein,False,
alessio.daddio.ad_4,12.191658,22.08306,Miniprotein,False,
alessio.daddio.ad_9,35.724724,23.508873,Other,False,
alex.naka.blastoise,15.818576,2.8510275,Peptide,False,
alex.naka.charizard,12.556423,21.921535,Peptide,False,
alex.naka.charmander,17.62687,2.7795284,Peptide,False,
alex.naka.charmeleon,12.921058,22.727945,Peptide,False,
alex.naka.ivysaur,14.525926,2.7168298,Peptide,False,
alex.naka.squirtle,13.905728,2.5896585,Peptide,False,
alex.naka.venusaur,20.461119,24.07785,Peptide,False,
alex.naka.wartortle,16.775862,3.6434379,Peptide,False,
allongoldberg.3_52,15.01592,21.72545,Miniprotein,False,
allongoldberg.3_52_10_refined_ideal,15.141367,24.089094,Miniprotein,False,
allongoldberg.3_52_1_refined,12.341196,21.898962,Miniprotein,False,
allongoldberg.4_44,23.795382,22.736067,Other,False,
allongoldberg.4_44_0_refined,20.535341,22.727383,Other,False,
allongoldberg.4_44_14_refined_ideal,11.644897,22.15439,Other,False,
amelie.schreiber.model_56_119_15,18.61549,22.650175,Miniprotein,False,
amelie.schreiber.model_60_151_9,17.748741,22.8234,Miniprotein,False,
amelie.schreiber.model_83_156_16,24.791409,23.20305,Other,False,
amirmhosseini47.mohammad_seq2,16.100842,2.8388534,Peptide,False,
antorsae.t0.1_sample939_score0.9451_global_score1.3625_seq_recovery0.4250,12.545623,22.278881,Peptide,False,
antorsae.ta525_0_0,13.475161,23.096792,Peptide,False,
antorsae.ta_4_4,13.204198,22.682356,Peptide,False,
antorsae.ta_4_5,10.649388,23.476427,Peptide,False,
antorsae.ta_5_1,20.03588,21.699883,Peptide,False,
antorsae.ta_5_2,10.743687,22.857157,Peptide,False,
antorsae.ta_5_3,12.978418,22.312307,Peptide,False,
antorsae.ta397unsafety_2,19.202011,22.354841,Peptide,False,
areddy.egfr_l169_s781475,29.738983,23.001116,Other,False,
aswini.clipgen30,12.184457,22.353598,Peptide,False,
aswini.seed1,15.32528,21.643757,Peptide,False,
aswini.seed1_1,16.10307,23.143183,Peptide,False,
aswini.seed2_1,13.93581,22.977316,Peptide,False,
aswini.seed2_3,15.115155,22.432976,Peptide,False,
aswinijavadi160197.8_a,22.760874,21.12015,Other,False,
aureliabustos.bce_var433,12.512387,2.7244112,Peptide,True,Medium
aureliabustos.bce_var464,11.681898,2.9633994,Peptide,True,Strong
aureliabustos.bce_var702,18.624039,2.6962516,Peptide,True,Medium
aureliabustos.wt_noised_i_scaffold_shorted_var71,17.604328,3.478727,Peptide,True,Weak
aureliabustos.wwt_noised_i_scaffold_shorted_var6640,12.3006315,2.986701,Peptide,True,Weak
aureliabustos.wwt_noised_i_scaffold_shorted_var7524,18.117273,2.7220473,Peptide,True,Weak
aureliabustos.wwt_noised_i_scaffold_shorted_var8423,13.077455,3.3237665,Peptide,True,Weak
aureliabustos.wwt_noised_i_scaffold_shorted_var9391,20.624613,2.910321,Peptide,True,Weak
baptiste.roelens.ognk,22.309772,22.916851,Miniprotein,False,
begonia.sp.13.egfr_l110_s478327_mpnn7_model2,18.98638,23.050095,Other,False,
begonia.sp.13.egfr_l61_s456546_mpnn1_model1,17.886925,23.112358,Miniprotein,False,
begonia.sp.13.egfr_l88_s11832_mpnn1_model2,22.147053,23.801163,Other,True,Medium
binom16.pocket1pep15,5.580996,22.778786,Peptide,False,
binom16.pocket2pep86,5.663836,22.951319,Peptide,False,
binom16.pocket2pep89,9.283187,22.825472,Peptide,False,
binom16.pocket3pep98,7.7947583,22.184351,Peptide,False,
binom16.pocket7pep80,7.008025,22.394926,Peptide,False,
biolucasmachado.engineered_binder_1,13.787754,22.102304,Peptide,True,Weak
biolucasmachado.engineered_binder_2,17.691198,22.065655,Peptide,False,
biolucasmachado.engineered_binder_3,15.977167,2.8442914,Peptide,False,
biolucasmachado.engineered_binder_4,20.948887,2.7871785,Peptide,False,
biolucasmachado.engineered_binder_5,21.164337,2.630241,Peptide,False,
biolucasmachado.engineered_binder_6,14.171354,2.2395225,Peptide,False,
biolucasmachado.engineered_binder_7,15.618646,2.5809216,Peptide,False,
biolucasmachado.engineered_binder_8,19.179367,2.7285426,Peptide,False,
biolucasmachado.engineered_binder_9,15.041395,2.7385862,Peptide,False,
briannaughton.1_plus_2,31.68832,24.588802,Other,True,Medium
briannaughton.1_plus_egfr,25.69938,20.716404,Other,True,Medium
briannaughton.2_plus_1,28.315008,21.809189,Other,True,Medium
briannaughton.2_plus_2,51.83697,23.183811,Other,True,Weak
briannaughton.egfr_plus_egfr,22.660368,22.845892,Other,True,Weak
bronte.egfr_binder_4_91,20.623024,21.365503,Miniprotein,False,
bundit.b_s18.manbaritone_seq3_egfr-binder-70-100_beta_303_dldesign_6_lenght71,19.30422,22.567043,Miniprotein,False,
bundit.b_s18.manbaritone_seq5_egfr-binder-70-100_beta_303_dldesign_1_length71,10.665965,21.32048,Miniprotein,False,
bundit.b_s18.manbaritone_seq6_egfr-binder-70-100_beta_778_dldesign_0_length71,14.668608,21.78405,Miniprotein,False,
cameron.kroll.gertrude_gen3,20.014767,23.431597,Other,False,
cameron.kroll.gertrude_gen3_s69d_n61e,21.520931,21.87775,Other,False,
cameron.kroll.gertrude_gen5,20.303307,21.749496,Other,False,
cameron.kroll.gertrude_gen6,26.709656,22.15103,Other,False,
cameron.kroll.leitner,19.942942,22.622562,Other,False,
carson.vaux.baker1_18,14.6018715,22.35181,Miniprotein,False,
cbrown.cbrown_0005_2_egfr_l81_s801188_mpnn1_model1,14.415891,23.701023,Miniprotein,False,
ccalia.paesani_lab_design1,28.660007,24.647558,Other,False,
ccalia.paesani_lab_design2,31.44802,23.870085,Other,False,
ccalia.paesani_lab_design3,31.312874,22.190157,Other,False,
ccalia.paesani_lab_design8,34.286045,23.311079,Other,False,
ccalia.paesani_lab_design9,31.69297,21.240314,Other,False,
cchallacombe.1,26.601654,23.514965,Nanobody,False,
cchallacombe.4,30.537914,22.832611,Nanobody,False,
cchallacombe.6,21.632843,22.65947,Nanobody,False,
chenceshi1105.steven_binder_design_l75_s60968_it100_mpnn0,17.957705,22.273157,Miniprotein,False,
chenceshi1105.steven_binder_design_l82_s44755_it100_mpnn6,22.055216,21.76611,Miniprotein,False,
chenceshi1105.steven_binder_design_l89_s48081_it100_mpnn4,21.810656,23.292019,Miniprotein,False,
christoph.gruber.binder12_1,28.968954,21.912544,Other,False,
christoph.gruber.upperbinder_scaffold1_lowerbinder,26.962118,25.771225,Other,False,
christoph.gruber.upperbinder_scaffold2_lowerbinder,17.404827,23.151758,Other,False,
christoph.gruber.upperbinder_scaffold3_lowerbinder,22.961424,21.9407,Other,False,
christoph.gruber.upperbinder_xten_lowerbinder,14.038128,22.910742,Peptide,False,
chrisxushaoyong.hu_nano1_1_ff3e18,20.456955,23.035646,Nanobody,False,
chrisxushaoyong.hu_nano1_3_eef94e,23.513287,22.454576,Nanobody,True,Medium
chrisxushaoyong.hu_nano1_5_559c85,29.014044,22.844225,Nanobody,False,
chrisxushaoyong.hu_nano2_2_7ef96e,27.059998,21.191679,Nanobody,True,Strong
chrisxushaoyong.hu_nano2_4_85252b,25.292835,23.705008,Nanobody,True,Strong
chuh.egfr_seg1_l58_s941869_mpnn2,23.401762,23.713596,Miniprotein,False,
chuh.egfr_seg2_l58_s53469_mpnn1,16.288864,23.085104,Miniprotein,True,Medium
chuh.egfr_seg2_l62_s244475_mpnn4,16.37181,22.250525,Miniprotein,False,
colby.tupegfr_001___anti-egfr_fv-like_protein_diffused_with_evodiff,28.38631,23.779802,scFv,False,
colby.tupegfr_006___anti-egfr_fv-like_protein_diffused_with_evodiff,34.958534,23.66848,scFv,False,
colby.tupegfr_010___anti-egfr_fv-like_protein_diffused_with_evodiff,32.933113,23.52787,scFv,False,
colby.tupegfr_012___anti-egfr_fv-like_protein_diffused_with_evodiff,32.24697,3.3011436,scFv,True,Weak
colby.tupegfr_018___anti-egfr_fv-like_protein_diffused_with_esm3,27.795317,2.468583,scFv,False,
coreyhowe99.corey82,13.338514,23.4922,Miniprotein,False,
darius.szablowski.egfr_binder_1___top_binder_1,27.465218,22.669498,Other,False,
darius.szablowski.egfr_binder_2___ggggs_3_linked_top_binders_1_and_2,23.776857,22.423166,Other,False,
darius.szablowski.egfr_binder_3___ggggs_3_linked_top_binders_1_rev_and_2_rev,26.114454,22.613956,Other,False,
darius.szablowski.egfr_binder_4___ggggs_3_linked_top_binders_1_and_2_efficiently_evolved,36.465347,22.588575,Other,False,
darius.szablowski.egfr_binder_5___ggggs_3_linked_top_binders_1_and_2_efficiently_evolved_and_sapiens_evolved,32.351406,22.881298,Other,False,
deepsatflow.6aru_final_chain_a_domain_3_l138_s466479_mpnn9,23.37738,22.665247,Other,False,
deepsatflow.6aru_final_chain_a_domain_3_l142_s806907_mpnn1,17.755686,22.550253,Other,True,Weak
deepsatflow.6aru_final_chain_a_domain_3_l147_s945609_mpnn1,20.83243,22.271637,Other,True,Weak
dre.lgdl_egfr_001,11.258954,21.83293,Peptide,False,
dre.lgdl_egfr_008,14.216241,22.559868,Peptide,False,
duynth29.duy_l111_mpnn14,20.72438,22.648394,Other,False,
duynth29.duy_l111_mpnn14_i36m__l80m_l42m,19.824121,22.588106,Other,False,
duynth29.duy_l111_mpnn14_l80m_l42m,19.365782,22.559298,Other,False,
duynth29.l148_mpnn1,20.069225,22.196177,Other,False,
duynth29.l88_mpnn5,20.507013,22.948565,Other,False,
eceiiitn786.8s2,20.713696,23.502901,Peptide,False,
elian.elian1,20.70391,22.911568,Other,False,
elian.elian2,19.383297,24.1763,Other,False,
elian.elian3,25.366858,23.251106,Other,False,
elian.elian4,18.80239,22.07908,Other,False,
elian.elian5,23.627388,23.321186,Other,False,
enzo.morro.design_0_n_0_mpnn_1.117_plddt_0.713_i_ptm_0.082_i_pae_27.542_rmsd_25.669,24.80338,23.555716,Other,False,
enzo.morro.design_0_n_1_mpnn_1.085_plddt_0.817_i_ptm_0.076_i_pae_28.084_rmsd_25.372,25.983707,22.581913,Other,False,
enzo.morro.design_0_n_2_mpnn_1.120_plddt_0.858_i_ptm_0.072_i_pae_28.117_rmsd_30.276,26.902634,20.459677,Other,False,
fernando.meireles.design_hybrid_partial_diff_4_31_binder,21.428482,21.565968,Other,False,
fernando.meireles.design_hybrid_partial_diff_7_1_binder,19.764605,21.555563,Other,False,
fernando.meireles.design_hybrid_partial_diff_9_54_binder,19.272501,22.943197,Other,False,
fgndd1.fg_seq1,25.900011,22.85907,Other,False,
flowuenne.nf-proteindesign_design10,10.036508,23.407476,Miniprotein,False,
flowuenne.nf-proteindesign_design7,19.08101,22.877447,Miniprotein,False,
flowuenne.nf-proteindesign_design8,14.09588,22.02175,Miniprotein,False,
gitter.yolo23,17.548952,23.14367,Miniprotein,False,
gitter.yolo46,17.577112,22.90128,Miniprotein,False,
gitter.yolo48,18.329258,23.53356,Miniprotein,True,Weak
hughy.4krp_b_a_89_rnd3_full,31.193415,21.42156,Nanobody,False,
hughy.7om4_b_a_17_rnd2_v2_full,25.620174,21.245226,Nanobody,False,
hughy.7om4_b_a_180_rnd1_v1_full,24.470903,21.952433,Nanobody,False,
hughy.7om4_b_a_33_rnd2_v2_full,26.571854,22.474882,Nanobody,False,
hughy.7om4_b_a_8_rnd2_v2_full,30.69802,21.431185,Nanobody,False,
huiyu.cai.h3_15_2431_h,24.366322,21.61411,Nanobody,False,
huiyu.cai.h3_15_2847_h,32.63444,21.064009,Nanobody,False,
huiyu.cai.h3_15_3351_h,26.73619,21.22163,Nanobody,False,
huiyu.cai.h3_15_4373_h,29.72739,21.743923,Nanobody,False,
huiyu.cai.h3_15_877_h,24.259315,20.065931,Nanobody,False,
jack.li.egfrbindingcandidate_7,23.888496,22.02127,scFv,False,
jakublala.epitope_1_20aa.pdb,7.2724857,23.960127,Peptide,False,
jakublala.epitope_1_30aa.pdb,13.923902,22.527857,Miniprotein,False,
jakublala.epitope_2_30aa_1.pdb,14.512011,22.596987,Miniprotein,False,
jakublala.full_dibinder_45aa.pdb,17.003086,20.850483,Peptide,False,
jakublala.full_dibinder_45aa_2.pdb,10.721048,22.239164,Miniprotein,False,
joaosartori2.c1,16.410744,2.6194854,Peptide,True,Weak
joaosartori2.c3,16.038595,3.1280758,Peptide,False,
joaosartori2.c4,14.684498,2.368276,Peptide,False,
joaosartori2.c6,15.8775425,2.8148243,Peptide,False,
joel.rf_diffusion_trim_3,16.533112,22.27344,Other,False,
jude.wells.21.6b3s_necitumumab_fused_trimmed_task_211_iter_150,30.582054,4.111272,scFv,False,
jude.wells.21.6b3s_necitumumab_fused_trimmed_task_89_iter_216,26.463488,3.6852033,scFv,False,
jude.wells.21.6b3s_necitumumab_fused_trimmed_task_98_iter_184,26.032398,3.1757414,scFv,False,
jude.wells.21.panitumumab_fused_trimmed_crossbreed3,25.558292,23.90126,scFv,False,
jude.wells.21.panitumumab_fused_trimmed_task_12_iter_123,27.451733,3.6208143,scFv,False,
julian.faust.becotatugxpimurutamab_scfv,26.206276,3.192735,scFv,False,
julian.faust.demupitamab_mpnn_19_scfv,24.45297,23.959606,scFv,False,
julian.faust.pimurutamab_mpnn_17_scfv,35.293007,2.959832,scFv,True,Medium
julian.faust.pimurutamab_mpnn_18_scfv,27.282131,3.401394,scFv,True,Weak
julian.faust.pimurutamabxbecotatug_scfv,30.662659,23.166576,scFv,False,
julie.jg26n,20.897907,21.706434,Miniprotein,False,
julie.rj0aa,16.838118,22.251032,Miniprotein,False,
julie.ryfqy,17.382618,22.129873,Miniprotein,False,
junhee.park1999.egfr_binder_6,25.641119,3.2935343,scFv,False,
junhee.park1999.egfr_binder_7,26.258911,3.0879464,scFv,False,
junhee.park1999.egfr_binder_9,31.386534,22.857718,scFv,False,
jvogt4.vogt_scfv_0128,32.56207,23.22487,scFv,True,Medium
jvogt4.vogt_scfv_2009,28.37159,22.682941,scFv,True,Medium
jvogt4.vogt_scfv_2143,29.224543,2.8670192,scFv,True,Medium
jvogt4.vogt_scfv_2279,30.562033,23.388556,scFv,True,Weak
jvogt4.vogt_scfv_2470,27.647923,20.783665,scFv,True,Medium
karmanyaaggarwal.ds002542,31.115509,22.402658,Nanobody,False,
karmanyaaggarwal.ds003076,31.376581,21.459108,Nanobody,False,
karmanyaaggarwal.ds004729,26.872505,21.972494,Nanobody,False,
keaun.gafpvvfkadiarvsefvaigpstgylgslttmsgvnq,10.98321,22.674927,Peptide,False,
keaun.gifgvvfkadiarvsidvaidystgylgslttfsgcnq,14.757977,22.482977,Peptide,False,
keaun.gwfgvvfkadiagvsekvaielsggyegslttpsgwnq,17.025984,21.783733,Peptide,False,
keaun.gwfgvvfkadiardsefvailesqgylssittfsgwnq,15.42306,21.88947,Peptide,False,
keaun.gwfgvvfkadiarvsefvaiglstgplgsestfsiwrq,8.023282,21.737263,Miniprotein,False,
kerrding.seq5,18.31713,3.1850529,Peptide,True,Weak
kerrding.seq6,17.273138,2.3236358,Peptide,True,Weak
kerrding.seq7,16.013523,2.3034253,Peptide,False,
kerrding.seq8,17.272276,2.909255,Peptide,False,
kerrding.seq9,17.014496,21.787838,Peptide,False,
klima.jason.8hgo_design_4yyaf_0_0,22.03562,21.41141,Other,False,
klima.jason.8hgo_design_8gswy_1_2,18.086893,22.697342,Other,False,
klima.jason.8hgo_design_94eja_1_5,21.452473,22.974985,Other,False,
klima.jason.8hgo_design_jt8s1_0_3_proteinmpnn_20,24.479439,22.30712,Other,False,
klima.jason.8hgo_design_vdcjs_1_2,28.27027,21.940155,Other,False,
kurumida.yoichi.mg_05,18.992968,21.798388,Miniprotein,True,Medium
lennart.nickel.egfr_l114_s69310_mpnn7,21.699924,22.433653,Other,False,
lennart.nickel.egfr_l139_s63093_mpnn2,31.576696,23.28465,Other,False,
lennart.nickel.egfr_l170_s20625_mpnn10,31.161879,23.29463,Other,True,Weak
lennart.nickel.egfr_l179_s82283_mpnn1,21.585987,22.638086,Other,True,Medium
lennart.nickel.egfr_l98_s70756_mpnn3,15.533608,21.955862,Other,False,
lhallee.lhallee_128_driveid_1_2,28.743359,22.850288,Other,False,
lhallee.lhallee_128_driveid_3_4,22.923416,22.339987,Other,False,
lhallee.lhallee_20_on_target_2000,8.992097,23.204132,Miniprotein,False,
lhallee.lhallee_40_full_driveid_8_9,10.212616,22.00767,Peptide,False,
lhallee.lhallee_40_target_driveid_10,12.90858,21.241943,Peptide,False,
lyu.1,23.726707,23.393269,Other,False,
lyu.2,23.386992,23.321707,Other,False,
lyu.3,24.592388,24.293064,Other,False,
markus.braun.egfr_binder_1,28.064882,23.196856,Other,False,
markus.braun.egfr_binder_3,31.483774,24.933205,Other,False,
markus.braun.egfr_binder_6,28.531588,23.916595,Other,False,
markus.braun.egfr_binder_7,29.952057,23.716618,Other,False,
markus.braun.egfr_binder_8,27.764355,20.32963,Other,False,
martin.egfr_l111_s89744_mpnn1,21.505384,21.801277,Other,False,
martin.egfr_l121_s46924_mpnn18,27.209463,20.262947,Other,False,
martin.egfr_l142_s75963_mpnn1,24.556715,22.214613,Other,False,
martin.egfr_l165_s31019_mpnn3,30.751652,22.705595,Other,False,
martin.egfr_l177_s77884_mpnn7,24.923927,24.023945,Other,False,
maxall4.egfr_ed_binder_l124_s860500_mpnn1_model1_unrelaxed_rank_001_alphafold2_multimer_v3_model_1_seed_000_top1_mutation_d81n_round1_chain_a,26.46737,22.538374,Other,False,
maxall4.egfr_ed_binder_l132_s581930_mpnn1_model1_unrelaxed_rank_001_alphafold2_multimer_v3_model_1_seed_000_top1_mutation_r79a_round1_chain_a,24.4662,22.942722,Other,False,
maxall4.egfr_ed_binder_l134_s906486_mpnn2_model1_unrelaxed_rank_001_alphafold2_multimer_v3_model_1_seed_000_top1_mutation_g108s_round1_y80d_chain_a,17.130102,21.806147,Other,False,
maxall4.egfr_ed_binder_l134_s906486_mpnn2_model1_unrelaxed_rank_001_alphafold2_multimer_v3_model_1_seed_000_top1_mutation_g108s_round1_chain_a,17.526861,24.476665,Other,False,
maxall4.egfr_trim_l126_s498823_mpnn2_model1_unrelaxed_rank_001_alphafold2_multimer_v3_model_1_seed_000_top1_mutation_l39g_round1_chain_a,15.261491,21.891994,Other,False,
mchrnwsk.marta_chronowska_dom1_l99_s666690_mpnn16,14.96271,21.47666,Other,False,
merlettaia.seq0v3,23.474249,22.82725,Nanobody,False,
merlettaia.seq0v4,22.824999,22.60787,Nanobody,False,
merlettaia.seq52v3,22.77735,21.592794,Nanobody,False,
merlettaia.seq6v4,25.377924,22.613728,Nanobody,False,
merlettaia.seq70v3,31.788872,21.785358,Nanobody,False,
minji.lee.111,16.553076,21.681934,Miniprotein,False,
minji.lee.3458,22.700891,24.608942,Other,False,
minji.lee.386,17.01523,23.075863,Miniprotein,False,
minji.lee.3995,17.831554,23.080488,Miniprotein,False,
minji.lee.459,25.502316,23.173574,Miniprotein,False,
mlange05.a,30.588852,20.92906,Other,False,
mlange05.b,24.213398,22.418278,Other,False,
mlange05.c,25.326387,22.18529,Other,False,
mosquitolkfo.nab_design_1,24.197533,22.929525,Nanobody,False,
mosquitolkfo.nab_design_3,22.970198,23.200417,Nanobody,True,Weak
mosquitolkfo.nab_design_6,25.00753,22.793772,Nanobody,False,
mosquitolkfo.nab_design_7,26.029495,23.531496,Nanobody,False,
mosquitolkfo.nab_design_9,27.547232,23.64903,Nanobody,False,
nhaas.2,25.77982,3.3931434,scFv,False,
nhaas.3,32.334446,3.671518,scFv,False,
nhaas.4,32.76352,3.9000363,scFv,False,
nhaas.6,26.765673,2.64606,scFv,False,
nhaas.8,27.403915,21.590773,scFv,False,
nicholas-schnicker.schnick_04,11.660451,21.82889,Other,False,
niklas.7a72d922-1677-4fc8-9315-d7996ba05d8e_l150_s530325711_mpnn12,24.460138,21.403046,Other,False,
niklas.95b59203-b642-4754-bcd3-8e670a722c8d_l91_s349792600_mpnn19,25.10026,22.94924,Other,False,
niklas.95b59203-b642-4754-bcd3-8e670a722c8d_l91_s349792600_mpnn2,19.45555,24.245102,Other,False,
niklas.e5a28fa3-3501-41c2-922c-ec848e0bc020_l81_s514858345_mpnn4,18.485281,21.865105,Miniprotein,False,
niklas.ee4629a9-322f-48f0-884d-8f4418db9bce_l151_s241659642_mpnn11,25.46185,2.7095869,Other,False,
nitesh.mishra3.stepwise_egf_based_egfr_binder_3,17.946985,21.79172,Peptide,False,
nitesh.mishra3.stepwise_rfdiff_egfr_binder_1,14.898574,22.548473,Peptide,False,
nitesh.mishra3.stepwise_scaffold_egfr_binder_6,15.324048,23.044786,Peptide,False,
noah.holzleitner.noah_egfr-binder_1,17.009659,22.614212,Miniprotein,False,
noah.holzleitner.noah_egfr-binder_2,20.965977,22.908783,Miniprotein,False,
noah.holzleitner.noah_egfr-binder_3,15.118155,22.202148,Miniprotein,False,
noah.holzleitner.noah_egfr-binder_4,11.114561,22.142408,Miniprotein,False,
noah.holzleitner.noah_egfr-binder_8,16.822989,22.285606,Miniprotein,False,
pastei5.egfr_binder_01,25.574488,22.462095,Peptide,False,
paulafcfranklin.synth_rosetta_1,13.181717,3.224916,Peptide,True,Weak
paulafcfranklin.synth_rosetta_10,14.539903,2.402573,Peptide,False,
paulafcfranklin.synth_rosetta_2,12.79396,2.7944632,Peptide,False,
paulafcfranklin.synth_rosetta_3,16.089586,2.6234543,Peptide,False,
paulafcfranklin.synth_rosetta_4,17.927345,2.683685,Peptide,False,
paulafcfranklin.synth_rosetta_5,18.514109,2.4873264,Peptide,False,
paulafcfranklin.synth_rosetta_6,19.67939,2.4945793,Peptide,False,
paulafcfranklin.synth_rosetta_7,13.63921,2.7394783,Peptide,False,
paulafcfranklin.synth_rosetta_8,18.512804,2.3493502,Peptide,False,
paulafcfranklin.synth_rosetta_9,14.904878,3.0021474,Peptide,False,
praghava531.seq2,28.880468,21.826267,Other,False,
qilin_y.test4,21.45705,22.688295,Miniprotein,False,
qilin_y.test5,20.673912,22.216284,Miniprotein,False,
qilin_y.test6,22.31409,22.908758,Other,False,
qilin_y.test7,18.849564,23.353636,Peptide,False,
qilin_y.test8,6.3826356,22.67742,Peptide,False,
qxy615.s1_rfd_base_46_60,20.51967,24.22002,Miniprotein,False,
qxy615.s1_rfd_base_46_94,16.510874,21.125816,Miniprotein,False,
qxy615.s1_rfd_comp_beta_782_81,19.203516,22.157509,Miniprotein,False,
qy.qilin.yu.10-13-21_sample267_complex_42_complex,25.332096,23.083908,Peptide,False,
revoli.mutated_nab_5,21.892025,22.994366,Nanobody,False,
revoli.mutated_nab_8,21.738306,22.54347,Nanobody,False,
revoli.mutated_nab_9,26.90884,21.659065,Nanobody,False,
rohith.mohan.model_67_69_2,12.618461,23.286741,Miniprotein,False,
round1zeroshot.k5q_n70s_k71r_n73t_s87t_n88d_r179k_k183r_e213d_s214p,27.287088,2.6909368,scFv,True,Strong
s1995825.cotimed_egf_netsolp_usability_1,14.999572,3.1314394,Peptide,False,
s1995825.cotimed_egf_netsolp_usability_2,13.824168,2.6818678,Peptide,False,
s1995825.cotimed_egf_netsolp_usability_3,15.165513,2.5742936,Peptide,False,
s1995825.cotimed_egf_netsolp_usability_4,11.366873,3.0175269,Peptide,False,
s1995825.cotimed_egf_netsolp_usability_5,11.787489,2.6078794,Peptide,True,Weak
s1995825.cotimed_egf_netsolp_usability_6,13.7581625,2.960174,Peptide,False,
s1995825.cotimed_egf_netsolp_usability_7,14.459578,22.146185,Peptide,False,
s1995825.cotimed_egf_netsolp_usability_8,12.316149,3.117753,Peptide,False,
s1995825.timed_egf_netsolp_usability_consensus_1,12.352129,3.0348294,Peptide,False,
s1995825.timed_egf_netsolp_usability_consensus_2,13.140335,2.9123979,Peptide,False,
salireza111.seq119_3_001_8,19.916338,22.039528,Miniprotein,False,
salireza111.seq166_1_001_7,18.880054,21.617567,Miniprotein,False,
salireza111.seq166_3_002_4,17.796244,21.19707,Miniprotein,False,
salireza111.seq166_7_003_9,17.21985,21.615715,Miniprotein,False,
salireza111.seq206_1_001_6,19.320414,22.304798,Peptide,False,
silvia.toscani.b_egfr_6,14.104706,23.807535,Miniprotein,False,
spacecruiser42.d2_prompt_binder_t0.8_42,9.937002,22.84101,Miniprotein,False,
spacecruiser42.d2_prompt_binder_t0.8_88,5.3768826,23.905935,Miniprotein,False,
spacecruiser42.d2_prompt_binder_t1.0_139,6.9473224,22.753746,Miniprotein,False,
spacecruiser42.d2_prompt_binder_t1.0_22,9.0712385,22.855238,Miniprotein,False,
spacecruiser42.d2_prompt_binder_t1.0_37,6.6862197,23.461544,Miniprotein,False,
ssomani.17,24.079159,24.14945,Other,False,
stocco.filippo.1.3.3.18_13_0_iteration12_1.0279718223732435,14.9213295,23.545097,Peptide,False,
stocco.filippo.1.3.3.18_37_0_iteration3_1.024851931427025,14.278604,23.116932,Peptide,False,
stocco.filippo.1.3.3.18_40_0_iteration12_1.0321554292304749,14.188953,3.7303195,Peptide,True,Medium
stocco.filippo.1.3.3.18_4_2_iteration0_1.0407930462953479,13.421675,2.7972877,Peptide,True,Medium
stocco.filippo.1.3.3.18_51_2_iteration3_1.0356664070457622,11.940391,3.6299682,Peptide,False,
stocco.filippo.1.3.3.18_65_0_iteration3_1.028317065130863,12.83072,2.7381592,Peptide,True,Medium
tadaskluonis.cotimed_egf_bcseq_0,15.90093,3.89444,Peptide,False,
tadaskluonis.cotimed_egf_bcseq_1,8.635188,3.1348844,Peptide,False,
tadaskluonis.cotimed_egf_bcseq_2,13.662199,2.8920784,Peptide,False,
tadej.satler.egfr_binder_3,17.499252,23.328377,Other,False,
tarkhov.andrey.erithacus_rubecula_gigantus_1,32.990555,23.405844,Other,False,
tarkhov.andrey.erithacus_rubecula_gigantus_4,44.690376,22.352295,Other,False,
tarkhov.andrey.erithacus_rubecula_gigantus_7,38.314075,22.981913,Other,False,
tarkhov.andrey.erithacus_rubecula_gigantus_8,28.58961,2.7295325,Other,False,
tarkhov.andrey.erithacus_rubecula_gigantus_9,30.475943,24.495935,Other,False,
tiejun.wei.egfr_binder_design_208_dldesign_10_af2pred.pdb_a,15.138077,1.8972995,Miniprotein,False,
tim.silica_corpora_regions_sampled_epitope_0_generated_variant_6_rank_7_phase_2,30.169193,22.205423,Nanobody,False,
tim.silica_corpora_regions_sampled_epitope_2_generated_variant_8_rank_3_phase_2,29.051579,22.446812,Nanobody,False,
tim.silica_corpora_sampled_epitope_0_generated_variant_1_rank_8_phase_2,29.646618,22.80871,Nanobody,False,
tim.silica_corpora_sampled_epitope_0_generated_variant_8_rank_1_phase_2,28.936462,22.658957,Nanobody,False,
tim.silica_corpora_sampled_epitope_2_generated_variant_9_rank_6_phase_2,24.952637,20.650852,Nanobody,False,
toluwase.fatoki.toluwase_sequence3_119,26.916683,22.064108,Other,False,
toluwase.fatoki.toluwase_sequence4_148,25.527555,23.236223,Other,False,
toluwase.fatoki.toluwase_sequence6_112,23.099815,21.897497,Other,False,
wtj19921231.egfr_binder_design_208_dldesign_0_cycle1_run5_af2pred.pdb_a,13.782492,23.820627,Miniprotein,False,
x.rustamov.p_vhh_partial_1_32,25.858568,21.786297,Nanobody,False,
x.rustamov.traj_11_8_model_5_0,32.43568,22.536825,Nanobody,False,
x.rustamov.traj_4_8_model_1_5,30.137632,22.509832,Nanobody,False,
x.rustamov.traj_6_1_model_1_8,22.600863,22.901552,Nanobody,False,
x.rustamov.traj_9_8_model_1_0,25.812452,22.218603,Nanobody,False,
xiuming_li2015.eureka_seq_1,32.867493,4.8306603,scFv,False,
xiuming_li2015.eureka_seq_3,25.679646,2.988796,scFv,False,
xiuming_li2015.eureka_seq_4,27.077555,2.815242,scFv,False,
youngsuko2000.fast4,16.616577,3.1370082,Peptide,False,
youngsuko2000.last,15.742605,3.0898173,Peptide,False,
youngsuko2000.queen,16.443445,2.6316018,Peptide,True,Medium
z_peplib.pepseq_design_6,17.790676,24.248678,Peptide,False,
z_peplib.pepseq_design_8,20.501217,21.956585,Miniprotein,False,
z_peplib.pepseq_design_9,12.000424,21.697777,Peptide,False,
zalavi.shortrustamov_ggg_zalavi3,30.572596,21.138437,Other,False,
zalavi.zalavi3_ggg_shortpacesa,26.075546,23.385563,Other,False,
zalavi.zalavi3_mergedaltered_rustamov,30.054905,21.339748,Other,False,
zhoup1366.dbz1___a,20.572754,20.634367,Nanobody,False,
zhoup1366.dbz10___a,27.873373,22.535744,Nanobody,False,
zhoup1366.dbz6___a,20.155945,21.689806,Nanobody,False,
zhoup1366.dbz7___a,24.38347,23.524857,Nanobody,False,
zhoup1366.dbz8___a,25.207525,23.06263,Nanobody,False,
zulfatmi.pocket1pep78,8.619954,24.739254,Peptide,False,
zulfatmi.pocket2pep63,8.873874,23.324476,Peptide,False,
zulfatmi.pocket7pep42,5.9197392,23.21046,Peptide,False,
