name,iptm,ptm,fraction_disordered,ranking_score,chain_iptm,chain_pair_iptm,chain_ptm
paulafcfranklin.synth_rosetta_1,0.9,0.73,0.04,0.89,"[0.9, 0.9]","[[0.66, 0.9], [0.9, 0.71]]","[0.66, 0.71]"
merlettaia.seq0v3,0.13,0.6,0.02,0.23,"[0.13, 0.13]","[[0.78, 0.13], [0.13, 0.68]]","[0.78, 0.68]"
minji.lee.459,0.46,0.69,0.02,0.52,"[0.46, 0.46]","[[0.72, 0.46], [0.46, 0.72]]","[0.72, 0.72]"
spacecruiser42.d2_prompt_binder_t1.0_22,0.64,0.76,0.05,0.69,"[0.64, 0.64]","[[0.02, 0.64], [0.64, 0.77]]","[0.02, 0.77]"
deepsatflow.6aru_final_chain_a_domain_3_l147_s945609_mpnn1,0.91,0.77,0.02,0.89,"[0.91, 0.91]","[[0.87, 0.91], [0.91, 0.74]]","[0.87, 0.74]"
qxy615.s1_rfd_base_46_94,0.74,0.71,0.02,0.74,"[0.74, 0.74]","[[0.54, 0.74], [0.74, 0.7]]","[0.54, 0.7]"
youngsuko2000.ysar,0.89,0.75,0.02,0.88,"[0.89, 0.89]","[[0.65, 0.89], [0.89, 0.74]]","[0.65, 0.74]"
christoph.gruber.binder12_1,0.65,0.71,0.02,0.67,"[0.65, 0.65]","[[0.49, 0.65], [0.65, 0.71]]","[0.49, 0.71]"
merlettaia.seq52v3,0.15,0.61,0.02,0.25,"[0.15, 0.15]","[[0.79, 0.15], [0.15, 0.69]]","[0.79, 0.69]"
briannaughton.1_plus_2,0.62,0.65,0.04,0.64,"[0.62, 0.62]","[[0.51, 0.62], [0.62, 0.7]]","[0.51, 0.7]"
cchallacombe.4,0.16,0.63,0.02,0.26,"[0.16, 0.16]","[[0.8, 0.16], [0.16, 0.71]]","[0.8, 0.71]"
allongoldberg.4_44_14_refined_ideal,0.33,0.6,0.02,0.39,"[0.33, 0.33]","[[0.81, 0.33], [0.33, 0.66]]","[0.81, 0.66]"
tarkhov.andrey.erithacus_rubecula_gigantus_1,0.29,0.59,0.04,0.37,"[0.29, 0.29]","[[0.35, 0.29], [0.29, 0.7]]","[0.35, 0.7]"
paulafcfranklin.synth_rosetta_4,0.9,0.72,0.02,0.88,"[0.9, 0.9]","[[0.66, 0.9], [0.9, 0.7]]","[0.66, 0.7]"
klima.jason.8hgo_design_jt8s1_0_3_proteinmpnn_20,0.41,0.62,0.02,0.46,"[0.41, 0.41]","[[0.54, 0.41], [0.41, 0.69]]","[0.54, 0.69]"
amelie.schreiber.model_56_119_15,0.92,0.77,0.02,0.9,"[0.92, 0.92]","[[0.78, 0.92], [0.92, 0.75]]","[0.78, 0.75]"
chenceshi1105.steven_binder_design_l89_s48081_it100_mpnn4,0.92,0.78,0.02,0.9,"[0.92, 0.92]","[[0.83, 0.92], [0.92, 0.76]]","[0.83, 0.76]"
aswini.seed2_1,0.22,0.73,0.02,0.33,"[0.22, 0.22]","[[0.46, 0.22], [0.22, 0.76]]","[0.46, 0.76]"
x.rustamov.traj_4_8_model_1_5,0.14,0.6,0.02,0.24,"[0.14, 0.14]","[[0.83, 0.14], [0.14, 0.68]]","[0.83, 0.68]"
ccalia.paesani_lab_design9,0.58,0.6,0.06,0.61,"[0.58, 0.58]","[[0.35, 0.58], [0.58, 0.68]]","[0.35, 0.68]"
minji.lee.111,0.13,0.62,0.02,0.24,"[0.13, 0.13]","[[0.48, 0.13], [0.13, 0.66]]","[0.48, 0.66]"
a.tucs.andrejs_tucs_seq8,0.91,0.76,0.02,0.89,"[0.91, 0.91]","[[0.65, 0.91], [0.91, 0.74]]","[0.65, 0.74]"
merlettaia.seq70v3,0.15,0.61,0.02,0.25,"[0.15, 0.15]","[[0.81, 0.15], [0.15, 0.69]]","[0.81, 0.69]"
s1995825.cotimed_egf_netsolp_usability_8,0.85,0.69,0.03,0.83,"[0.85, 0.85]","[[0.63, 0.85], [0.85, 0.68]]","[0.63, 0.68]"
lhallee.lhallee_20_on_target_2000,0.28,0.76,0.05,0.4,"[0.28, 0.28]","[[0.03, 0.28], [0.28, 0.78]]","[0.03, 0.78]"
aureliabustos.wwt_noised_i_scaffold_shorted_var7524,0.94,0.77,0.02,0.91,"[0.94, 0.94]","[[0.67, 0.94], [0.94, 0.76]]","[0.67, 0.76]"
alex.naka.ivysaur,0.8,0.63,0.02,0.77,"[0.8, 0.8]","[[0.63, 0.8], [0.8, 0.61]]","[0.63, 0.61]"
huiyu.cai.h3_15_4373_h,0.14,0.61,0.02,0.24,"[0.14, 0.14]","[[0.86, 0.14], [0.14, 0.69]]","[0.86, 0.69]"
ccalia.paesani_lab_design2,0.57,0.62,0.02,0.59,"[0.57, 0.57]","[[0.35, 0.57], [0.57, 0.71]]","[0.35, 0.71]"
keaun.gwfgvvfkadiardsefvailesqgylssittfsgwnq,0.25,0.7,0.03,0.35,"[0.25, 0.25]","[[0.28, 0.25], [0.25, 0.73]]","[0.28, 0.73]"
salireza111.seq206_1_001_6,0.23,0.71,0.09,0.37,"[0.23, 0.23]","[[0.21, 0.23], [0.23, 0.74]]","[0.21, 0.74]"
cchallacombe.6,0.13,0.64,0.02,0.24,"[0.13, 0.13]","[[0.8, 0.13], [0.13, 0.72]]","[0.8, 0.72]"
zulfatmi.pocket2pep63,0.37,0.76,0.05,0.47,"[0.37, 0.37]","[[0.01, 0.37], [0.37, 0.77]]","[0.01, 0.77]"
junhee.park1999.egfr_binder_9,0.8,0.76,0.04,0.81,"[0.8, 0.8]","[[0.84, 0.8], [0.8, 0.74]]","[0.84, 0.74]"
huiyu.cai.h3_15_2847_h,0.14,0.64,0.02,0.25,"[0.14, 0.14]","[[0.83, 0.14], [0.14, 0.72]]","[0.83, 0.72]"
aureliabustos.wwt_noised_i_scaffold_shorted_var9391,0.93,0.74,0.02,0.9,"[0.93, 0.93]","[[0.67, 0.93], [0.93, 0.72]]","[0.67, 0.72]"
duynth29.duy_l111_mpnn14_l80m_l42m,0.94,0.77,0.02,0.91,"[0.94, 0.94]","[[0.85, 0.94], [0.94, 0.75]]","[0.85, 0.75]"
merlettaia.seq6v4,0.26,0.63,0.02,0.35,"[0.26, 0.26]","[[0.83, 0.26], [0.26, 0.7]]","[0.83, 0.7]"
lhallee.lhallee_128_driveid_3_4,0.16,0.65,0.04,0.28,"[0.16, 0.16]","[[0.15, 0.16], [0.16, 0.73]]","[0.15, 0.73]"
noah.holzleitner.noah_egfr-binder_4,0.88,0.75,0.02,0.86,"[0.88, 0.88]","[[0.7, 0.88], [0.88, 0.75]]","[0.7, 0.75]"
paulafcfranklin.synth_rosetta_9,0.87,0.73,0.04,0.86,"[0.87, 0.87]","[[0.65, 0.87], [0.87, 0.71]]","[0.65, 0.71]"
xiuming_li2015.eureka_seq_1,0.87,0.8,0.03,0.87,"[0.87, 0.87]","[[0.87, 0.87], [0.87, 0.76]]","[0.87, 0.76]"
christoph.gruber.upperbinder_scaffold3_lowerbinder,0.85,0.54,0.05,0.82,"[0.85, 0.85]","[[0.69, 0.85], [0.85, 0.59]]","[0.69, 0.59]"
joel.rf_diffusion_trim_3,0.18,0.66,0.04,0.3,"[0.18, 0.18]","[[0.53, 0.18], [0.18, 0.72]]","[0.53, 0.72]"
jude.wells.21.panitumumab_fused_trimmed_task_12_iter_123,0.83,0.78,0.02,0.83,"[0.83, 0.83]","[[0.83, 0.83], [0.83, 0.75]]","[0.83, 0.75]"
stocco.filippo.1.3.3.18_13_0_iteration12_1.0279718223732435,0.79,0.64,0.02,0.77,"[0.79, 0.79]","[[0.59, 0.79], [0.79, 0.64]]","[0.59, 0.64]"
nhaas.4,0.15,0.56,0.03,0.25,"[0.15, 0.15]","[[0.83, 0.15], [0.15, 0.69]]","[0.83, 0.69]"
s1995825.cotimed_egf_netsolp_usability_2,0.9,0.76,0.03,0.88,"[0.9, 0.9]","[[0.65, 0.9], [0.9, 0.74]]","[0.65, 0.74]"
minji.lee.3458,0.13,0.62,0.02,0.24,"[0.13, 0.13]","[[0.57, 0.13], [0.13, 0.68]]","[0.57, 0.68]"
kerrding.seq8,0.86,0.73,0.03,0.84,"[0.86, 0.86]","[[0.64, 0.86], [0.86, 0.71]]","[0.64, 0.71]"
julie.ryfqy,0.58,0.72,0.02,0.62,"[0.58, 0.58]","[[0.71, 0.58], [0.58, 0.72]]","[0.71, 0.72]"
keaun.gwfgvvfkadiagvsekvaielsggyegslttpsgwnq,0.16,0.7,0.08,0.31,"[0.16, 0.16]","[[0.09, 0.16], [0.16, 0.73]]","[0.09, 0.73]"
junhee.park1999.egfr_binder_6,0.75,0.74,0.04,0.76,"[0.75, 0.75]","[[0.84, 0.75], [0.75, 0.73]]","[0.84, 0.73]"
darius.szablowski.egfr_binder_2___ggggs_3_linked_top_binders_1_and_2,0.35,0.6,0.04,0.42,"[0.35, 0.35]","[[0.45, 0.35], [0.35, 0.69]]","[0.45, 0.69]"
stocco.filippo.1.3.3.18_65_0_iteration3_1.028317065130863,0.89,0.81,0.03,0.89,"[0.89, 0.89]","[[0.61, 0.89], [0.89, 0.8]]","[0.61, 0.8]"
spacecruiser42.d2_prompt_binder_t0.8_88,0.48,0.77,0.05,0.56,"[0.48, 0.48]","[[0.02, 0.48], [0.48, 0.78]]","[0.02, 0.78]"
duynth29.l88_mpnn5,0.93,0.77,0.02,0.91,"[0.93, 0.93]","[[0.78, 0.93], [0.93, 0.76]]","[0.78, 0.76]"
julian.faust.pimurutamab_mpnn_17_scfv,0.85,0.79,0.04,0.86,"[0.85, 0.85]","[[0.85, 0.85], [0.85, 0.75]]","[0.85, 0.75]"
s1995825.cotimed_egf_netsolp_usability_7,0.16,0.7,0.02,0.28,"[0.16, 0.16]","[[0.53, 0.16], [0.16, 0.73]]","[0.53, 0.73]"
tim.silica_corpora_sampled_epitope_0_generated_variant_1_rank_8_phase_2,0.11,0.63,0.02,0.22,"[0.11, 0.11]","[[0.84, 0.11], [0.11, 0.72]]","[0.84, 0.72]"
a.tucs.andrejs_tucs_seq3,0.92,0.75,0.02,0.9,"[0.92, 0.92]","[[0.65, 0.92], [0.92, 0.73]]","[0.65, 0.73]"
aswini.seed1,0.19,0.72,0.02,0.31,"[0.19, 0.19]","[[0.28, 0.19], [0.19, 0.76]]","[0.28, 0.76]"
elian.elian2,0.87,0.78,0.02,0.86,"[0.87, 0.87]","[[0.7, 0.87], [0.87, 0.76]]","[0.7, 0.76]"
aureliabustos.bce_var464,0.93,0.78,0.03,0.92,"[0.93, 0.93]","[[0.68, 0.93], [0.93, 0.77]]","[0.68, 0.77]"
qxy615.s1_rfd_base_46_60,0.26,0.67,0.02,0.35,"[0.26, 0.26]","[[0.58, 0.26], [0.26, 0.71]]","[0.58, 0.71]"
antorsae.ta_5_2,0.25,0.72,0.02,0.35,"[0.25, 0.25]","[[0.43, 0.25], [0.25, 0.74]]","[0.43, 0.74]"
lennart.nickel.egfr_l98_s70756_mpnn3,0.88,0.77,0.02,0.86,"[0.88, 0.88]","[[0.72, 0.88], [0.88, 0.76]]","[0.72, 0.76]"
aureliabustos.wwt_noised_i_scaffold_shorted_var6640,0.94,0.75,0.02,0.91,"[0.94, 0.94]","[[0.67, 0.94], [0.94, 0.73]]","[0.67, 0.73]"
gitter.yolo46,0.89,0.75,0.02,0.88,"[0.89, 0.89]","[[0.67, 0.89], [0.89, 0.75]]","[0.67, 0.75]"
dre.lgdl_egfr_001,0.16,0.75,0.07,0.32,"[0.16, 0.16]","[[0.09, 0.16], [0.16, 0.78]]","[0.09, 0.78]"
paulafcfranklin.synth_rosetta_3,0.89,0.74,0.04,0.88,"[0.89, 0.89]","[[0.66, 0.89], [0.89, 0.72]]","[0.66, 0.72]"
flowuenne.nf-proteindesign_design7,0.21,0.7,0.07,0.34,"[0.21, 0.21]","[[0.32, 0.21], [0.21, 0.73]]","[0.32, 0.73]"
spacecruiser42.d2_prompt_binder_t0.8_42,0.41,0.76,0.05,0.51,"[0.41, 0.41]","[[0.02, 0.41], [0.41, 0.77]]","[0.02, 0.77]"
z_peplib.pepseq_design_9,0.21,0.71,0.09,0.36,"[0.21, 0.21]","[[0.19, 0.21], [0.21, 0.74]]","[0.19, 0.74]"
begonia.sp.13.egfr_l61_s456546_mpnn1_model1,0.85,0.76,0.02,0.84,"[0.85, 0.85]","[[0.69, 0.85], [0.85, 0.76]]","[0.69, 0.76]"
s1995825.cotimed_egf_netsolp_usability_3,0.89,0.75,0.03,0.88,"[0.89, 0.89]","[[0.64, 0.89], [0.89, 0.74]]","[0.64, 0.74]"
jvogt4.vogt_scfv_2143,0.26,0.57,0.04,0.34,"[0.26, 0.26]","[[0.83, 0.26], [0.26, 0.69]]","[0.83, 0.69]"
jvogt4.vogt_scfv_2279,0.31,0.56,0.04,0.38,"[0.31, 0.31]","[[0.84, 0.31], [0.31, 0.67]]","[0.84, 0.67]"
tim.silica_corpora_sampled_epitope_0_generated_variant_8_rank_1_phase_2,0.35,0.66,0.02,0.42,"[0.35, 0.35]","[[0.81, 0.35], [0.35, 0.71]]","[0.81, 0.71]"
begonia.sp.13.egfr_l88_s11832_mpnn1_model2,0.9,0.77,0.02,0.88,"[0.9, 0.9]","[[0.75, 0.9], [0.9, 0.75]]","[0.75, 0.75]"
aswinijavadi160197.8_a,0.16,0.66,0.02,0.27,"[0.16, 0.16]","[[0.73, 0.16], [0.16, 0.73]]","[0.73, 0.73]"
xiuming_li2015.eureka_seq_4,0.87,0.79,0.03,0.87,"[0.87, 0.87]","[[0.87, 0.87], [0.87, 0.76]]","[0.87, 0.76]"
mosquitolkfo.nab_design_1,0.86,0.78,0.02,0.85,"[0.86, 0.86]","[[0.84, 0.86], [0.86, 0.77]]","[0.84, 0.77]"
klima.jason.8hgo_design_8gswy_1_2,0.19,0.63,0.02,0.29,"[0.19, 0.19]","[[0.29, 0.19], [0.19, 0.7]]","[0.29, 0.7]"
chuh.egfr_seg2_l58_s53469_mpnn1,0.94,0.76,0.02,0.92,"[0.94, 0.94]","[[0.71, 0.94], [0.94, 0.75]]","[0.71, 0.75]"
ccalia.paesani_lab_design8,0.65,0.64,0.03,0.67,"[0.65, 0.65]","[[0.37, 0.65], [0.65, 0.71]]","[0.37, 0.71]"
zulfatmi.pocket1pep78,0.3,0.74,0.05,0.41,"[0.3, 0.3]","[[0.01, 0.3], [0.3, 0.74]]","[0.01, 0.74]"
darius.szablowski.egfr_binder_5___ggggs_3_linked_top_binders_1_and_2_efficiently_evolved_and_sapiens_evolved,0.25,0.6,0.05,0.34,"[0.25, 0.25]","[[0.38, 0.25], [0.25, 0.69]]","[0.38, 0.69]"
akash.arunabharathi.design8,0.14,0.61,0.05,0.26,"[0.14, 0.14]","[[0.34, 0.14], [0.14, 0.71]]","[0.34, 0.71]"
x.rustamov.traj_11_8_model_5_0,0.21,0.62,0.02,0.3,"[0.21, 0.21]","[[0.79, 0.21], [0.21, 0.69]]","[0.79, 0.69]"
cameron.kroll.gertrude_gen5,0.19,0.6,0.02,0.28,"[0.19, 0.19]","[[0.81, 0.19], [0.19, 0.69]]","[0.81, 0.69]"
zhoup1366.dbz6___a,0.29,0.63,0.02,0.37,"[0.29, 0.29]","[[0.84, 0.29], [0.29, 0.7]]","[0.84, 0.7]"
colby.tupegfr_010___anti-egfr_fv-like_protein_diffused_with_evodiff,0.16,0.57,0.01,0.25,"[0.16, 0.16]","[[0.45, 0.16], [0.16, 0.71]]","[0.45, 0.71]"
stocco.filippo.1.3.3.18_51_2_iteration3_1.0356664070457622,0.92,0.77,0.02,0.9,"[0.92, 0.92]","[[0.63, 0.92], [0.92, 0.75]]","[0.63, 0.75]"
jvogt4.vogt_scfv_2009,0.15,0.54,0.03,0.24,"[0.15, 0.15]","[[0.84, 0.15], [0.15, 0.67]]","[0.84, 0.67]"
alecl.relaxeda,0.52,0.57,0.02,0.54,"[0.52, 0.52]","[[0.58, 0.52], [0.52, 0.57]]","[0.58, 0.57]"
724928537.dbz7___a,0.23,0.63,0.02,0.32,"[0.23, 0.23]","[[0.82, 0.23], [0.23, 0.7]]","[0.82, 0.7]"
toluwase.fatoki.toluwase_sequence6_112,0.15,0.65,0.03,0.26,"[0.15, 0.15]","[[0.19, 0.15], [0.15, 0.73]]","[0.19, 0.73]"
ssomani.17,0.41,0.66,0.02,0.47,"[0.41, 0.41]","[[0.73, 0.41], [0.41, 0.72]]","[0.73, 0.72]"
gitter.yolo48,0.92,0.77,0.02,0.9,"[0.92, 0.92]","[[0.74, 0.92], [0.92, 0.76]]","[0.74, 0.76]"
nhaas.6,0.12,0.55,0.03,0.23,"[0.12, 0.12]","[[0.84, 0.12], [0.12, 0.69]]","[0.84, 0.69]"
nhaas.3,0.29,0.6,0.03,0.37,"[0.29, 0.29]","[[0.84, 0.29], [0.29, 0.73]]","[0.84, 0.73]"
a.tucs.andrejs_tucs_seq6,0.86,0.75,0.03,0.85,"[0.86, 0.86]","[[0.58, 0.86], [0.86, 0.75]]","[0.58, 0.75]"
martin.egfr_l165_s31019_mpnn3,0.71,0.72,0.02,0.72,"[0.71, 0.71]","[[0.82, 0.71], [0.71, 0.73]]","[0.82, 0.73]"
724928537.dbz8___a,0.22,0.6,0.02,0.3,"[0.22, 0.22]","[[0.82, 0.22], [0.22, 0.67]]","[0.82, 0.67]"
chrisxushaoyong.hu_nano1_3_eef94e,0.18,0.61,0.02,0.27,"[0.18, 0.18]","[[0.84, 0.18], [0.18, 0.69]]","[0.84, 0.69]"
x.rustamov.p_vhh_partial_1_32,0.18,0.64,0.02,0.28,"[0.18, 0.18]","[[0.85, 0.18], [0.18, 0.72]]","[0.85, 0.72]"
amirm.mhosseini.seq4,0.84,0.69,0.02,0.82,"[0.84, 0.84]","[[0.62, 0.84], [0.84, 0.69]]","[0.62, 0.69]"
cchallacombe.1,0.14,0.63,0.02,0.24,"[0.14, 0.14]","[[0.78, 0.14], [0.14, 0.72]]","[0.78, 0.72]"
coreyhowe99.corey82,0.94,0.77,0.02,0.91,"[0.94, 0.94]","[[0.66, 0.94], [0.94, 0.77]]","[0.66, 0.77]"
antorsae.ta_4_4,0.27,0.72,0.02,0.37,"[0.27, 0.27]","[[0.42, 0.27], [0.27, 0.74]]","[0.42, 0.74]"
cameron.kroll.gertrude_gen3_s69d_n61e,0.24,0.61,0.02,0.32,"[0.24, 0.24]","[[0.81, 0.24], [0.24, 0.69]]","[0.81, 0.69]"
qy.qilin.yu.10-13-21_sample267_complex_42_complex,0.46,0.7,0.02,0.52,"[0.46, 0.46]","[[0.69, 0.46], [0.46, 0.72]]","[0.69, 0.72]"
markus.braun.egfr_binder_8,0.91,0.81,0.01,0.89,"[0.91, 0.91]","[[0.84, 0.91], [0.91, 0.75]]","[0.84, 0.75]"
biolucasmachado.engineered_binder_7,0.87,0.76,0.04,0.86,"[0.87, 0.87]","[[0.69, 0.87], [0.87, 0.74]]","[0.69, 0.74]"
briannaughton.2_plus_1,0.64,0.67,0.03,0.66,"[0.64, 0.64]","[[0.54, 0.64], [0.64, 0.7]]","[0.54, 0.7]"
kerrding.seq6,0.86,0.74,0.03,0.85,"[0.86, 0.86]","[[0.66, 0.86], [0.86, 0.72]]","[0.66, 0.72]"
tim.silica_corpora_regions_sampled_epitope_0_generated_variant_6_rank_7_phase_2,0.14,0.62,0.02,0.24,"[0.14, 0.14]","[[0.8, 0.14], [0.14, 0.7]]","[0.8, 0.7]"
maxall4.egfr_ed_binder_l134_s906486_mpnn2_model1_unrelaxed_rank_001_alphafold2_multimer_v3_model_1_seed_000_top1_mutation_g108s_round1_y80d_chain_a,0.89,0.77,0.02,0.87,"[0.89, 0.89]","[[0.82, 0.89], [0.89, 0.75]]","[0.82, 0.75]"
kerrding.seq5,0.85,0.72,0.03,0.84,"[0.85, 0.85]","[[0.65, 0.85], [0.85, 0.71]]","[0.65, 0.71]"
biolucasmachado.engineered_binder_2,0.35,0.71,0.04,0.44,"[0.35, 0.35]","[[0.54, 0.35], [0.35, 0.75]]","[0.54, 0.75]"
s1995825.cotimed_egf_netsolp_usability_5,0.89,0.74,0.03,0.88,"[0.89, 0.89]","[[0.64, 0.89], [0.89, 0.72]]","[0.64, 0.72]"
binom16.pocket2pep89,0.46,0.75,0.05,0.54,"[0.46, 0.46]","[[0.02, 0.46], [0.46, 0.76]]","[0.02, 0.76]"
alex.naka.charmeleon,0.88,0.76,0.02,0.86,"[0.88, 0.88]","[[0.57, 0.88], [0.88, 0.76]]","[0.57, 0.76]"
nitesh.mishra3.stepwise_egf_based_egfr_binder_3,0.17,0.71,0.02,0.29,"[0.17, 0.17]","[[0.54, 0.17], [0.17, 0.74]]","[0.54, 0.74]"
alejandro.corrochano-navarro.eng_scfv_binder_3,0.81,0.77,0.03,0.81,"[0.81, 0.81]","[[0.86, 0.81], [0.81, 0.75]]","[0.86, 0.75]"
keaun.gwfgvvfkadiarvsefvaiglstgplgsestfsiwrq,0.21,0.71,0.03,0.32,"[0.21, 0.21]","[[0.14, 0.21], [0.21, 0.74]]","[0.14, 0.74]"
salireza111.seq166_3_002_4,0.42,0.67,0.02,0.48,"[0.42, 0.42]","[[0.56, 0.42], [0.42, 0.68]]","[0.56, 0.68]"
cetuximab_scfv,0.89,0.8,0.03,0.88,"[0.89, 0.89]","[[0.86, 0.89], [0.89, 0.76]]","[0.86, 0.76]"
julian.faust.becotatugxpimurutamab_scfv,0.88,0.8,0.04,0.88,"[0.88, 0.88]","[[0.85, 0.88], [0.88, 0.76]]","[0.85, 0.76]"
akash.arunabharathi.design4,0.16,0.62,0.05,0.27,"[0.16, 0.16]","[[0.35, 0.16], [0.16, 0.71]]","[0.35, 0.71]"
mosquitolkfo.nab_design_3,0.82,0.76,0.02,0.82,"[0.82, 0.82]","[[0.84, 0.82], [0.82, 0.74]]","[0.84, 0.74]"
allongoldberg.3_52_10_refined_ideal,0.27,0.69,0.02,0.36,"[0.27, 0.27]","[[0.53, 0.27], [0.27, 0.72]]","[0.53, 0.72]"
huiyu.cai.h3_15_3351_h,0.14,0.63,0.02,0.25,"[0.14, 0.14]","[[0.84, 0.14], [0.14, 0.71]]","[0.84, 0.71]"
baptiste.roelens.ognk,0.93,0.76,0.02,0.9,"[0.93, 0.93]","[[0.72, 0.93], [0.93, 0.76]]","[0.72, 0.76]"
tadaskluonis.cotimed_egf_bcseq_2,0.88,0.75,0.03,0.87,"[0.88, 0.88]","[[0.65, 0.88], [0.88, 0.74]]","[0.65, 0.74]"
elian.elian1,0.9,0.78,0.02,0.89,"[0.9, 0.9]","[[0.72, 0.9], [0.9, 0.76]]","[0.72, 0.76]"
rohith.mohan.model_67_69_2,0.48,0.73,0.02,0.54,"[0.48, 0.48]","[[0.4, 0.48], [0.48, 0.76]]","[0.4, 0.76]"
paulafcfranklin.synth_rosetta_6,0.87,0.74,0.04,0.86,"[0.87, 0.87]","[[0.64, 0.87], [0.87, 0.72]]","[0.64, 0.72]"
biolucasmachado.engineered_binder_6,0.87,0.77,0.03,0.87,"[0.87, 0.87]","[[0.67, 0.87], [0.87, 0.75]]","[0.67, 0.75]"
antorsae.ta_4_5,0.31,0.71,0.02,0.4,"[0.31, 0.31]","[[0.4, 0.31], [0.31, 0.73]]","[0.4, 0.73]"
biolucasmachado.engineered_binder_5,0.93,0.77,0.03,0.91,"[0.93, 0.93]","[[0.69, 0.93], [0.93, 0.76]]","[0.69, 0.76]"
jvogt4.vogt_scfv_0128,0.52,0.65,0.04,0.56,"[0.52, 0.52]","[[0.85, 0.52], [0.52, 0.7]]","[0.85, 0.7]"
joaosartori2.c1,0.87,0.74,0.04,0.86,"[0.87, 0.87]","[[0.64, 0.87], [0.87, 0.72]]","[0.64, 0.72]"
kurumida.yoichi.mg_05,0.88,0.75,0.02,0.86,"[0.88, 0.88]","[[0.57, 0.88], [0.88, 0.74]]","[0.57, 0.74]"
nicholas-schnicker.schnick_04,0.88,0.77,0.02,0.87,"[0.88, 0.88]","[[0.77, 0.88], [0.88, 0.76]]","[0.77, 0.76]"
youngsuko2000.fast4,0.88,0.85,0.03,0.89,"[0.88, 0.88]","[[0.64, 0.88], [0.88, 0.84]]","[0.64, 0.84]"
christoph.gruber.upperbinder_scaffold1_lowerbinder,0.69,0.48,0.03,0.66,"[0.69, 0.69]","[[0.64, 0.69], [0.69, 0.53]]","[0.64, 0.53]"
lennart.nickel.egfr_l179_s82283_mpnn1,0.87,0.78,0.02,0.86,"[0.87, 0.87]","[[0.79, 0.87], [0.87, 0.75]]","[0.79, 0.75]"
ccalia.paesani_lab_design3,0.58,0.62,0.06,0.62,"[0.58, 0.58]","[[0.34, 0.58], [0.58, 0.71]]","[0.34, 0.71]"
zalavi.zalavi3_mergedaltered_rustamov,0.59,0.61,0.01,0.6,"[0.59, 0.59]","[[0.62, 0.59], [0.59, 0.61]]","[0.62, 0.61]"
zhoup1366.dbz7___a,0.14,0.63,0.02,0.24,"[0.14, 0.14]","[[0.83, 0.14], [0.14, 0.71]]","[0.83, 0.71]"
x.rustamov.traj_9_8_model_1_0,0.13,0.6,0.01,0.23,"[0.13, 0.13]","[[0.83, 0.13], [0.13, 0.68]]","[0.83, 0.68]"
jude.wells.21.6b3s_necitumumab_fused_trimmed_task_211_iter_150,0.87,0.8,0.02,0.86,"[0.87, 0.87]","[[0.86, 0.87], [0.87, 0.77]]","[0.86, 0.77]"
qilin_y.test5,0.21,0.64,0.02,0.31,"[0.21, 0.21]","[[0.72, 0.21], [0.21, 0.7]]","[0.72, 0.7]"
joaosartori2.c4,0.79,0.7,0.03,0.78,"[0.79, 0.79]","[[0.57, 0.79], [0.79, 0.69]]","[0.57, 0.69]"
maxall4.egfr_ed_binder_l132_s581930_mpnn1_model1_unrelaxed_rank_001_alphafold2_multimer_v3_model_1_seed_000_top1_mutation_r79a_round1_chain_a,0.89,0.77,0.02,0.87,"[0.89, 0.89]","[[0.82, 0.89], [0.89, 0.74]]","[0.82, 0.74]"
keaun.gafpvvfkadiarvsefvaigpstgylgslttmsgvnq,0.18,0.73,0.08,0.33,"[0.18, 0.18]","[[0.12, 0.18], [0.18, 0.76]]","[0.12, 0.76]"
christoph.gruber.upperbinder_xten_lowerbinder,0.59,0.69,0.11,0.67,"[0.59, 0.59]","[[0.26, 0.59], [0.59, 0.72]]","[0.26, 0.72]"
ccalia.paesani_lab_design1,0.61,0.62,0.03,0.62,"[0.61, 0.61]","[[0.35, 0.61], [0.61, 0.71]]","[0.35, 0.71]"
stocco.filippo.1.3.3.18_40_0_iteration12_1.0321554292304749,0.9,0.76,0.02,0.88,"[0.9, 0.9]","[[0.64, 0.9], [0.9, 0.74]]","[0.64, 0.74]"
salireza111.seq166_7_003_9,0.59,0.7,0.02,0.62,"[0.59, 0.59]","[[0.58, 0.59], [0.59, 0.71]]","[0.58, 0.71]"
christoph.gruber.upperbinder_scaffold2_lowerbinder,0.6,0.53,0.06,0.62,"[0.6, 0.6]","[[0.6, 0.6], [0.6, 0.6]]","[0.6, 0.6]"
enzo.morro.design_0_n_0_mpnn_1.117_plddt_0.713_i_ptm_0.082_i_pae_27.542_rmsd_25.669,0.22,0.59,0.02,0.3,"[0.22, 0.22]","[[0.7, 0.22], [0.22, 0.68]]","[0.7, 0.68]"
jakublala.epitope_1_20aa.pdb,0.33,0.76,0.05,0.44,"[0.33, 0.33]","[[0.02, 0.33], [0.33, 0.77]]","[0.02, 0.77]"
enzo.morro.design_0_n_1_mpnn_1.085_plddt_0.817_i_ptm_0.076_i_pae_28.084_rmsd_25.372,0.14,0.55,0.02,0.23,"[0.14, 0.14]","[[0.59, 0.14], [0.14, 0.64]]","[0.59, 0.64]"
jakublala.full_dibinder_45aa.pdb,0.42,0.73,0.06,0.52,"[0.42, 0.42]","[[0.33, 0.42], [0.42, 0.75]]","[0.33, 0.75]"
antorsae.ta525_0_0,0.89,0.77,0.02,0.87,"[0.89, 0.89]","[[0.55, 0.89], [0.89, 0.76]]","[0.55, 0.76]"
amelie.schreiber.model_60_151_9,0.79,0.73,0.02,0.79,"[0.79, 0.79]","[[0.59, 0.79], [0.79, 0.74]]","[0.59, 0.74]"
stocco.filippo.1.3.3.18_37_0_iteration3_1.024851931427025,0.88,0.76,0.02,0.87,"[0.88, 0.88]","[[0.57, 0.88], [0.88, 0.76]]","[0.57, 0.76]"
tim.silica_corpora_regions_sampled_epitope_2_generated_variant_8_rank_3_phase_2,0.2,0.65,0.02,0.3,"[0.2, 0.2]","[[0.8, 0.2], [0.2, 0.73]]","[0.8, 0.73]"
alex.naka.blastoise,0.89,0.75,0.03,0.87,"[0.89, 0.89]","[[0.65, 0.89], [0.89, 0.74]]","[0.65, 0.74]"
binom16.pocket2pep86,0.37,0.78,0.05,0.48,"[0.37, 0.37]","[[0.01, 0.37], [0.37, 0.79]]","[0.01, 0.79]"
begonia.sp.13.egfr_l110_s478327_mpnn7_model2,0.91,0.76,0.02,0.89,"[0.91, 0.91]","[[0.8, 0.91], [0.91, 0.74]]","[0.8, 0.74]"
allongoldberg.3_52_1_refined,0.68,0.7,0.02,0.69,"[0.68, 0.68]","[[0.64, 0.68], [0.68, 0.71]]","[0.64, 0.71]"
huiyu.cai.h3_15_2431_h,0.15,0.64,0.02,0.26,"[0.15, 0.15]","[[0.83, 0.15], [0.15, 0.72]]","[0.83, 0.72]"
amelie.schreiber.model_83_156_16,0.9,0.77,0.02,0.89,"[0.9, 0.9]","[[0.77, 0.9], [0.9, 0.75]]","[0.77, 0.75]"
briannaughton.1_plus_egfr,0.64,0.69,0.05,0.67,"[0.64, 0.64]","[[0.61, 0.64], [0.64, 0.7]]","[0.61, 0.7]"
lhallee.lhallee_40_full_driveid_8_9,0.21,0.72,0.08,0.35,"[0.21, 0.21]","[[0.22, 0.21], [0.21, 0.74]]","[0.22, 0.74]"
x.rustamov.traj_6_1_model_1_8,0.31,0.65,0.02,0.39,"[0.31, 0.31]","[[0.81, 0.31], [0.31, 0.71]]","[0.81, 0.71]"
julie.jg26n,0.92,0.76,0.02,0.9,"[0.92, 0.92]","[[0.7, 0.92], [0.92, 0.74]]","[0.7, 0.74]"
human_egf,0.86,0.75,0.03,0.86,"[0.86, 0.86]","[[0.63, 0.86], [0.86, 0.73]]","[0.63, 0.73]"
lennart.nickel.egfr_l114_s69310_mpnn7,0.81,0.72,0.02,0.8,"[0.81, 0.81]","[[0.76, 0.81], [0.81, 0.72]]","[0.76, 0.72]"
youngsuko2000.last,0.86,0.76,0.04,0.86,"[0.86, 0.86]","[[0.64, 0.86], [0.86, 0.74]]","[0.64, 0.74]"
zhoup1366.dbz8___a,0.11,0.63,0.02,0.23,"[0.11, 0.11]","[[0.84, 0.11], [0.11, 0.71]]","[0.84, 0.71]"
huiyu.cai.h3_15_877_h,0.14,0.61,0.02,0.24,"[0.14, 0.14]","[[0.86, 0.14], [0.14, 0.69]]","[0.86, 0.69]"
tadaskluonis.cotimed_egf_bcseq_1,0.9,0.8,0.03,0.9,"[0.9, 0.9]","[[0.66, 0.9], [0.9, 0.79]]","[0.66, 0.79]"
alan.blakely.12_3,0.7,0.71,0.07,0.73,"[0.7, 0.7]","[[0.55, 0.7], [0.7, 0.73]]","[0.55, 0.73]"
a.tucs.andrejs_tucs_seq4,0.92,0.75,0.03,0.9,"[0.92, 0.92]","[[0.63, 0.92], [0.92, 0.73]]","[0.63, 0.73]"
martin.egfr_l121_s46924_mpnn18,0.87,0.76,0.02,0.86,"[0.87, 0.87]","[[0.78, 0.87], [0.87, 0.75]]","[0.78, 0.75]"
qilin_y.test6,0.23,0.64,0.02,0.32,"[0.23, 0.23]","[[0.51, 0.23], [0.23, 0.69]]","[0.51, 0.69]"
niklas.7a72d922-1677-4fc8-9315-d7996ba05d8e_l150_s530325711_mpnn12,0.29,0.6,0.02,0.36,"[0.29, 0.29]","[[0.84, 0.29], [0.29, 0.67]]","[0.84, 0.67]"
lhallee.lhallee_40_target_driveid_10,0.22,0.73,0.08,0.36,"[0.22, 0.22]","[[0.13, 0.22], [0.22, 0.76]]","[0.13, 0.76]"
youngsuko2000.queen,0.86,0.75,0.04,0.86,"[0.86, 0.86]","[[0.62, 0.86], [0.86, 0.74]]","[0.62, 0.74]"
alecl.unrelaxeda,0.89,0.67,0.03,0.86,"[0.89, 0.89]","[[0.65, 0.89], [0.89, 0.65]]","[0.65, 0.65]"
lennart.nickel.egfr_l170_s20625_mpnn10,0.88,0.77,0.02,0.87,"[0.88, 0.88]","[[0.82, 0.88], [0.88, 0.74]]","[0.82, 0.74]"
bundit.b_s18.manbaritone_seq3_egfr-binder-70-100_beta_303_dldesign_6_lenght71,0.93,0.77,0.02,0.91,"[0.93, 0.93]","[[0.78, 0.93], [0.93, 0.75]]","[0.78, 0.75]"
lyu.3,0.91,0.78,0.02,0.89,"[0.91, 0.91]","[[0.76, 0.91], [0.91, 0.76]]","[0.76, 0.76]"
alessio.daddio.ad_1,0.92,0.79,0.03,0.91,"[0.92, 0.92]","[[0.74, 0.92], [0.92, 0.76]]","[0.74, 0.76]"
revoli.mutated_nab_8,0.12,0.61,0.02,0.23,"[0.12, 0.12]","[[0.84, 0.12], [0.12, 0.69]]","[0.84, 0.69]"
nitesh.mishra3.stepwise_scaffold_egfr_binder_6,0.85,0.76,0.02,0.84,"[0.85, 0.85]","[[0.59, 0.85], [0.85, 0.76]]","[0.59, 0.76]"
karmanyaaggarwal.ds003076,0.36,0.63,0.02,0.42,"[0.36, 0.36]","[[0.86, 0.36], [0.36, 0.68]]","[0.86, 0.68]"
biolucasmachado.engineered_binder_4,0.89,0.77,0.04,0.89,"[0.89, 0.89]","[[0.66, 0.89], [0.89, 0.76]]","[0.66, 0.76]"
fernando.meireles.design_hybrid_partial_diff_7_1_binder,0.27,0.63,0.02,0.35,"[0.27, 0.27]","[[0.47, 0.27], [0.27, 0.69]]","[0.47, 0.69]"
724928537.dbz6___a,0.15,0.61,0.02,0.25,"[0.15, 0.15]","[[0.82, 0.15], [0.15, 0.69]]","[0.82, 0.69]"
lyu.2,0.91,0.78,0.02,0.89,"[0.91, 0.91]","[[0.75, 0.91], [0.91, 0.75]]","[0.75, 0.75]"
antorsae.ta_5_3,0.27,0.72,0.02,0.37,"[0.27, 0.27]","[[0.42, 0.27], [0.27, 0.73]]","[0.42, 0.73]"
alex.naka.charizard,0.88,0.78,0.02,0.87,"[0.88, 0.88]","[[0.54, 0.88], [0.88, 0.77]]","[0.54, 0.77]"
amirm.mhosseini.seq9,0.82,0.69,0.02,0.8,"[0.82, 0.82]","[[0.63, 0.82], [0.82, 0.69]]","[0.63, 0.69]"
klima.jason.8hgo_design_94eja_1_5,0.11,0.63,0.05,0.24,"[0.11, 0.11]","[[0.31, 0.11], [0.11, 0.71]]","[0.31, 0.71]"
toluwase.fatoki.toluwase_sequence3_119,0.16,0.66,0.07,0.29,"[0.16, 0.16]","[[0.14, 0.16], [0.16, 0.74]]","[0.14, 0.74]"
duynth29.duy_l111_mpnn14_i36m__l80m_l42m,0.94,0.77,0.02,0.92,"[0.94, 0.94]","[[0.86, 0.94], [0.94, 0.75]]","[0.86, 0.75]"
noah.holzleitner.noah_egfr-binder_3,0.94,0.78,0.02,0.91,"[0.94, 0.94]","[[0.74, 0.94], [0.94, 0.77]]","[0.74, 0.77]"
pastei5.egfr_binder_01,0.23,0.68,0.04,0.34,"[0.23, 0.23]","[[0.56, 0.23], [0.23, 0.73]]","[0.56, 0.73]"
paulafcfranklin.synth_rosetta_7,0.91,0.73,0.03,0.89,"[0.91, 0.91]","[[0.66, 0.91], [0.91, 0.71]]","[0.66, 0.71]"
fernando.meireles.design_hybrid_partial_diff_4_31_binder,0.23,0.63,0.02,0.32,"[0.23, 0.23]","[[0.48, 0.23], [0.23, 0.69]]","[0.48, 0.69]"
a.tucs.andrejs_tucs_seq7,0.88,0.72,0.02,0.86,"[0.88, 0.88]","[[0.64, 0.88], [0.88, 0.71]]","[0.64, 0.71]"
biolucasmachado.engineered_binder_3,0.85,0.74,0.02,0.84,"[0.85, 0.85]","[[0.63, 0.85], [0.85, 0.73]]","[0.63, 0.73]"
cbrown.cbrown_0005_2_egfr_l81_s801188_mpnn1_model1,0.93,0.75,0.02,0.91,"[0.93, 0.93]","[[0.8, 0.93], [0.93, 0.73]]","[0.8, 0.73]"
aureliabustos.wt_noised_i_scaffold_shorted_var71,0.93,0.75,0.03,0.91,"[0.93, 0.93]","[[0.67, 0.93], [0.93, 0.73]]","[0.67, 0.73]"
tadej.satler.egfr_binder_3,0.84,0.74,0.02,0.83,"[0.84, 0.84]","[[0.85, 0.84], [0.84, 0.73]]","[0.85, 0.73]"
aswini.seed2_3,0.24,0.71,0.02,0.34,"[0.24, 0.24]","[[0.35, 0.24], [0.24, 0.74]]","[0.35, 0.74]"
a.tucs.andrejs_tucs_seq2,0.91,0.69,0.02,0.87,"[0.91, 0.91]","[[0.65, 0.91], [0.91, 0.67]]","[0.65, 0.67]"
bundit.b_s18.manbaritone_seq6_egfr-binder-70-100_beta_778_dldesign_0_length71,0.94,0.78,0.02,0.91,"[0.94, 0.94]","[[0.79, 0.94], [0.94, 0.77]]","[0.79, 0.77]"
binom16.pocket7pep80,0.29,0.76,0.05,0.41,"[0.29, 0.29]","[[0.01, 0.29], [0.29, 0.77]]","[0.01, 0.77]"
binom16.pocket1pep15,0.46,0.76,0.04,0.54,"[0.46, 0.46]","[[0.02, 0.46], [0.46, 0.77]]","[0.02, 0.77]"
s1995825.cotimed_egf_netsolp_usability_4,0.9,0.75,0.03,0.88,"[0.9, 0.9]","[[0.65, 0.9], [0.9, 0.73]]","[0.65, 0.73]"
elian.elian5,0.9,0.78,0.02,0.88,"[0.9, 0.9]","[[0.72, 0.9], [0.9, 0.76]]","[0.72, 0.76]"
martin.egfr_l142_s75963_mpnn1,0.6,0.67,0.04,0.63,"[0.6, 0.6]","[[0.7, 0.6], [0.6, 0.7]]","[0.7, 0.7]"
praghava531.seq2,0.17,0.58,0.02,0.26,"[0.17, 0.17]","[[0.86, 0.17], [0.17, 0.65]]","[0.86, 0.65]"
hughy.4krp_b_a_89_rnd3_full,0.13,0.61,0.02,0.24,"[0.13, 0.13]","[[0.81, 0.13], [0.13, 0.69]]","[0.81, 0.69]"
a.tucs.andrejs_tucs_seq10,0.88,0.75,0.03,0.87,"[0.88, 0.88]","[[0.65, 0.88], [0.88, 0.74]]","[0.65, 0.74]"
niklas.e5a28fa3-3501-41c2-922c-ec848e0bc020_l81_s514858345_mpnn4,0.91,0.75,0.02,0.89,"[0.91, 0.91]","[[0.75, 0.91], [0.91, 0.73]]","[0.75, 0.73]"
mchrnwsk.marta_chronowska_dom1_l99_s666690_mpnn16,0.92,0.75,0.02,0.9,"[0.92, 0.92]","[[0.79, 0.92], [0.92, 0.73]]","[0.79, 0.73]"
hughy.7om4_b_a_180_rnd1_v1_full,0.39,0.66,0.02,0.45,"[0.39, 0.39]","[[0.82, 0.39], [0.39, 0.71]]","[0.82, 0.71]"
alan.blakely.12_6,0.7,0.71,0.06,0.74,"[0.7, 0.7]","[[0.55, 0.7], [0.7, 0.74]]","[0.55, 0.74]"
minji.lee.386,0.2,0.67,0.02,0.3,"[0.2, 0.2]","[[0.73, 0.2], [0.2, 0.72]]","[0.73, 0.72]"
revoli.mutated_nab_5,0.12,0.61,0.02,0.22,"[0.12, 0.12]","[[0.83, 0.12], [0.12, 0.68]]","[0.83, 0.68]"
allongoldberg.4_44,0.2,0.62,0.02,0.29,"[0.2, 0.2]","[[0.46, 0.2], [0.2, 0.7]]","[0.46, 0.7]"
tadaskluonis.cotimed_egf_bcseq_0,0.89,0.76,0.02,0.87,"[0.89, 0.89]","[[0.65, 0.89], [0.89, 0.75]]","[0.65, 0.75]"
biolucasmachado.engineered_binder_1,0.48,0.71,0.03,0.55,"[0.48, 0.48]","[[0.55, 0.48], [0.48, 0.75]]","[0.55, 0.75]"
kerrding.seq7,0.84,0.71,0.03,0.83,"[0.84, 0.84]","[[0.63, 0.84], [0.84, 0.7]]","[0.63, 0.7]"
duynth29.l148_mpnn1,0.87,0.76,0.02,0.86,"[0.87, 0.87]","[[0.78, 0.87], [0.87, 0.73]]","[0.78, 0.73]"
hughy.7om4_b_a_17_rnd2_v2_full,0.12,0.63,0.02,0.23,"[0.12, 0.12]","[[0.82, 0.12], [0.12, 0.71]]","[0.82, 0.71]"
spacecruiser42.d2_prompt_binder_t1.0_37,0.33,0.77,0.05,0.44,"[0.33, 0.33]","[[0.01, 0.33], [0.33, 0.78]]","[0.01, 0.78]"
martin.egfr_l177_s77884_mpnn7,0.26,0.58,0.03,0.34,"[0.26, 0.26]","[[0.79, 0.26], [0.26, 0.67]]","[0.79, 0.67]"
darius.szablowski.egfr_binder_3___ggggs_3_linked_top_binders_1_rev_and_2_rev,0.15,0.59,0.04,0.25,"[0.15, 0.15]","[[0.21, 0.15], [0.15, 0.71]]","[0.21, 0.71]"
chrisxushaoyong.hu_nano1_5_559c85,0.2,0.63,0.02,0.3,"[0.2, 0.2]","[[0.84, 0.2], [0.2, 0.7]]","[0.84, 0.7]"
paulafcfranklin.synth_rosetta_8,0.88,0.73,0.04,0.86,"[0.88, 0.88]","[[0.64, 0.88], [0.88, 0.71]]","[0.64, 0.71]"
mlange05.b,0.82,0.77,0.01,0.82,"[0.82, 0.82]","[[0.8, 0.82], [0.82, 0.76]]","[0.8, 0.76]"
antorsae.ta_5_1,0.89,0.76,0.02,0.87,"[0.89, 0.89]","[[0.51, 0.89], [0.89, 0.75]]","[0.51, 0.75]"
tim.silica_corpora_sampled_epitope_2_generated_variant_9_rank_6_phase_2,0.21,0.64,0.02,0.3,"[0.21, 0.21]","[[0.8, 0.21], [0.21, 0.71]]","[0.8, 0.71]"
wtj19921231.egfr_binder_design_208_dldesign_0_cycle1_run5_af2pred.pdb_a,0.18,0.7,0.09,0.33,"[0.18, 0.18]","[[0.35, 0.18], [0.18, 0.74]]","[0.35, 0.74]"
chuh.egfr_seg1_l58_s941869_mpnn2,0.95,0.75,0.02,0.92,"[0.95, 0.95]","[[0.77, 0.95], [0.95, 0.73]]","[0.77, 0.73]"
jude.wells.21.6b3s_necitumumab_fused_trimmed_task_89_iter_216,0.87,0.8,0.02,0.87,"[0.87, 0.87]","[[0.86, 0.87], [0.87, 0.76]]","[0.86, 0.76]"
jakublala.epitope_1_30aa.pdb,0.8,0.75,0.04,0.81,"[0.8, 0.8]","[[0.42, 0.8], [0.8, 0.74]]","[0.42, 0.74]"
paulafcfranklin.synth_rosetta_10,0.87,0.73,0.04,0.86,"[0.87, 0.87]","[[0.64, 0.87], [0.87, 0.71]]","[0.64, 0.71]"
a.tucs.andrejs_tucs_seq9,0.9,0.73,0.02,0.88,"[0.9, 0.9]","[[0.65, 0.9], [0.9, 0.71]]","[0.65, 0.71]"
chuh.egfr_seg2_l62_s244475_mpnn4,0.93,0.78,0.02,0.9,"[0.93, 0.93]","[[0.76, 0.93], [0.93, 0.76]]","[0.76, 0.76]"
zalavi.zalavi3_ggg_shortpacesa,0.52,0.61,0.02,0.55,"[0.52, 0.52]","[[0.65, 0.52], [0.52, 0.66]]","[0.65, 0.66]"
paulafcfranklin.synth_rosetta_5,0.87,0.74,0.04,0.87,"[0.87, 0.87]","[[0.65, 0.87], [0.87, 0.72]]","[0.65, 0.72]"
stocco.filippo.1.3.3.18_4_2_iteration0_1.0407930462953479,0.86,0.72,0.02,0.85,"[0.86, 0.86]","[[0.63, 0.86], [0.86, 0.7]]","[0.63, 0.7]"
julian.faust.pimurutamab_mpnn_18_scfv,0.85,0.79,0.04,0.86,"[0.85, 0.85]","[[0.85, 0.85], [0.85, 0.75]]","[0.85, 0.75]"
dre.lgdl_egfr_008,0.15,0.74,0.07,0.3,"[0.15, 0.15]","[[0.08, 0.15], [0.15, 0.78]]","[0.08, 0.78]"
darius.szablowski.egfr_binder_4___ggggs_3_linked_top_binders_1_and_2_efficiently_evolved,0.56,0.66,0.04,0.6,"[0.56, 0.56]","[[0.44, 0.56], [0.56, 0.73]]","[0.44, 0.73]"
markus.braun.egfr_binder_3,0.93,0.79,0.01,0.91,"[0.93, 0.93]","[[0.88, 0.93], [0.93, 0.73]]","[0.88, 0.73]"
mosquitolkfo.nab_design_7,0.89,0.8,0.02,0.88,"[0.89, 0.89]","[[0.85, 0.89], [0.89, 0.76]]","[0.85, 0.76]"
klima.jason.8hgo_design_vdcjs_1_2,0.16,0.65,0.02,0.27,"[0.16, 0.16]","[[0.34, 0.16], [0.16, 0.72]]","[0.34, 0.72]"
allongoldberg.3_52,0.2,0.67,0.02,0.3,"[0.2, 0.2]","[[0.39, 0.2], [0.2, 0.71]]","[0.39, 0.71]"
jude.wells.21.panitumumab_fused_trimmed_crossbreed3,0.85,0.79,0.03,0.86,"[0.85, 0.85]","[[0.85, 0.85], [0.85, 0.76]]","[0.85, 0.76]"
bundit.b_s18.manbaritone_seq5_egfr-binder-70-100_beta_303_dldesign_1_length71,0.93,0.78,0.02,0.91,"[0.93, 0.93]","[[0.76, 0.93], [0.93, 0.77]]","[0.76, 0.77]"
qilin_y.test8,0.21,0.76,0.06,0.35,"[0.21, 0.21]","[[0.17, 0.21], [0.21, 0.78]]","[0.17, 0.78]"
spacecruiser42.d2_prompt_binder_t1.0_139,0.23,0.75,0.05,0.36,"[0.23, 0.23]","[[0.05, 0.23], [0.23, 0.77]]","[0.05, 0.77]"
biolucasmachado.engineered_binder_9,0.57,0.58,0.02,0.59,"[0.57, 0.57]","[[0.6, 0.57], [0.57, 0.59]]","[0.6, 0.59]"
darius.szablowski.egfr_binder_1___top_binder_1,0.88,0.76,0.02,0.86,"[0.88, 0.88]","[[0.79, 0.88], [0.88, 0.75]]","[0.79, 0.75]"
lhallee.lhallee_128_driveid_1_2,0.15,0.66,0.18,0.35,"[0.15, 0.15]","[[0.11, 0.15], [0.15, 0.74]]","[0.11, 0.74]"
alessio.daddio.ad_4,0.92,0.77,0.02,0.9,"[0.92, 0.92]","[[0.72, 0.92], [0.92, 0.76]]","[0.72, 0.76]"
aswini.clipgen30,0.18,0.7,0.04,0.31,"[0.18, 0.18]","[[0.23, 0.18], [0.18, 0.73]]","[0.23, 0.73]"
alessio.daddio.ad_9,0.89,0.79,0.02,0.88,"[0.89, 0.89]","[[0.85, 0.89], [0.89, 0.75]]","[0.85, 0.75]"
zhoup1366.dbz1___a,0.12,0.6,0.02,0.23,"[0.12, 0.12]","[[0.84, 0.12], [0.12, 0.68]]","[0.84, 0.68]"
cameron.kroll.leitner,0.89,0.77,0.02,0.88,"[0.89, 0.89]","[[0.86, 0.89], [0.89, 0.73]]","[0.86, 0.73]"
gitter.yolo23,0.9,0.76,0.02,0.88,"[0.9, 0.9]","[[0.65, 0.9], [0.9, 0.76]]","[0.65, 0.76]"
biolucasmachado.engineered_binder_8,0.82,0.75,0.04,0.83,"[0.82, 0.82]","[[0.65, 0.82], [0.82, 0.74]]","[0.65, 0.74]"
maxall4.egfr_ed_binder_l124_s860500_mpnn1_model1_unrelaxed_rank_001_alphafold2_multimer_v3_model_1_seed_000_top1_mutation_d81n_round1_chain_a,0.91,0.77,0.02,0.89,"[0.91, 0.91]","[[0.81, 0.91], [0.91, 0.75]]","[0.81, 0.75]"
chrisxushaoyong.hu_nano2_4_85252b,0.69,0.72,0.02,0.7,"[0.69, 0.69]","[[0.84, 0.69], [0.69, 0.74]]","[0.84, 0.74]"
mosquitolkfo.nab_design_9,0.82,0.77,0.02,0.82,"[0.82, 0.82]","[[0.84, 0.82], [0.82, 0.75]]","[0.84, 0.75]"
eceiiitn786.8s2,0.15,0.7,0.02,0.27,"[0.15, 0.15]","[[0.31, 0.15], [0.15, 0.74]]","[0.31, 0.74]"
mlange05.a,0.3,0.58,0.01,0.36,"[0.3, 0.3]","[[0.77, 0.3], [0.3, 0.68]]","[0.77, 0.68]"
z_peplib.pepseq_design_8,0.21,0.7,0.05,0.34,"[0.21, 0.21]","[[0.22, 0.21], [0.21, 0.74]]","[0.22, 0.74]"
keaun.gifgvvfkadiarvsidvaidystgylgslttfsgcnq,0.16,0.73,0.08,0.31,"[0.16, 0.16]","[[0.11, 0.16], [0.16, 0.76]]","[0.11, 0.76]"
chrisxushaoyong.hu_nano1_1_ff3e18,0.17,0.63,0.02,0.27,"[0.17, 0.17]","[[0.81, 0.17], [0.17, 0.71]]","[0.81, 0.71]"
colby.tupegfr_001___anti-egfr_fv-like_protein_diffused_with_evodiff,0.18,0.57,0.01,0.26,"[0.18, 0.18]","[[0.35, 0.18], [0.18, 0.71]]","[0.35, 0.71]"
nhaas.2,0.19,0.57,0.03,0.28,"[0.19, 0.19]","[[0.84, 0.19], [0.19, 0.7]]","[0.84, 0.7]"
noah.holzleitner.noah_egfr-binder_2,0.95,0.79,0.02,0.93,"[0.95, 0.95]","[[0.77, 0.95], [0.95, 0.77]]","[0.77, 0.77]"
briannaughton.2_plus_2,0.53,0.65,0.06,0.58,"[0.53, 0.53]","[[0.39, 0.53], [0.53, 0.74]]","[0.39, 0.74]"
qxy615.s1_rfd_comp_beta_782_81,0.4,0.65,0.02,0.46,"[0.4, 0.4]","[[0.7, 0.4], [0.4, 0.7]]","[0.7, 0.7]"
carson.vaux.baker1_18,0.79,0.73,0.02,0.79,"[0.79, 0.79]","[[0.75, 0.79], [0.79, 0.74]]","[0.75, 0.74]"
alex.naka.charmander,0.9,0.75,0.03,0.88,"[0.9, 0.9]","[[0.66, 0.9], [0.9, 0.73]]","[0.66, 0.73]"
jakublala.epitope_2_30aa_1.pdb,0.18,0.74,0.06,0.32,"[0.18, 0.18]","[[0.19, 0.18], [0.18, 0.76]]","[0.19, 0.76]"
julian.faust.demupitamab_mpnn_19_scfv,0.82,0.78,0.04,0.83,"[0.82, 0.82]","[[0.84, 0.82], [0.82, 0.75]]","[0.84, 0.75]"
tiejun.wei.egfr_binder_design_208_dldesign_10_af2pred.pdb_a,0.89,0.82,0.04,0.9,"[0.89, 0.89]","[[0.61, 0.89], [0.89, 0.81]]","[0.61, 0.81]"
antorsae.t0.1_sample939_score0.9451_global_score1.3625_seq_recovery0.4250,0.89,0.77,0.02,0.88,"[0.89, 0.89]","[[0.55, 0.89], [0.89, 0.76]]","[0.55, 0.76]"
alex.naka.wartortle,0.88,0.73,0.03,0.86,"[0.88, 0.88]","[[0.64, 0.88], [0.88, 0.71]]","[0.64, 0.71]"
salireza111.seq119_3_001_8,0.22,0.68,0.02,0.32,"[0.22, 0.22]","[[0.58, 0.22], [0.22, 0.72]]","[0.58, 0.72]"
karmanyaaggarwal.ds004729,0.38,0.64,0.02,0.44,"[0.38, 0.38]","[[0.86, 0.38], [0.38, 0.7]]","[0.86, 0.7]"
jakublala.full_dibinder_45aa_2.pdb,0.48,0.74,0.06,0.57,"[0.48, 0.48]","[[0.32, 0.48], [0.48, 0.75]]","[0.32, 0.75]"
enzo.morro.design_0_n_2_mpnn_1.120_plddt_0.858_i_ptm_0.072_i_pae_28.117_rmsd_30.276,0.14,0.57,0.01,0.23,"[0.14, 0.14]","[[0.61, 0.14], [0.14, 0.67]]","[0.61, 0.67]"
salireza111.seq166_1_001_7,0.44,0.71,0.02,0.5,"[0.44, 0.44]","[[0.54, 0.44], [0.44, 0.72]]","[0.54, 0.72]"
colby.tupegfr_006___anti-egfr_fv-like_protein_diffused_with_evodiff,0.22,0.58,0.02,0.3,"[0.22, 0.22]","[[0.46, 0.22], [0.22, 0.71]]","[0.46, 0.71]"
duynth29.duy_l111_mpnn14,0.93,0.77,0.02,0.91,"[0.93, 0.93]","[[0.84, 0.93], [0.93, 0.75]]","[0.84, 0.75]"
alex.naka.squirtle,0.88,0.75,0.02,0.86,"[0.88, 0.88]","[[0.63, 0.88], [0.88, 0.73]]","[0.63, 0.73]"
zalavi.shortrustamov_ggg_zalavi3,0.63,0.7,0.03,0.66,"[0.63, 0.63]","[[0.63, 0.63], [0.63, 0.7]]","[0.63, 0.7]"
zulfatmi.pocket7pep42,0.71,0.77,0.04,0.74,"[0.71, 0.71]","[[0.02, 0.71], [0.71, 0.78]]","[0.02, 0.78]"
karmanyaaggarwal.ds002542,0.77,0.73,0.02,0.77,"[0.77, 0.77]","[[0.87, 0.77], [0.77, 0.74]]","[0.87, 0.74]"
ali.rasouli.intern.model_77_142_3,0.78,0.74,0.02,0.79,"[0.78, 0.78]","[[0.62, 0.78], [0.78, 0.75]]","[0.62, 0.75]"
tarkhov.andrey.erithacus_rubecula_gigantus_9,0.15,0.58,0.04,0.26,"[0.15, 0.15]","[[0.35, 0.15], [0.15, 0.72]]","[0.35, 0.72]"
hughy.7om4_b_a_33_rnd2_v2_full,0.11,0.63,0.02,0.22,"[0.11, 0.11]","[[0.84, 0.11], [0.11, 0.71]]","[0.84, 0.71]"
elian.elian4,0.91,0.78,0.02,0.89,"[0.91, 0.91]","[[0.76, 0.91], [0.91, 0.76]]","[0.76, 0.76]"
akash.arunabharathi.design9,0.11,0.59,0.23,0.32,"[0.11, 0.11]","[[0.24, 0.11], [0.11, 0.73]]","[0.24, 0.73]"
toluwase.fatoki.toluwase_sequence4_148,0.24,0.64,0.04,0.34,"[0.24, 0.24]","[[0.2, 0.24], [0.24, 0.73]]","[0.2, 0.73]"
a.tucs.andrejs_tucs_seq1,0.92,0.75,0.02,0.9,"[0.92, 0.92]","[[0.64, 0.92], [0.92, 0.74]]","[0.64, 0.74]"
briannaughton.egfr_plus_egfr,0.3,0.65,0.07,0.41,"[0.3, 0.3]","[[0.34, 0.3], [0.3, 0.71]]","[0.34, 0.71]"
s1995825.timed_egf_netsolp_usability_consensus_1,0.87,0.74,0.03,0.86,"[0.87, 0.87]","[[0.65, 0.87], [0.87, 0.73]]","[0.65, 0.73]"
lennart.nickel.egfr_l139_s63093_mpnn2,0.28,0.61,0.02,0.35,"[0.28, 0.28]","[[0.77, 0.28], [0.28, 0.69]]","[0.77, 0.69]"
silvia.toscani.b_egfr_6,0.22,0.65,0.02,0.31,"[0.22, 0.22]","[[0.69, 0.22], [0.22, 0.7]]","[0.69, 0.7]"
mosquitolkfo.nab_design_6,0.79,0.76,0.02,0.79,"[0.79, 0.79]","[[0.83, 0.79], [0.79, 0.75]]","[0.83, 0.75]"
maxall4.egfr_ed_binder_l134_s906486_mpnn2_model1_unrelaxed_rank_001_alphafold2_multimer_v3_model_1_seed_000_top1_mutation_g108s_round1_chain_a,0.88,0.77,0.02,0.87,"[0.88, 0.88]","[[0.82, 0.88], [0.88, 0.75]]","[0.82, 0.75]"
martin.egfr_l111_s89744_mpnn1,0.65,0.71,0.02,0.67,"[0.65, 0.65]","[[0.7, 0.65], [0.65, 0.73]]","[0.7, 0.73]"
colby.tupegfr_018___anti-egfr_fv-like_protein_diffused_with_esm3,0.2,0.57,0.04,0.3,"[0.2, 0.2]","[[0.8, 0.2], [0.2, 0.71]]","[0.8, 0.71]"
noah.holzleitner.noah_egfr-binder_8,0.87,0.75,0.02,0.86,"[0.87, 0.87]","[[0.73, 0.87], [0.87, 0.75]]","[0.73, 0.75]"
aureliabustos.wwt_noised_i_scaffold_shorted_var8423,0.93,0.74,0.02,0.91,"[0.93, 0.93]","[[0.67, 0.93], [0.93, 0.72]]","[0.67, 0.72]"
xiuming_li2015.eureka_seq_3,0.86,0.79,0.03,0.86,"[0.86, 0.86]","[[0.86, 0.86], [0.86, 0.76]]","[0.86, 0.76]"
nhaas.8,0.2,0.57,0.03,0.29,"[0.2, 0.2]","[[0.83, 0.2], [0.2, 0.7]]","[0.83, 0.7]"
jude.wells.21.6b3s_necitumumab_fused_trimmed_task_98_iter_184,0.86,0.78,0.02,0.85,"[0.86, 0.86]","[[0.86, 0.86], [0.86, 0.75]]","[0.86, 0.75]"
tarkhov.andrey.erithacus_rubecula_gigantus_8,0.17,0.58,0.05,0.28,"[0.17, 0.17]","[[0.33, 0.17], [0.17, 0.71]]","[0.33, 0.71]"
cameron.kroll.gertrude_gen6,0.17,0.59,0.02,0.26,"[0.17, 0.17]","[[0.81, 0.17], [0.17, 0.68]]","[0.81, 0.68]"
akash.arunabharathi.design10,0.19,0.7,0.02,0.3,"[0.19, 0.19]","[[0.3, 0.19], [0.19, 0.73]]","[0.3, 0.73]"
joaosartori2.c3,0.84,0.77,0.03,0.84,"[0.84, 0.84]","[[0.6, 0.84], [0.84, 0.76]]","[0.6, 0.76]"
niklas.95b59203-b642-4754-bcd3-8e670a722c8d_l91_s349792600_mpnn2,0.83,0.75,0.02,0.82,"[0.83, 0.83]","[[0.75, 0.83], [0.83, 0.73]]","[0.75, 0.73]"
chenceshi1105.steven_binder_design_l75_s60968_it100_mpnn0,0.9,0.75,0.02,0.88,"[0.9, 0.9]","[[0.78, 0.9], [0.9, 0.74]]","[0.78, 0.74]"
amirm.mhosseini.seq1,0.88,0.76,0.05,0.88,"[0.88, 0.88]","[[0.65, 0.88], [0.88, 0.74]]","[0.65, 0.74]"
alejandro.corrochano-navarro.eng_scfv_binder_2,0.8,0.77,0.03,0.81,"[0.8, 0.8]","[[0.86, 0.8], [0.8, 0.76]]","[0.86, 0.76]"
flowuenne.nf-proteindesign_design8,0.19,0.7,0.03,0.31,"[0.19, 0.19]","[[0.34, 0.19], [0.19, 0.74]]","[0.34, 0.74]"
colby.tupegfr_012___anti-egfr_fv-like_protein_diffused_with_evodiff,0.18,0.58,0.04,0.28,"[0.18, 0.18]","[[0.34, 0.18], [0.18, 0.72]]","[0.34, 0.72]"
s1995825.timed_egf_netsolp_usability_consensus_2,0.86,0.72,0.02,0.84,"[0.86, 0.86]","[[0.65, 0.86], [0.86, 0.71]]","[0.65, 0.71]"
paulafcfranklin.synth_rosetta_2,0.92,0.74,0.03,0.9,"[0.92, 0.92]","[[0.65, 0.92], [0.92, 0.72]]","[0.65, 0.72]"
reed.harrison.model_56_119_0,0.94,0.78,0.02,0.92,"[0.94, 0.94]","[[0.81, 0.94], [0.94, 0.76]]","[0.81, 0.76]"
noah.holzleitner.noah_egfr-binder_1,0.93,0.78,0.02,0.91,"[0.93, 0.93]","[[0.73, 0.93], [0.93, 0.77]]","[0.73, 0.77]"
chrisxushaoyong.hu_nano2_2_7ef96e,0.44,0.69,0.02,0.5,"[0.44, 0.44]","[[0.8, 0.44], [0.44, 0.74]]","[0.8, 0.74]"
minji.lee.3995,0.52,0.69,0.02,0.56,"[0.52, 0.52]","[[0.68, 0.52], [0.52, 0.72]]","[0.68, 0.72]"
cameron.kroll.gertrude_gen3,0.9,0.77,0.02,0.88,"[0.9, 0.9]","[[0.85, 0.9], [0.9, 0.73]]","[0.85, 0.73]"
markus.braun.egfr_binder_1,0.94,0.81,0.01,0.92,"[0.94, 0.94]","[[0.91, 0.94], [0.94, 0.74]]","[0.91, 0.74]"
amirmhosseini47.mohammad_seq2,0.82,0.75,0.06,0.83,"[0.82, 0.82]","[[0.61, 0.82], [0.82, 0.73]]","[0.61, 0.73]"
elian.elian3,0.92,0.79,0.02,0.9,"[0.92, 0.92]","[[0.76, 0.92], [0.92, 0.76]]","[0.76, 0.76]"
revoli.mutated_nab_9,0.12,0.63,0.02,0.23,"[0.12, 0.12]","[[0.85, 0.12], [0.12, 0.71]]","[0.85, 0.71]"
niklas.ee4629a9-322f-48f0-884d-8f4418db9bce_l151_s241659642_mpnn11,0.66,0.56,0.02,0.65,"[0.66, 0.66]","[[0.86, 0.66], [0.66, 0.53]]","[0.86, 0.53]"
flowuenne.nf-proteindesign_design10,0.21,0.7,0.02,0.32,"[0.21, 0.21]","[[0.64, 0.21], [0.21, 0.74]]","[0.64, 0.74]"
nitesh.mishra3.stepwise_rfdiff_egfr_binder_1,0.85,0.76,0.02,0.84,"[0.85, 0.85]","[[0.6, 0.85], [0.85, 0.76]]","[0.6, 0.76]"
a.tucs.andrejs_tucs_seq5,0.91,0.76,0.02,0.89,"[0.91, 0.91]","[[0.66, 0.91], [0.91, 0.74]]","[0.66, 0.74]"
alejandro.corrochano-navarro.eng_scfv_binder_1,0.81,0.77,0.03,0.82,"[0.81, 0.81]","[[0.86, 0.81], [0.81, 0.75]]","[0.86, 0.75]"
binom16.pocket3pep98,0.74,0.78,0.04,0.77,"[0.74, 0.74]","[[0.18, 0.74], [0.74, 0.78]]","[0.18, 0.78]"
lyu.1,0.88,0.77,0.02,0.87,"[0.88, 0.88]","[[0.72, 0.88], [0.88, 0.76]]","[0.72, 0.76]"
mlange05.c,0.14,0.59,0.01,0.24,"[0.14, 0.14]","[[0.68, 0.14], [0.14, 0.71]]","[0.68, 0.71]"
aswini.seed1_1,0.21,0.72,0.02,0.32,"[0.21, 0.21]","[[0.31, 0.21], [0.21, 0.75]]","[0.31, 0.75]"
junhee.park1999.egfr_binder_7,0.74,0.73,0.04,0.75,"[0.74, 0.74]","[[0.84, 0.74], [0.74, 0.73]]","[0.84, 0.73]"
julian.faust.pimurutamabxbecotatug_scfv,0.86,0.79,0.04,0.87,"[0.86, 0.86]","[[0.84, 0.86], [0.86, 0.75]]","[0.84, 0.75]"
round1zeroshot.k5q_n70s_k71r_n73t_s87t_n88d_r179k_k183r_e213d_s214p,0.89,0.8,0.03,0.88,"[0.89, 0.89]","[[0.87, 0.89], [0.89, 0.76]]","[0.87, 0.76]"
julie.rj0aa,0.35,0.69,0.02,0.42,"[0.35, 0.35]","[[0.73, 0.35], [0.35, 0.72]]","[0.73, 0.72]"
amirm.mhosseini.seq3,0.86,0.75,0.02,0.85,"[0.86, 0.86]","[[0.62, 0.86], [0.86, 0.73]]","[0.62, 0.73]"
qilin_y.test4,0.13,0.66,0.02,0.25,"[0.13, 0.13]","[[0.65, 0.13], [0.13, 0.71]]","[0.65, 0.71]"
jvogt4.vogt_scfv_2470,0.31,0.58,0.03,0.38,"[0.31, 0.31]","[[0.85, 0.31], [0.31, 0.69]]","[0.85, 0.69]"
akash.arunabharathi.design3,0.19,0.72,0.04,0.31,"[0.19, 0.19]","[[0.29, 0.19], [0.19, 0.75]]","[0.29, 0.75]"
niklas.95b59203-b642-4754-bcd3-8e670a722c8d_l91_s349792600_mpnn19,0.87,0.76,0.02,0.86,"[0.87, 0.87]","[[0.74, 0.87], [0.87, 0.73]]","[0.74, 0.73]"
markus.braun.egfr_binder_6,0.88,0.78,0.01,0.87,"[0.88, 0.88]","[[0.89, 0.88], [0.88, 0.72]]","[0.89, 0.72]"
maxall4.egfr_trim_l126_s498823_mpnn2_model1_unrelaxed_rank_001_alphafold2_multimer_v3_model_1_seed_000_top1_mutation_l39g_round1_chain_a,0.88,0.77,0.02,0.87,"[0.88, 0.88]","[[0.81, 0.88], [0.88, 0.75]]","[0.81, 0.75]"
aureliabustos.bce_var702,0.93,0.78,0.03,0.92,"[0.93, 0.93]","[[0.68, 0.93], [0.93, 0.77]]","[0.68, 0.77]"
zhoup1366.dbz10___a,0.13,0.59,0.02,0.23,"[0.13, 0.13]","[[0.86, 0.13], [0.13, 0.67]]","[0.86, 0.67]"
klima.jason.8hgo_design_4yyaf_0_0,0.57,0.68,0.02,0.6,"[0.57, 0.57]","[[0.56, 0.57], [0.57, 0.72]]","[0.56, 0.72]"
chenceshi1105.steven_binder_design_l82_s44755_it100_mpnn6,0.93,0.78,0.02,0.91,"[0.93, 0.93]","[[0.82, 0.93], [0.93, 0.76]]","[0.82, 0.76]"
hughy.7om4_b_a_8_rnd2_v2_full,0.11,0.64,0.02,0.23,"[0.11, 0.11]","[[0.83, 0.11], [0.11, 0.72]]","[0.83, 0.72]"
fernando.meireles.design_hybrid_partial_diff_9_54_binder,0.38,0.63,0.02,0.44,"[0.38, 0.38]","[[0.48, 0.38], [0.38, 0.69]]","[0.48, 0.69]"
fgndd1.fg_seq1,0.87,0.77,0.02,0.85,"[0.87, 0.87]","[[0.85, 0.87], [0.87, 0.75]]","[0.85, 0.75]"
tarkhov.andrey.erithacus_rubecula_gigantus_4,0.35,0.61,0.29,0.54,"[0.35, 0.35]","[[0.1, 0.35], [0.35, 0.76]]","[0.1, 0.76]"
s1995825.cotimed_egf_netsolp_usability_6,0.86,0.74,0.03,0.85,"[0.86, 0.86]","[[0.64, 0.86], [0.86, 0.72]]","[0.64, 0.72]"
allongoldberg.4_44_0_refined,0.29,0.61,0.02,0.36,"[0.29, 0.29]","[[0.81, 0.29], [0.29, 0.68]]","[0.81, 0.68]"
alan.blakely.16_2,0.68,0.7,0.07,0.72,"[0.68, 0.68]","[[0.54, 0.68], [0.68, 0.73]]","[0.54, 0.73]"
jack.li.egfrbindingcandidate_7,0.12,0.55,0.02,0.21,"[0.12, 0.12]","[[0.56, 0.12], [0.12, 0.67]]","[0.56, 0.67]"
bronte.egfr_binder_4_91,0.23,0.67,0.02,0.32,"[0.23, 0.23]","[[0.76, 0.23], [0.23, 0.71]]","[0.76, 0.71]"
tarkhov.andrey.erithacus_rubecula_gigantus_7,0.28,0.66,0.08,0.4,"[0.28, 0.28]","[[0.21, 0.28], [0.28, 0.76]]","[0.21, 0.76]"
merlettaia.seq0v4,0.13,0.63,0.02,0.24,"[0.13, 0.13]","[[0.84, 0.13], [0.13, 0.72]]","[0.84, 0.72]"
alex.naka.venusaur,0.87,0.77,0.03,0.86,"[0.87, 0.87]","[[0.58, 0.87], [0.87, 0.77]]","[0.58, 0.77]"
antorsae.ta397unsafety_2,0.8,0.69,0.02,0.79,"[0.8, 0.8]","[[0.46, 0.8], [0.8, 0.71]]","[0.46, 0.71]"
deepsatflow.6aru_final_chain_a_domain_3_l142_s806907_mpnn1,0.91,0.78,0.02,0.89,"[0.91, 0.91]","[[0.85, 0.91], [0.91, 0.75]]","[0.85, 0.75]"
z_peplib.pepseq_design_6,0.15,0.7,0.06,0.29,"[0.15, 0.15]","[[0.17, 0.15], [0.15, 0.75]]","[0.17, 0.75]"
qilin_y.test7,0.16,0.73,0.08,0.31,"[0.16, 0.16]","[[0.19, 0.16], [0.16, 0.76]]","[0.19, 0.76]"
aureliabustos.bce_var433,0.93,0.76,0.03,0.91,"[0.93, 0.93]","[[0.68, 0.93], [0.93, 0.74]]","[0.68, 0.74]"
deepsatflow.6aru_final_chain_a_domain_3_l138_s466479_mpnn9,0.91,0.78,0.02,0.89,"[0.91, 0.91]","[[0.84, 0.91], [0.91, 0.75]]","[0.84, 0.75]"
kerrding.seq9,0.2,0.69,0.04,0.31,"[0.2, 0.2]","[[0.46, 0.2], [0.2, 0.73]]","[0.46, 0.73]"
s1995825.cotimed_egf_netsolp_usability_1,0.9,0.75,0.03,0.88,"[0.9, 0.9]","[[0.66, 0.9], [0.9, 0.74]]","[0.66, 0.74]"
joaosartori2.c6,0.83,0.79,0.04,0.84,"[0.83, 0.83]","[[0.59, 0.83], [0.83, 0.78]]","[0.59, 0.78]"
areddy.egfr_l169_s781475,0.9,0.77,0.02,0.88,"[0.9, 0.9]","[[0.82, 0.9], [0.9, 0.74]]","[0.82, 0.74]"
markus.braun.egfr_binder_7,0.93,0.79,0.01,0.91,"[0.93, 0.93]","[[0.88, 0.93], [0.93, 0.73]]","[0.88, 0.73]"
