complex,AF3_binder_Interface_size,AF2_binder_interface_size,Binder_Jaccard,AF3_Target_interface_size,AF2_Target_interface_size,target_jaccard
724928537.dbz6___a,24,27,0.04081632653061224,25,24,0.0
724928537.dbz7___a,14,34,0.043478260869565216,16,31,0.0
724928537.dbz8___a,17,44,0.08928571428571429,16,41,0.0
ali.rasouli.intern.model_77_142_3,22,38,0.0,23,35,0.0
amirm.mhosseini.seq1,36,52,0.060240963855421686,41,40,0.05194805194805195
amirm.mhosseini.seq3,16,23,0.05405405405405406,18,21,0.0
amirm.mhosseini.seq4,19,22,0.025,16,21,0.0
amirm.mhosseini.seq9,18,49,0.015151515151515152,18,36,0.14893617021276595
human_egf,33,47,0.1111111111111111,40,36,0.11764705882352941
reed.harrison.model_56_119_0,20,34,0.0,32,24,0.0
a.tucs.andrejs_tucs_seq1,31,50,0.1095890410958904,40,33,0.12307692307692308
a.tucs.andrejs_tucs_seq10,30,50,0.08108108108108109,41,34,0.10294117647058823
a.tucs.andrejs_tucs_seq2,32,48,0.1111111111111111,40,35,0.08695652173913043
a.tucs.andrejs_tucs_seq3,31,45,0.11764705882352941,40,36,0.13432835820895522
a.tucs.andrejs_tucs_seq4,30,48,0.11428571428571428,39,36,0.11940298507462686
a.tucs.andrejs_tucs_seq5,31,45,0.10144927536231885,37,34,0.12698412698412698
a.tucs.andrejs_tucs_seq6,18,26,0.0,24,18,0.0
a.tucs.andrejs_tucs_seq7,32,45,0.11594202898550725,38,36,0.1044776119402985
a.tucs.andrejs_tucs_seq8,31,51,0.10810810810810811,39,35,0.12121212121212122
a.tucs.andrejs_tucs_seq9,31,47,0.09859154929577464,36,36,0.1076923076923077
akash.arunabharathi.design10,15,48,0.06779661016949153,20,32,0.0
akash.arunabharathi.design3,11,36,0.11904761904761904,18,29,0.0
akash.arunabharathi.design4,14,46,0.07142857142857142,24,31,0.03773584905660377
akash.arunabharathi.design8,19,68,0.03571428571428571,20,72,0.0
akash.arunabharathi.design9,8,23,0.0,13,30,0.023809523809523808
alan.blakely.12_3,40,37,0.0,41,34,0.0
alan.blakely.12_6,33,56,0.03488372093023256,36,50,0.0
alan.blakely.16_2,41,37,0.012987012987012988,45,35,0.02564102564102564
alecl.relaxeda,32,45,0.11594202898550725,36,36,0.125
alecl.unrelaxeda,28,49,0.1,40,35,0.11940298507462686
alejandro.corrochano-navarro.eng_scfv_binder_1,22,28,0.0,23,29,0.0
alejandro.corrochano-navarro.eng_scfv_binder_2,22,28,0.0,22,28,0.0
alejandro.corrochano-navarro.eng_scfv_binder_3,22,28,0.0,23,31,0.0
alessio.daddio.ad_1,31,42,0.0,36,40,0.0
alessio.daddio.ad_4,30,31,0.0,27,33,0.0
alessio.daddio.ad_9,23,27,0.0,26,25,0.0
alex.naka.blastoise,33,49,0.09333333333333334,41,38,0.11267605633802817
alex.naka.charizard,16,47,0.016129032258064516,23,36,0.0
alex.naka.charmander,36,49,0.13333333333333333,43,40,0.12162162162162163
alex.naka.charmeleon,17,50,0.015151515151515152,21,37,0.0
alex.naka.ivysaur,33,47,0.0958904109589041,36,38,0.08823529411764706
alex.naka.squirtle,31,50,0.1095890410958904,44,36,0.0958904109589041
alex.naka.venusaur,15,23,0.0,20,18,0.0
alex.naka.wartortle,31,49,0.05263157894736842,43,39,0.09333333333333334
allongoldberg.3_52,16,38,0.038461538461538464,21,25,0.0
allongoldberg.3_52_10_refined_ideal,20,18,0.05555555555555555,26,14,0.0
allongoldberg.3_52_1_refined,16,27,0.075,23,22,0.07142857142857142
allongoldberg.4_44,20,46,0.06451612903225806,24,30,0.0
allongoldberg.4_44_0_refined,19,35,0.0,27,26,0.0
allongoldberg.4_44_14_refined_ideal,22,34,0.0,27,25,0.0
amelie.schreiber.model_56_119_15,20,35,0.0,32,27,0.0
amelie.schreiber.model_60_151_9,23,35,0.0,30,27,0.0
amelie.schreiber.model_83_156_16,30,34,0.0,33,35,0.0
amirmhosseini47.mohammad_seq2,34,51,0.0625,39,45,0.06329113924050633
antorsae.t0.1_sample939_score0.9451_global_score1.3625_seq_recovery0.4250,13,23,0.0,22,15,0.0
antorsae.ta525_0_0,14,44,0.017543859649122806,22,21,0.0
antorsae.ta_4_4,16,33,0.13953488372093023,23,23,0.06976744186046512
antorsae.ta_4_5,17,16,0.17857142857142858,22,14,0.058823529411764705
antorsae.ta_5_1,11,41,0.0,19,25,0.0
antorsae.ta_5_2,18,36,0.125,25,23,0.02127659574468085
antorsae.ta_5_3,16,34,0.13636363636363635,22,16,0.0
antorsae.ta397unsafety_2,11,41,0.0196078431372549,20,25,0.0
areddy.egfr_l169_s781475,30,38,0.0,36,36,0.0
aswini.clipgen30,14,58,0.1076923076923077,15,31,0.09523809523809523
aswini.seed1,32,47,0.0821917808219178,44,33,0.04054054054054054
aswini.seed1_1,26,50,0.10144927536231885,40,35,0.0
aswini.seed2_1,27,48,0.0273972602739726,36,22,0.0
aswini.seed2_3,29,50,0.14492753623188406,29,35,0.0
aswinijavadi160197.8_a,10,30,0.0,12,19,0.0
aureliabustos.bce_var433,31,49,0.1267605633802817,37,34,0.12698412698412698
aureliabustos.bce_var464,31,53,0.16666666666666666,40,35,0.11940298507462686
aureliabustos.bce_var702,30,51,0.15714285714285714,38,36,0.12121212121212122
aureliabustos.wt_noised_i_scaffold_shorted_var71,34,48,0.09333333333333334,39,37,0.11764705882352941
aureliabustos.wwt_noised_i_scaffold_shorted_var6640,32,46,0.08333333333333333,39,38,0.11594202898550725
aureliabustos.wwt_noised_i_scaffold_shorted_var7524,34,45,0.0821917808219178,37,38,0.11940298507462686
aureliabustos.wwt_noised_i_scaffold_shorted_var8423,33,48,0.1095890410958904,38,38,0.11764705882352941
aureliabustos.wwt_noised_i_scaffold_shorted_var9391,31,48,0.09722222222222222,38,37,0.10294117647058823
baptiste.roelens.ognk,23,45,0.046153846153846156,27,35,0.0
begonia.sp.13.egfr_l110_s478327_mpnn7_model2,28,34,0.0,28,35,0.0
begonia.sp.13.egfr_l61_s456546_mpnn1_model1,21,30,0.0,28,27,0.0
begonia.sp.13.egfr_l88_s11832_mpnn1_model2,23,32,0.0,27,35,0.0
binom16.pocket1pep15,9,31,0.02564102564102564,18,13,0.06896551724137931
binom16.pocket2pep86,11,30,0.0,16,14,0.1111111111111111
binom16.pocket2pep89,9,23,0.0,14,13,0.08
binom16.pocket3pep98,12,24,0.0,18,17,0.16666666666666666
binom16.pocket7pep80,9,36,0.0,16,15,0.06896551724137931
biolucasmachado.engineered_binder_1,15,50,0.031746031746031744,17,38,0.0
biolucasmachado.engineered_binder_2,19,48,0.08064516129032258,22,32,0.0
biolucasmachado.engineered_binder_3,29,45,0.12121212121212122,41,27,0.13333333333333333
biolucasmachado.engineered_binder_4,38,48,0.13157894736842105,46,39,0.11842105263157894
biolucasmachado.engineered_binder_5,35,48,0.12162162162162163,41,39,0.1267605633802817
biolucasmachado.engineered_binder_6,36,50,0.13157894736842105,43,39,0.10810810810810811
biolucasmachado.engineered_binder_7,33,46,0.12857142857142856,41,38,0.11267605633802817
biolucasmachado.engineered_binder_8,35,47,0.1388888888888889,41,39,0.1111111111111111
biolucasmachado.engineered_binder_9,28,47,0.08695652173913043,40,26,0.11864406779661017
briannaughton.1_plus_2,30,61,0.02247191011235955,29,54,0.0
briannaughton.1_plus_egfr,50,69,0.05309734513274336,52,64,0.05454545454545454
briannaughton.2_plus_1,38,46,0.0,40,49,0.0
briannaughton.2_plus_2,56,44,0.0,59,41,0.0989010989010989
briannaughton.egfr_plus_egfr,37,55,0.045454545454545456,43,39,0.09333333333333334
bronte.egfr_binder_4_91,14,23,0.08823529411764706,17,20,0.08823529411764706
bundit.b_s18.manbaritone_seq3_egfr-binder-70-100_beta_303_dldesign_6_lenght71,29,29,0.0,25,35,0.0
bundit.b_s18.manbaritone_seq5_egfr-binder-70-100_beta_303_dldesign_1_length71,28,32,0.0,27,33,0.0
bundit.b_s18.manbaritone_seq6_egfr-binder-70-100_beta_778_dldesign_0_length71,25,28,0.0,28,28,0.0
cameron.kroll.gertrude_gen3,29,32,0.0,28,36,0.0
cameron.kroll.gertrude_gen3_s69d_n61e,23,24,0.11904761904761904,21,23,0.0
cameron.kroll.gertrude_gen5,28,20,0.02127659574468085,31,25,0.0
cameron.kroll.gertrude_gen6,28,20,0.02127659574468085,29,22,0.0
cameron.kroll.leitner,29,31,0.0,27,36,0.0
carson.vaux.baker1_18,16,24,0.0,22,23,0.0
cbrown.cbrown_0005_2_egfr_l81_s801188_mpnn1_model1,25,27,0.0,25,32,0.0
ccalia.paesani_lab_design1,31,33,0.0,30,32,0.0
ccalia.paesani_lab_design2,43,46,0.011363636363636364,54,42,0.0
ccalia.paesani_lab_design3,37,42,0.0,44,41,0.0
ccalia.paesani_lab_design8,31,41,0.014084507042253521,30,41,0.0
ccalia.paesani_lab_design9,38,41,0.05333333333333334,39,35,0.0
cchallacombe.1,20,34,0.0,24,28,0.0
cchallacombe.4,29,43,0.0,35,44,0.039473684210526314
cchallacombe.6,18,51,0.078125,14,40,0.0
chenceshi1105.steven_binder_design_l75_s60968_it100_mpnn0,26,31,0.0,27,29,0.0
chenceshi1105.steven_binder_design_l82_s44755_it100_mpnn6,26,29,0.0,22,31,0.0
chenceshi1105.steven_binder_design_l89_s48081_it100_mpnn4,20,28,0.0,20,22,0.0
christoph.gruber.binder12_1,13,25,0.08571428571428572,19,21,0.08108108108108109
christoph.gruber.upperbinder_scaffold1_lowerbinder,37,19,0.09803921568627451,59,20,0.05333333333333334
christoph.gruber.upperbinder_scaffold2_lowerbinder,43,33,0.15151515151515152,64,21,0.21428571428571427
christoph.gruber.upperbinder_scaffold3_lowerbinder,33,58,0.10975609756097561,54,34,0.1891891891891892
christoph.gruber.upperbinder_xten_lowerbinder,26,48,0.07246376811594203,40,27,0.15517241379310345
chrisxushaoyong.hu_nano1_1_ff3e18,24,20,0.023255813953488372,26,25,0.0
chrisxushaoyong.hu_nano1_3_eef94e,15,27,0.024390243902439025,20,25,0.022727272727272728
chrisxushaoyong.hu_nano1_5_559c85,13,34,0.0,16,27,0.0
chrisxushaoyong.hu_nano2_2_7ef96e,20,36,0.0,26,31,0.0
chrisxushaoyong.hu_nano2_4_85252b,17,30,0.021739130434782608,27,28,0.0
chuh.egfr_seg1_l58_s941869_mpnn2,15,21,0.058823529411764705,18,17,0.06060606060606061
chuh.egfr_seg2_l58_s53469_mpnn1,26,29,0.0,28,30,0.0
chuh.egfr_seg2_l62_s244475_mpnn4,24,30,0.0,26,27,0.0
colby.tupegfr_001___anti-egfr_fv-like_protein_diffused_with_evodiff,38,73,0.11,32,71,0.0
colby.tupegfr_006___anti-egfr_fv-like_protein_diffused_with_evodiff,32,55,0.023529411764705882,27,63,0.0
colby.tupegfr_010___anti-egfr_fv-like_protein_diffused_with_evodiff,18,49,0.0,16,61,0.0
colby.tupegfr_012___anti-egfr_fv-like_protein_diffused_with_evodiff,19,39,0.0,23,55,0.0
colby.tupegfr_018___anti-egfr_fv-like_protein_diffused_with_esm3,26,59,0.036585365853658534,27,54,0.0
coreyhowe99.corey82,26,37,0.0,29,30,0.0
darius.szablowski.egfr_binder_1___top_binder_1,21,31,0.0,27,26,0.0
darius.szablowski.egfr_binder_2___ggggs_3_linked_top_binders_1_and_2,41,46,0.03571428571428571,48,33,0.0
darius.szablowski.egfr_binder_3___ggggs_3_linked_top_binders_1_rev_and_2_rev,23,81,0.07216494845360824,24,62,0.0
darius.szablowski.egfr_binder_4___ggggs_3_linked_top_binders_1_and_2_efficiently_evolved,31,42,0.057971014492753624,39,33,0.0
darius.szablowski.egfr_binder_5___ggggs_3_linked_top_binders_1_and_2_efficiently_evolved_and_sapiens_evolved,44,44,0.03529411764705882,55,41,0.06666666666666667
deepsatflow.6aru_final_chain_a_domain_3_l138_s466479_mpnn9,34,38,0.0,33,37,0.0
deepsatflow.6aru_final_chain_a_domain_3_l142_s806907_mpnn1,24,29,0.0,28,29,0.0
deepsatflow.6aru_final_chain_a_domain_3_l147_s945609_mpnn1,24,32,0.0,29,28,0.0
dre.lgdl_egfr_001,9,59,0.0,17,28,0.0
dre.lgdl_egfr_008,14,21,0.16666666666666666,17,19,0.058823529411764705
duynth29.duy_l111_mpnn14,29,38,0.0,31,41,0.0
duynth29.duy_l111_mpnn14_i36m__l80m_l42m,28,41,0.0,31,43,0.0
duynth29.duy_l111_mpnn14_l80m_l42m,29,46,0.0273972602739726,32,41,0.0
duynth29.l148_mpnn1,26,33,0.0,30,30,0.0
duynth29.l88_mpnn5,25,40,0.0,33,35,0.0
eceiiitn786.8s2,25,49,0.15625,27,34,0.0
elian.elian1,31,35,0.0,29,37,0.0
elian.elian2,30,32,0.0,28,38,0.0
elian.elian3,30,34,0.0,31,37,0.0
elian.elian4,30,35,0.0,28,38,0.0
elian.elian5,31,34,0.0,29,37,0.0
enzo.morro.design_0_n_0_mpnn_1.117_plddt_0.713_i_ptm_0.082_i_pae_27.542_rmsd_25.669,24,44,0.21428571428571427,25,38,0.23529411764705882
enzo.morro.design_0_n_1_mpnn_1.085_plddt_0.817_i_ptm_0.076_i_pae_28.084_rmsd_25.372,28,50,0.08333333333333333,30,41,0.09230769230769231
enzo.morro.design_0_n_2_mpnn_1.120_plddt_0.858_i_ptm_0.072_i_pae_28.117_rmsd_30.276,28,53,0.208955223880597,25,44,0.0
fernando.meireles.design_hybrid_partial_diff_4_31_binder,28,39,0.03076923076923077,36,25,0.05172413793103448
fernando.meireles.design_hybrid_partial_diff_7_1_binder,22,60,0.06493506493506493,30,50,0.0
fernando.meireles.design_hybrid_partial_diff_9_54_binder,26,39,0.04838709677419355,32,37,0.0
fgndd1.fg_seq1,27,39,0.0,31,38,0.0
flowuenne.nf-proteindesign_design10,12,24,0.09090909090909091,13,20,0.0
flowuenne.nf-proteindesign_design7,17,20,0.0,19,15,0.0
flowuenne.nf-proteindesign_design8,15,14,0.0,22,10,0.0
gitter.yolo23,23,32,0.0,28,28,0.0
gitter.yolo46,27,38,0.0,26,29,0.0
gitter.yolo48,18,28,0.0,23,20,0.0
hughy.4krp_b_a_89_rnd3_full,11,25,0.0,13,24,0.0
hughy.7om4_b_a_17_rnd2_v2_full,33,47,0.08108108108108109,44,42,0.023809523809523808
hughy.7om4_b_a_180_rnd1_v1_full,15,36,0.0851063829787234,17,28,0.07142857142857142
hughy.7om4_b_a_33_rnd2_v2_full,24,27,0.0851063829787234,23,17,0.0
hughy.7om4_b_a_8_rnd2_v2_full,20,26,0.0,22,22,0.0
huiyu.cai.h3_15_2431_h,20,50,0.07692307692307693,16,47,0.0
huiyu.cai.h3_15_2847_h,21,24,0.046511627906976744,21,26,0.11904761904761904
huiyu.cai.h3_15_3351_h,11,22,0.13793103448275862,16,26,0.0
huiyu.cai.h3_15_4373_h,18,25,0.04878048780487805,20,25,0.0975609756097561
huiyu.cai.h3_15_877_h,26,48,0.04225352112676056,25,44,0.15
jack.li.egfrbindingcandidate_7,19,59,0.04,22,74,0.0
jakublala.epitope_1_20aa.pdb,11,42,0.06,23,17,0.0
jakublala.epitope_1_30aa.pdb,14,26,0.08108108108108109,19,15,0.0967741935483871
jakublala.epitope_2_30aa_1.pdb,9,31,0.0,15,21,0.02857142857142857
jakublala.full_dibinder_45aa.pdb,15,24,0.11428571428571428,17,21,0.05555555555555555
jakublala.full_dibinder_45aa_2.pdb,15,24,0.08333333333333333,17,19,0.02857142857142857
joaosartori2.c1,34,50,0.10526315789473684,40,38,0.08333333333333333
joaosartori2.c3,33,52,0.11842105263157894,41,42,0.07792207792207792
joaosartori2.c4,36,53,0.14102564102564102,43,40,0.09210526315789473
joaosartori2.c6,38,50,0.1282051282051282,38,40,0.11428571428571428
joel.rf_diffusion_trim_3,19,63,0.07894736842105263,24,32,0.0
jude.wells.21.6b3s_necitumumab_fused_trimmed_task_211_iter_150,24,31,0.0,26,30,0.0
jude.wells.21.6b3s_necitumumab_fused_trimmed_task_89_iter_216,24,30,0.0,26,31,0.0
jude.wells.21.6b3s_necitumumab_fused_trimmed_task_98_iter_184,22,31,0.0,26,28,0.0
jude.wells.21.panitumumab_fused_trimmed_crossbreed3,21,47,0.0,24,40,0.0
jude.wells.21.panitumumab_fused_trimmed_task_12_iter_123,22,32,0.0,24,34,0.0
julian.faust.becotatugxpimurutamab_scfv,24,30,0.0,23,32,0.0
julian.faust.demupitamab_mpnn_19_scfv,24,30,0.0,25,26,0.0
julian.faust.pimurutamab_mpnn_17_scfv,23,33,0.0,22,28,0.0
julian.faust.pimurutamab_mpnn_18_scfv,22,31,0.0,22,25,0.0
julian.faust.pimurutamabxbecotatug_scfv,24,30,0.0,24,26,0.0
julie.jg26n,17,27,0.07317073170731707,20,22,0.07692307692307693
julie.rj0aa,18,23,0.07894736842105263,19,19,0.05555555555555555
julie.ryfqy,16,24,0.02564102564102564,20,20,0.02564102564102564
junhee.park1999.egfr_binder_6,21,32,0.0,28,29,0.0
junhee.park1999.egfr_binder_7,21,32,0.0,28,28,0.0
junhee.park1999.egfr_binder_9,20,32,0.0,27,29,0.0
jvogt4.vogt_scfv_0128,23,50,0.07352941176470588,22,41,0.0
jvogt4.vogt_scfv_2009,19,47,0.015384615384615385,19,44,0.0
jvogt4.vogt_scfv_2143,24,42,0.06451612903225806,22,41,0.0
jvogt4.vogt_scfv_2279,22,46,0.0625,22,42,0.0
jvogt4.vogt_scfv_2470,18,47,0.04838709677419355,17,42,0.0
karmanyaaggarwal.ds002542,17,30,0.021739130434782608,16,27,0.0
karmanyaaggarwal.ds003076,18,28,0.045454545454545456,20,25,0.0
karmanyaaggarwal.ds004729,15,28,0.023809523809523808,18,22,0.02564102564102564
keaun.gafpvvfkadiarvsefvaigpstgylgslttmsgvnq,19,46,0.18181818181818182,21,28,0.0
keaun.gifgvvfkadiarvsidvaidystgylgslttfsgcnq,6,50,0.0,7,29,0.058823529411764705
keaun.gwfgvvfkadiagvsekvaielsggyegslttpsgwnq,16,55,0.0,23,33,0.2727272727272727
keaun.gwfgvvfkadiardsefvailesqgylssittfsgwnq,17,48,0.0,23,31,0.08
keaun.gwfgvvfkadiarvsefvaiglstgplgsestfsiwrq,14,47,0.08928571428571429,22,28,0.1111111111111111
kerrding.seq5,31,49,0.1111111111111111,37,38,0.11940298507462686
kerrding.seq6,33,47,0.0958904109589041,38,35,0.10606060606060606
kerrding.seq7,32,52,0.09090909090909091,42,36,0.13043478260869565
kerrding.seq8,34,48,0.09333333333333334,45,37,0.10810810810810811
kerrding.seq9,12,44,0.0,16,33,0.0
klima.jason.8hgo_design_4yyaf_0_0,24,70,0.08045977011494253,31,56,0.0
klima.jason.8hgo_design_8gswy_1_2,34,37,0.0,42,37,0.12857142857142856
klima.jason.8hgo_design_94eja_1_5,15,75,0.058823529411764705,21,57,0.16417910447761194
klima.jason.8hgo_design_jt8s1_0_3_proteinmpnn_20,50,49,0.042105263157894736,44,40,0.06329113924050633
klima.jason.8hgo_design_vdcjs_1_2,24,35,0.0,29,28,0.09615384615384616
kurumida.yoichi.mg_05,15,24,0.11428571428571428,16,21,0.08823529411764706
lennart.nickel.egfr_l114_s69310_mpnn7,22,29,0.0,24,29,0.0
lennart.nickel.egfr_l139_s63093_mpnn2,23,29,0.0,24,26,0.0
lennart.nickel.egfr_l170_s20625_mpnn10,32,38,0.0,32,37,0.0
lennart.nickel.egfr_l179_s82283_mpnn1,20,30,0.0,19,32,0.0
lennart.nickel.egfr_l98_s70756_mpnn3,20,30,0.0,25,27,0.0
lhallee.lhallee_128_driveid_1_2,29,82,0.11,44,58,0.13333333333333333
lhallee.lhallee_128_driveid_3_4,16,34,0.1111111111111111,21,31,0.08333333333333333
lhallee.lhallee_20_on_target_2000,11,39,0.0,17,14,0.0
lhallee.lhallee_40_full_driveid_8_9,11,43,0.0,15,28,0.04878048780487805
lhallee.lhallee_40_target_driveid_10,14,51,0.08333333333333333,19,32,0.10869565217391304
lyu.1,33,38,0.0,30,35,0.0
lyu.2,33,36,0.0,29,37,0.0
lyu.3,28,36,0.0,27,33,0.0
markus.braun.egfr_binder_1,49,70,0.034782608695652174,47,59,0.0
markus.braun.egfr_binder_3,64,31,0.1728395061728395,48,27,0.0
markus.braun.egfr_binder_6,54,64,0.0,48,61,0.0
markus.braun.egfr_binder_7,51,37,0.047619047619047616,47,27,0.0
markus.braun.egfr_binder_8,50,62,0.0,50,61,0.0
martin.egfr_l111_s89744_mpnn1,18,25,0.0,18,29,0.0
martin.egfr_l121_s46924_mpnn18,31,33,0.0,27,37,0.0
martin.egfr_l142_s75963_mpnn1,31,36,0.0,28,40,0.0
martin.egfr_l165_s31019_mpnn3,26,28,0.0,25,32,0.0
martin.egfr_l177_s77884_mpnn7,22,27,0.0,21,33,0.0
maxall4.egfr_ed_binder_l124_s860500_mpnn1_model1_unrelaxed_rank_001_alphafold2_multimer_v3_model_1_seed_000_top1_mutation_d81n_round1_chain_a,33,35,0.0,32,41,0.0
maxall4.egfr_ed_binder_l132_s581930_mpnn1_model1_unrelaxed_rank_001_alphafold2_multimer_v3_model_1_seed_000_top1_mutation_r79a_round1_chain_a,29,31,0.0,28,34,0.0
maxall4.egfr_ed_binder_l134_s906486_mpnn2_model1_unrelaxed_rank_001_alphafold2_multimer_v3_model_1_seed_000_top1_mutation_g108s_round1_y80d_chain_a,21,33,0.0,25,26,0.0
maxall4.egfr_ed_binder_l134_s906486_mpnn2_model1_unrelaxed_rank_001_alphafold2_multimer_v3_model_1_seed_000_top1_mutation_g108s_round1_chain_a,22,35,0.0,27,28,0.0
maxall4.egfr_trim_l126_s498823_mpnn2_model1_unrelaxed_rank_001_alphafold2_multimer_v3_model_1_seed_000_top1_mutation_l39g_round1_chain_a,26,38,0.0,30,32,0.0
mchrnwsk.marta_chronowska_dom1_l99_s666690_mpnn16,20,30,0.06382978723404255,26,25,0.0625
merlettaia.seq0v3,32,37,0.0,33,30,0.0
merlettaia.seq0v4,15,25,0.14285714285714285,19,21,0.17647058823529413
merlettaia.seq52v3,14,27,0.05128205128205128,25,24,0.0
merlettaia.seq6v4,9,25,0.0,10,21,0.06896551724137931
merlettaia.seq70v3,20,34,0.08,21,40,0.0
minji.lee.111,31,13,0.1,31,9,0.0
minji.lee.3458,15,51,0.03125,17,38,0.0
minji.lee.386,12,57,0.078125,11,37,0.0
minji.lee.3995,12,30,0.0,18,25,0.0
minji.lee.459,18,30,0.0,19,26,0.0
mlange05.a,27,36,0.08620689655172414,25,23,0.0
mlange05.b,31,37,0.0,31,34,0.0
mlange05.c,15,29,0.047619047619047616,23,28,0.0625
mosquitolkfo.nab_design_1,19,51,0.0,26,43,0.0
mosquitolkfo.nab_design_3,19,43,0.06896551724137931,26,42,0.0
mosquitolkfo.nab_design_6,18,46,0.04918032786885246,27,48,0.0
mosquitolkfo.nab_design_7,19,38,0.05555555555555555,24,42,0.0
mosquitolkfo.nab_design_9,20,43,0.06779661016949153,27,39,0.0
nhaas.2,25,36,0.0,27,32,0.0
nhaas.3,21,32,0.0,29,39,0.0
nhaas.4,22,41,0.0,25,53,0.0
nhaas.6,17,32,0.0,18,37,0.0784313725490196
nhaas.8,25,33,0.0,24,32,0.0
nicholas-schnicker.schnick_04,21,29,0.0,25,26,0.0
niklas.7a72d922-1677-4fc8-9315-d7996ba05d8e_l150_s530325711_mpnn12,20,32,0.08333333333333333,26,22,0.09090909090909091
niklas.95b59203-b642-4754-bcd3-8e670a722c8d_l91_s349792600_mpnn19,14,24,0.02702702702702703,15,17,0.06666666666666667
niklas.95b59203-b642-4754-bcd3-8e670a722c8d_l91_s349792600_mpnn2,16,26,0.05,16,18,0.0625
niklas.e5a28fa3-3501-41c2-922c-ec848e0bc020_l81_s514858345_mpnn4,26,31,0.0,29,34,0.0
niklas.ee4629a9-322f-48f0-884d-8f4418db9bce_l151_s241659642_mpnn11,35,37,0.1076923076923077,38,35,0.08955223880597014
nitesh.mishra3.stepwise_egf_based_egfr_binder_3,16,48,0.015873015873015872,17,33,0.08695652173913043
nitesh.mishra3.stepwise_rfdiff_egfr_binder_1,17,25,0.0,24,19,0.0
nitesh.mishra3.stepwise_scaffold_egfr_binder_6,17,25,0.0,24,19,0.0
noah.holzleitner.noah_egfr-binder_1,21,35,0.0,28,23,0.0
noah.holzleitner.noah_egfr-binder_2,21,31,0.0,29,23,0.0
noah.holzleitner.noah_egfr-binder_3,23,30,0.0,29,28,0.0
noah.holzleitner.noah_egfr-binder_4,16,20,0.0,18,20,0.0
noah.holzleitner.noah_egfr-binder_8,23,34,0.0,29,26,0.0
pastei5.egfr_binder_01,19,44,0.03278688524590164,16,32,0.0
paulafcfranklin.synth_rosetta_1,34,49,0.12162162162162163,42,38,0.0958904109589041
paulafcfranklin.synth_rosetta_10,36,50,0.11688311688311688,43,39,0.10810810810810811
paulafcfranklin.synth_rosetta_2,33,50,0.12162162162162163,41,38,0.0821917808219178
paulafcfranklin.synth_rosetta_3,35,51,0.11688311688311688,42,38,0.1111111111111111
paulafcfranklin.synth_rosetta_4,35,49,0.13513513513513514,39,38,0.1
paulafcfranklin.synth_rosetta_5,33,50,0.12162162162162163,43,38,0.0945945945945946
paulafcfranklin.synth_rosetta_6,36,50,0.11688311688311688,42,39,0.0945945945945946
paulafcfranklin.synth_rosetta_7,36,50,0.13157894736842105,39,39,0.09859154929577464
paulafcfranklin.synth_rosetta_8,34,49,0.12162162162162163,44,38,0.10810810810810811
paulafcfranklin.synth_rosetta_9,34,50,0.12,42,40,0.10810810810810811
praghava531.seq2,13,44,0.017857142857142856,15,38,0.0
qilin_y.test4,14,52,0.06451612903225806,18,33,0.0
qilin_y.test5,18,27,0.0,23,20,0.0
qilin_y.test6,22,58,0.06666666666666667,17,42,0.0
qilin_y.test7,11,21,0.03225806451612903,21,16,0.027777777777777776
qilin_y.test8,8,21,0.20833333333333334,12,15,0.0
qxy615.s1_rfd_base_46_60,15,30,0.0975609756097561,16,27,0.0
qxy615.s1_rfd_base_46_94,19,24,0.10256410256410256,24,20,0.1
qxy615.s1_rfd_comp_beta_782_81,13,24,0.027777777777777776,19,21,0.0
qy.qilin.yu.10-13-21_sample267_complex_42_complex,19,52,0.05970149253731343,24,37,0.1509433962264151
revoli.mutated_nab_5,34,29,0.14545454545454545,41,24,0.04838709677419355
revoli.mutated_nab_8,40,42,0.1232876712328767,47,41,0.011494252873563218
revoli.mutated_nab_9,35,44,0.05333333333333334,38,34,0.014084507042253521
rohith.mohan.model_67_69_2,22,32,0.0,25,28,0.0
round1zeroshot.k5q_n70s_k71r_n73t_s87t_n88d_r179k_k183r_e213d_s214p,23,30,0.0,23,28,0.0
s1995825.cotimed_egf_netsolp_usability_1,32,44,0.11764705882352941,39,34,0.08955223880597014
s1995825.cotimed_egf_netsolp_usability_2,32,46,0.11428571428571428,39,35,0.1044776119402985
s1995825.cotimed_egf_netsolp_usability_3,32,46,0.11428571428571428,39,35,0.08823529411764706
s1995825.cotimed_egf_netsolp_usability_4,33,49,0.10810810810810811,38,34,0.07462686567164178
s1995825.cotimed_egf_netsolp_usability_5,33,50,0.10666666666666667,37,35,0.07462686567164178
s1995825.cotimed_egf_netsolp_usability_6,32,45,0.11594202898550725,37,35,0.09090909090909091
s1995825.cotimed_egf_netsolp_usability_7,25,47,0.1076923076923077,22,35,0.0
s1995825.cotimed_egf_netsolp_usability_8,32,46,0.11428571428571428,38,34,0.1076923076923077
s1995825.timed_egf_netsolp_usability_consensus_1,32,46,0.11428571428571428,38,35,0.10606060606060606
s1995825.timed_egf_netsolp_usability_consensus_2,32,46,0.11428571428571428,37,34,0.07575757575757576
salireza111.seq119_3_001_8,14,30,0.023255813953488372,15,27,0.0
salireza111.seq166_1_001_7,17,22,0.02631578947368421,18,16,0.030303030303030304
salireza111.seq166_3_002_4,15,39,0.0,19,32,0.0851063829787234
salireza111.seq166_7_003_9,17,53,0.06060606060606061,18,31,0.0425531914893617
salireza111.seq206_1_001_6,22,28,0.06382978723404255,22,19,0.0
silvia.toscani.b_egfr_6,21,23,0.1282051282051282,27,18,0.0
spacecruiser42.d2_prompt_binder_t0.8_42,10,44,0.058823529411764705,15,15,0.1111111111111111
spacecruiser42.d2_prompt_binder_t0.8_88,11,21,0.10344827586206896,15,9,0.043478260869565216
spacecruiser42.d2_prompt_binder_t1.0_139,15,41,0.14285714285714285,22,13,0.0
spacecruiser42.d2_prompt_binder_t1.0_22,13,39,0.13043478260869565,20,15,0.0
spacecruiser42.d2_prompt_binder_t1.0_37,11,30,0.0,20,14,0.0
ssomani.17,16,25,0.0,16,20,0.0
stocco.filippo.1.3.3.18_13_0_iteration12_1.0279718223732435,14,46,0.01694915254237288,22,31,0.0
stocco.filippo.1.3.3.18_37_0_iteration3_1.024851931427025,15,46,0.05172413793103448,21,31,0.0
stocco.filippo.1.3.3.18_40_0_iteration12_1.0321554292304749,35,51,0.11688311688311688,42,40,0.1388888888888889
stocco.filippo.1.3.3.18_4_2_iteration0_1.0407930462953479,36,50,0.13157894736842105,40,38,0.14705882352941177
stocco.filippo.1.3.3.18_51_2_iteration3_1.0356664070457622,32,49,0.06578947368421052,41,39,0.1111111111111111
stocco.filippo.1.3.3.18_65_0_iteration3_1.028317065130863,33,51,0.10526315789473684,43,39,0.09333333333333334
tadaskluonis.cotimed_egf_bcseq_0,30,46,0.08571428571428572,39,32,0.12698412698412698
tadaskluonis.cotimed_egf_bcseq_1,33,48,0.125,39,36,0.10294117647058823
tadaskluonis.cotimed_egf_bcseq_2,33,47,0.1111111111111111,40,35,0.08695652173913043
tadej.satler.egfr_binder_3,31,51,0.0379746835443038,26,60,0.0
tarkhov.andrey.erithacus_rubecula_gigantus_1,27,75,0.009900990099009901,27,71,0.10112359550561797
tarkhov.andrey.erithacus_rubecula_gigantus_4,25,56,0.08,35,51,0.0
tarkhov.andrey.erithacus_rubecula_gigantus_7,26,60,0.023809523809523808,37,60,0.031914893617021274
tarkhov.andrey.erithacus_rubecula_gigantus_8,33,75,0.04854368932038835,32,71,0.061855670103092786
tarkhov.andrey.erithacus_rubecula_gigantus_9,16,76,0.045454545454545456,19,87,0.0
tiejun.wei.egfr_binder_design_208_dldesign_10_af2pred.pdb_a,32,58,0.16883116883116883,48,39,0.14473684210526316
tim.silica_corpora_regions_sampled_epitope_0_generated_variant_6_rank_7_phase_2,11,48,0.07272727272727272,12,53,0.0
tim.silica_corpora_regions_sampled_epitope_2_generated_variant_8_rank_3_phase_2,33,43,0.013333333333333334,33,36,0.0
tim.silica_corpora_sampled_epitope_0_generated_variant_1_rank_8_phase_2,21,32,0.0392156862745098,17,26,0.10256410256410256
tim.silica_corpora_sampled_epitope_0_generated_variant_8_rank_1_phase_2,21,28,0.06521739130434782,20,27,0.09302325581395349
tim.silica_corpora_sampled_epitope_2_generated_variant_9_rank_6_phase_2,19,47,0.047619047619047616,24,52,0.10144927536231885
toluwase.fatoki.toluwase_sequence3_119,10,66,0.05555555555555555,14,49,0.08620689655172414
toluwase.fatoki.toluwase_sequence4_148,28,26,0.0,27,28,0.0
toluwase.fatoki.toluwase_sequence6_112,21,60,0.1095890410958904,23,41,0.0
wtj19921231.egfr_binder_design_208_dldesign_0_cycle1_run5_af2pred.pdb_a,20,61,0.06578947368421052,23,37,0.2
x.rustamov.p_vhh_partial_1_32,16,37,0.0392156862745098,19,46,0.0
x.rustamov.traj_11_8_model_5_0,23,44,0.046875,22,32,0.018867924528301886
x.rustamov.traj_4_8_model_1_5,24,49,0.10606060606060606,28,39,0.0
x.rustamov.traj_6_1_model_1_8,24,43,0.06349206349206349,23,40,0.0
x.rustamov.traj_9_8_model_1_0,14,44,0.017543859649122806,18,40,0.0
xiuming_li2015.eureka_seq_1,21,30,0.0,24,32,0.0
xiuming_li2015.eureka_seq_3,23,22,0.0,23,21,0.0
xiuming_li2015.eureka_seq_4,21,27,0.0,23,30,0.0
youngsuko2000.fast4,37,56,0.13414634146341464,42,41,0.136986301369863
youngsuko2000.last,38,52,0.125,48,40,0.1282051282051282
youngsuko2000.queen,37,58,0.11764705882352941,45,42,0.12987012987012986
z_peplib.pepseq_design_6,13,56,0.09523809523809523,22,39,0.0
z_peplib.pepseq_design_8,11,54,0.031746031746031744,16,35,0.0
z_peplib.pepseq_design_9,19,47,0.11864406779661017,33,31,0.0
zalavi.shortrustamov_ggg_zalavi3,54,59,0.046296296296296294,58,61,0.043859649122807015
zalavi.zalavi3_ggg_shortpacesa,27,33,0.0,26,37,0.0
zalavi.zalavi3_mergedaltered_rustamov,53,37,0.0,59,36,0.0
zhoup1366.dbz1___a,19,26,0.022727272727272728,16,25,0.05128205128205128
zhoup1366.dbz10___a,17,29,0.12195121951219512,17,22,0.0
zhoup1366.dbz6___a,16,21,0.0,19,27,0.0
zhoup1366.dbz7___a,20,25,0.046511627906976744,25,24,0.0
zhoup1366.dbz8___a,15,40,0.018518518518518517,21,40,0.0
zulfatmi.pocket1pep78,13,28,0.0,32,14,0.1794871794871795
zulfatmi.pocket2pep63,7,36,0.10256410256410256,14,14,0.12
zulfatmi.pocket7pep42,11,27,0.0,17,10,0.0
