complex,AF3_binder_Interface_size,HelixFold3_binder_interface_size,Binder_Jaccard,AF3_Target_interface_size,HelixFold3_Target_interface_size,target_jaccard
724928537.dbz6___a,24,12,0.3333333333333333,25,14,0.0
724928537.dbz7___a,14,15,0.0,16,18,0.0
724928537.dbz8___a,17,23,0.14285714285714285,16,27,0.19444444444444445
ali.rasouli.intern.model_77_142_3,22,32,0.2,23,39,0.24
amirm.mhosseini.seq1,36,20,0.36585365853658536,41,25,0.5
amirm.mhosseini.seq3,16,15,0.4090909090909091,18,17,0.8421052631578947
amirm.mhosseini.seq4,19,15,0.4782608695652174,16,18,0.7
amirm.mhosseini.seq9,18,15,0.43478260869565216,18,21,0.6956521739130435
human_egf,33,33,0.65,40,35,0.7857142857142857
reed.harrison.model_56_119_0,20,19,0.95,32,27,0.7352941176470589
a.tucs.andrejs_tucs_seq1,31,31,0.9375,40,38,0.9024390243902439
a.tucs.andrejs_tucs_seq10,30,29,0.9032258064516129,41,40,0.9285714285714286
a.tucs.andrejs_tucs_seq2,32,32,1.0,40,41,0.8837209302325582
a.tucs.andrejs_tucs_seq3,31,31,0.9375,40,41,0.8837209302325582
a.tucs.andrejs_tucs_seq4,30,32,0.8787878787878788,39,38,0.925
a.tucs.andrejs_tucs_seq5,31,29,0.9354838709677419,37,36,0.9210526315789473
a.tucs.andrejs_tucs_seq6,18,19,0.5416666666666666,24,31,0.5277777777777778
a.tucs.andrejs_tucs_seq7,32,20,0.4444444444444444,38,35,0.6590909090909091
a.tucs.andrejs_tucs_seq8,31,32,0.96875,39,37,0.9
a.tucs.andrejs_tucs_seq9,31,30,0.90625,36,36,0.8947368421052632
akash.arunabharathi.design10,15,22,0.37037037037037035,20,30,0.0
akash.arunabharathi.design3,11,17,0.16666666666666666,18,22,0.0
akash.arunabharathi.design4,14,20,0.0967741935483871,24,23,0.0
akash.arunabharathi.design8,19,17,0.2857142857142857,20,26,0.1794871794871795
akash.arunabharathi.design9,8,20,0.037037037037037035,13,19,0.10344827586206896
alan.blakely.12_3,40,44,0.5849056603773585,41,42,0.45614035087719296
alan.blakely.12_6,33,53,0.5925925925925926,36,54,0.5789473684210527
alan.blakely.16_2,41,43,0.5555555555555556,45,47,0.7358490566037735
alecl.relaxeda,32,23,0.6176470588235294,36,31,0.675
alecl.unrelaxeda,28,29,0.9,40,40,0.8604651162790697
alejandro.corrochano-navarro.eng_scfv_binder_1,22,18,0.8181818181818182,23,22,0.875
alejandro.corrochano-navarro.eng_scfv_binder_2,22,19,0.782608695652174,22,20,0.8260869565217391
alejandro.corrochano-navarro.eng_scfv_binder_3,22,20,0.8260869565217391,23,22,0.875
alessio.daddio.ad_1,31,30,0.7941176470588235,36,34,0.75
alessio.daddio.ad_4,30,27,0.78125,27,26,0.8928571428571429
alessio.daddio.ad_9,23,23,0.9166666666666666,26,26,0.9259259259259259
alex.naka.blastoise,33,25,0.3488372093023256,41,44,0.6666666666666666
alex.naka.charizard,16,23,0.21875,23,32,0.27906976744186046
alex.naka.charmander,36,25,0.4186046511627907,43,37,0.5384615384615384
alex.naka.charmeleon,17,14,0.10714285714285714,21,20,0.0
alex.naka.ivysaur,33,24,0.35714285714285715,36,35,0.5106382978723404
alex.naka.squirtle,31,15,0.3939393939393939,44,19,0.2857142857142857
alex.naka.venusaur,15,16,0.4090909090909091,20,19,0.6956521739130435
alex.naka.wartortle,31,15,0.35294117647058826,43,18,0.38636363636363635
allongoldberg.3_52,16,13,0.0,21,16,0.0
allongoldberg.3_52_10_refined_ideal,20,13,0.43478260869565216,26,21,0.0
allongoldberg.3_52_1_refined,16,20,0.3333333333333333,23,29,0.5294117647058824
allongoldberg.4_44,20,21,0.10810810810810811,24,24,0.043478260869565216
allongoldberg.4_44_0_refined,19,22,0.64,27,27,0.6875
allongoldberg.4_44_14_refined_ideal,22,16,0.52,27,19,0.7037037037037037
amelie.schreiber.model_56_119_15,20,20,0.9047619047619048,32,27,0.84375
amelie.schreiber.model_60_151_9,23,20,0.72,30,28,0.7575757575757576
amelie.schreiber.model_83_156_16,30,29,0.84375,33,30,0.75
amirmhosseini47.mohammad_seq2,34,35,0.8648648648648649,39,43,0.9069767441860465
antorsae.t0.1_sample939_score0.9451_global_score1.3625_seq_recovery0.4250,13,15,0.8666666666666667,22,23,0.9565217391304348
antorsae.ta525_0_0,14,26,0.48148148148148145,22,37,0.5128205128205128
antorsae.ta_4_4,16,14,0.6666666666666666,23,17,0.3333333333333333
antorsae.ta_4_5,17,14,0.7222222222222222,22,19,0.28125
antorsae.ta_5_1,11,13,0.09090909090909091,19,17,0.0
antorsae.ta_5_2,18,14,0.5238095238095238,25,15,0.3333333333333333
antorsae.ta_5_3,16,20,0.5,22,25,0.23684210526315788
antorsae.ta397unsafety_2,11,23,0.3076923076923077,20,35,0.41025641025641024
areddy.egfr_l169_s781475,30,28,0.8709677419354839,36,33,0.8157894736842105
aswini.clipgen30,14,31,0.2857142857142857,15,41,0.2727272727272727
aswini.seed1,32,19,0.1590909090909091,44,29,0.0
aswini.seed1_1,26,19,0.2857142857142857,40,22,0.0
aswini.seed2_1,27,22,0.4,36,27,0.0
aswini.seed2_3,29,18,0.09302325581395349,29,20,0.0
aswinijavadi160197.8_a,10,15,0.47058823529411764,12,19,0.0
aureliabustos.bce_var433,31,30,0.967741935483871,37,37,0.7619047619047619
aureliabustos.bce_var464,31,31,1.0,40,37,0.75
aureliabustos.bce_var702,30,29,0.9666666666666667,38,36,0.85
aureliabustos.wt_noised_i_scaffold_shorted_var71,34,27,0.6486486486486487,39,35,0.7209302325581395
aureliabustos.wwt_noised_i_scaffold_shorted_var6640,32,33,0.4772727272727273,39,39,0.56
aureliabustos.wwt_noised_i_scaffold_shorted_var7524,34,15,0.32432432432432434,37,20,0.26666666666666666
aureliabustos.wwt_noised_i_scaffold_shorted_var8423,33,31,0.8823529411764706,38,40,0.6956521739130435
aureliabustos.wwt_noised_i_scaffold_shorted_var9391,31,19,0.3888888888888889,38,26,0.391304347826087
baptiste.roelens.ognk,23,30,0.6060606060606061,27,29,0.6
begonia.sp.13.egfr_l110_s478327_mpnn7_model2,28,27,0.9642857142857143,28,27,0.896551724137931
begonia.sp.13.egfr_l61_s456546_mpnn1_model1,21,26,0.6206896551724138,28,36,0.5609756097560976
begonia.sp.13.egfr_l88_s11832_mpnn1_model2,23,25,0.6,27,24,0.8214285714285714
binom16.pocket1pep15,9,13,0.4666666666666667,18,24,0.16666666666666666
binom16.pocket2pep86,11,13,0.5,16,30,0.2777777777777778
binom16.pocket2pep89,9,11,0.5384615384615384,14,22,0.38461538461538464
binom16.pocket3pep98,12,12,0.3333333333333333,18,19,0.0
binom16.pocket7pep80,9,15,0.5,16,21,0.5416666666666666
biolucasmachado.engineered_binder_1,15,27,0.2,17,30,0.20512820512820512
biolucasmachado.engineered_binder_2,19,22,0.24242424242424243,22,42,0.3617021276595745
biolucasmachado.engineered_binder_3,29,22,0.34210526315789475,41,24,0.4444444444444444
biolucasmachado.engineered_binder_4,38,31,0.5333333333333333,46,37,0.5370370370370371
biolucasmachado.engineered_binder_5,35,26,0.4523809523809524,41,37,0.6595744680851063
biolucasmachado.engineered_binder_6,36,34,0.8918918918918919,43,42,0.8478260869565217
biolucasmachado.engineered_binder_7,33,19,0.3333333333333333,41,23,0.5238095238095238
biolucasmachado.engineered_binder_8,35,26,0.4523809523809524,41,31,0.6744186046511628
biolucasmachado.engineered_binder_9,28,28,0.8064516129032258,40,37,0.8333333333333334
briannaughton.1_plus_2,30,37,0.717948717948718,29,40,0.6829268292682927
briannaughton.1_plus_egfr,50,52,0.7586206896551724,52,53,0.8421052631578947
briannaughton.2_plus_1,38,29,0.6341463414634146,40,30,0.75
briannaughton.2_plus_2,56,57,0.5915492957746479,59,62,0.4069767441860465
briannaughton.egfr_plus_egfr,37,26,0.23529411764705882,43,31,0.5416666666666666
bronte.egfr_binder_4_91,14,25,0.56,17,28,0.45161290322580644
bundit.b_s18.manbaritone_seq3_egfr-binder-70-100_beta_303_dldesign_6_lenght71,29,26,0.8333333333333334,25,25,1.0
bundit.b_s18.manbaritone_seq5_egfr-binder-70-100_beta_303_dldesign_1_length71,28,10,0.35714285714285715,27,15,0.0
bundit.b_s18.manbaritone_seq6_egfr-binder-70-100_beta_778_dldesign_0_length71,25,13,0.46153846153846156,28,14,0.4
cameron.kroll.gertrude_gen3,29,24,0.7666666666666667,28,28,0.8064516129032258
cameron.kroll.gertrude_gen3_s69d_n61e,23,25,0.5,21,28,0.48484848484848486
cameron.kroll.gertrude_gen5,28,24,0.5757575757575758,31,24,0.7741935483870968
cameron.kroll.gertrude_gen6,28,26,0.6363636363636364,29,30,0.84375
cameron.kroll.leitner,29,25,0.5882352941176471,27,28,0.057692307692307696
carson.vaux.baker1_18,16,13,0.45,22,16,0.0
cbrown.cbrown_0005_2_egfr_l81_s801188_mpnn1_model1,25,26,0.8888888888888888,25,23,0.8461538461538461
ccalia.paesani_lab_design1,31,46,0.4528301886792453,30,50,0.48148148148148145
ccalia.paesani_lab_design2,43,56,0.4142857142857143,54,66,0.31868131868131866
ccalia.paesani_lab_design3,37,47,0.423728813559322,44,60,0.4857142857142857
ccalia.paesani_lab_design8,31,40,0.16393442622950818,30,45,0.36363636363636365
ccalia.paesani_lab_design9,38,59,0.5396825396825397,39,60,0.5714285714285714
cchallacombe.1,20,13,0.2222222222222222,24,17,0.0
cchallacombe.4,29,22,0.275,35,26,0.0
cchallacombe.6,18,30,0.45454545454545453,14,30,0.0
chenceshi1105.steven_binder_design_l75_s60968_it100_mpnn0,26,27,0.9629629629629629,27,26,0.9629629629629629
chenceshi1105.steven_binder_design_l82_s44755_it100_mpnn6,26,28,0.7419354838709677,22,23,0.8
chenceshi1105.steven_binder_design_l89_s48081_it100_mpnn4,20,19,0.95,20,23,0.8695652173913043
christoph.gruber.binder12_1,13,26,0.18181818181818182,19,27,0.3939393939393939
christoph.gruber.upperbinder_scaffold1_lowerbinder,37,20,0.425,59,25,0.2727272727272727
christoph.gruber.upperbinder_scaffold2_lowerbinder,43,11,0.038461538461538464,64,12,0.13432835820895522
christoph.gruber.upperbinder_scaffold3_lowerbinder,33,19,0.3333333333333333,54,20,0.027777777777777776
christoph.gruber.upperbinder_xten_lowerbinder,26,33,0.37209302325581395,40,42,0.10810810810810811
chrisxushaoyong.hu_nano1_1_ff3e18,24,28,0.2682926829268293,26,31,0.2127659574468085
chrisxushaoyong.hu_nano1_3_eef94e,15,12,0.5,20,14,0.4782608695652174
chrisxushaoyong.hu_nano1_5_559c85,13,13,0.13043478260869565,16,14,0.0
chrisxushaoyong.hu_nano2_2_7ef96e,20,31,0.21428571428571427,26,33,0.0
chrisxushaoyong.hu_nano2_4_85252b,17,13,0.0,27,17,0.0
chuh.egfr_seg1_l58_s941869_mpnn2,15,13,0.8666666666666667,18,17,0.9444444444444444
chuh.egfr_seg2_l58_s53469_mpnn1,26,27,0.9629629629629629,28,28,0.9310344827586207
chuh.egfr_seg2_l62_s244475_mpnn4,24,13,0.48,26,21,0.0
colby.tupegfr_001___anti-egfr_fv-like_protein_diffused_with_evodiff,38,31,0.014705882352941176,32,29,0.2708333333333333
colby.tupegfr_006___anti-egfr_fv-like_protein_diffused_with_evodiff,32,40,0.14285714285714285,27,41,0.1724137931034483
colby.tupegfr_010___anti-egfr_fv-like_protein_diffused_with_evodiff,18,40,0.13725490196078433,16,45,0.24489795918367346
colby.tupegfr_012___anti-egfr_fv-like_protein_diffused_with_evodiff,19,47,0.03125,23,63,0.08860759493670886
colby.tupegfr_018___anti-egfr_fv-like_protein_diffused_with_esm3,26,15,0.0,27,24,0.4166666666666667
coreyhowe99.corey82,26,24,0.8518518518518519,29,28,0.7272727272727273
darius.szablowski.egfr_binder_1___top_binder_1,21,22,0.7916666666666666,27,28,0.896551724137931
darius.szablowski.egfr_binder_2___ggggs_3_linked_top_binders_1_and_2,41,32,0.46,48,38,0.3870967741935484
darius.szablowski.egfr_binder_3___ggggs_3_linked_top_binders_1_rev_and_2_rev,23,10,0.1,24,14,0.0
darius.szablowski.egfr_binder_4___ggggs_3_linked_top_binders_1_and_2_efficiently_evolved,31,27,0.6571428571428571,39,29,0.5813953488372093
darius.szablowski.egfr_binder_5___ggggs_3_linked_top_binders_1_and_2_efficiently_evolved_and_sapiens_evolved,44,34,0.3220338983050847,55,36,0.4444444444444444
deepsatflow.6aru_final_chain_a_domain_3_l138_s466479_mpnn9,34,34,0.7435897435897436,33,38,0.4489795918367347
deepsatflow.6aru_final_chain_a_domain_3_l142_s806907_mpnn1,24,22,0.7692307692307693,28,23,0.8214285714285714
deepsatflow.6aru_final_chain_a_domain_3_l147_s945609_mpnn1,24,23,0.7407407407407407,29,23,0.6774193548387096
dre.lgdl_egfr_001,9,27,0.2,17,43,0.0
dre.lgdl_egfr_008,14,25,0.3448275862068966,17,37,0.2857142857142857
duynth29.duy_l111_mpnn14,29,31,0.875,31,31,0.8235294117647058
duynth29.duy_l111_mpnn14_i36m__l80m_l42m,28,35,0.8,31,30,0.6944444444444444
duynth29.duy_l111_mpnn14_l80m_l42m,29,31,0.7647058823529411,32,31,0.75
duynth29.l148_mpnn1,26,25,0.9615384615384616,30,28,0.8709677419354839
duynth29.l88_mpnn5,25,19,0.6296296296296297,33,21,0.5882352941176471
eceiiitn786.8s2,25,24,0.4,27,32,0.0
elian.elian1,31,29,0.875,29,32,0.8484848484848485
elian.elian2,30,29,0.7352941176470589,28,29,0.8387096774193549
elian.elian3,30,27,0.78125,31,26,0.8387096774193549
elian.elian4,30,28,0.8125,28,27,0.896551724137931
elian.elian5,31,30,0.90625,29,32,0.7941176470588235
enzo.morro.design_0_n_0_mpnn_1.117_plddt_0.713_i_ptm_0.082_i_pae_27.542_rmsd_25.669,24,8,0.0,25,9,0.3076923076923077
enzo.morro.design_0_n_1_mpnn_1.085_plddt_0.817_i_ptm_0.076_i_pae_28.084_rmsd_25.372,28,18,0.12195121951219512,30,18,0.2972972972972973
enzo.morro.design_0_n_2_mpnn_1.120_plddt_0.858_i_ptm_0.072_i_pae_28.117_rmsd_30.276,28,20,0.2,25,24,0.0
fernando.meireles.design_hybrid_partial_diff_4_31_binder,28,30,0.3488372093023256,36,35,0.22413793103448276
fernando.meireles.design_hybrid_partial_diff_7_1_binder,22,22,0.2222222222222222,30,24,0.0
fernando.meireles.design_hybrid_partial_diff_9_54_binder,26,22,0.17073170731707318,32,23,0.1702127659574468
fgndd1.fg_seq1,27,30,0.78125,31,31,0.8787878787878788
flowuenne.nf-proteindesign_design10,12,10,0.0,13,15,0.0
flowuenne.nf-proteindesign_design7,17,7,0.3333333333333333,19,12,0.47619047619047616
flowuenne.nf-proteindesign_design8,15,18,0.32,22,25,0.20512820512820512
gitter.yolo23,23,24,0.8076923076923077,28,30,0.8709677419354839
gitter.yolo46,27,26,0.8928571428571429,26,30,0.8666666666666667
gitter.yolo48,18,17,0.8421052631578947,23,25,0.92
hughy.4krp_b_a_89_rnd3_full,11,31,0.3548387096774194,13,37,0.0
hughy.7om4_b_a_17_rnd2_v2_full,33,34,0.4888888888888889,44,40,0.037037037037037035
hughy.7om4_b_a_180_rnd1_v1_full,15,14,0.8125,17,18,0.75
hughy.7om4_b_a_33_rnd2_v2_full,24,16,0.42857142857142855,23,17,0.0
hughy.7om4_b_a_8_rnd2_v2_full,20,14,0.36,22,22,0.047619047619047616
huiyu.cai.h3_15_2431_h,20,25,0.5517241379310345,16,28,0.0
huiyu.cai.h3_15_2847_h,21,11,0.23076923076923078,21,13,0.4782608695652174
huiyu.cai.h3_15_3351_h,11,18,0.2608695652173913,16,21,0.0
huiyu.cai.h3_15_4373_h,18,30,0.45454545454545453,20,33,0.358974358974359
huiyu.cai.h3_15_877_h,26,30,0.47368421052631576,25,30,0.14583333333333334
jack.li.egfrbindingcandidate_7,19,15,0.1724137931034483,22,16,0.0
jakublala.epitope_1_20aa.pdb,11,10,0.3125,23,25,0.37142857142857144
jakublala.epitope_1_30aa.pdb,14,12,0.625,19,17,0.0
jakublala.epitope_2_30aa_1.pdb,9,13,0.375,15,18,0.43478260869565216
jakublala.full_dibinder_45aa.pdb,15,18,0.7368421052631579,17,23,0.6666666666666666
jakublala.full_dibinder_45aa_2.pdb,15,19,0.6190476190476191,17,21,0.7272727272727273
joaosartori2.c1,34,29,0.575,40,41,0.62
joaosartori2.c3,33,26,0.43902439024390244,41,36,0.6382978723404256
joaosartori2.c4,36,26,0.4090909090909091,43,45,0.6296296296296297
joaosartori2.c6,38,30,0.5454545454545454,38,35,0.5869565217391305
joel.rf_diffusion_trim_3,19,20,0.08333333333333333,24,33,0.0
jude.wells.21.6b3s_necitumumab_fused_trimmed_task_211_iter_150,24,24,1.0,26,26,0.9259259259259259
jude.wells.21.6b3s_necitumumab_fused_trimmed_task_89_iter_216,24,23,0.9583333333333334,26,27,0.8928571428571429
jude.wells.21.6b3s_necitumumab_fused_trimmed_task_98_iter_184,22,29,0.7586206896551724,26,26,0.6774193548387096
jude.wells.21.panitumumab_fused_trimmed_crossbreed3,21,22,0.9545454545454546,24,24,0.8461538461538461
jude.wells.21.panitumumab_fused_trimmed_task_12_iter_123,22,26,0.6551724137931034,24,33,0.6764705882352942
julian.faust.becotatugxpimurutamab_scfv,24,23,0.9583333333333334,23,23,0.84
julian.faust.demupitamab_mpnn_19_scfv,24,22,0.9166666666666666,25,21,0.84
julian.faust.pimurutamab_mpnn_17_scfv,23,18,0.782608695652174,22,19,0.7083333333333334
julian.faust.pimurutamab_mpnn_18_scfv,22,11,0.13793103448275862,22,14,0.2413793103448276
julian.faust.pimurutamabxbecotatug_scfv,24,18,0.75,24,22,0.84
julie.jg26n,17,18,0.9444444444444444,20,21,0.7083333333333334
julie.rj0aa,18,18,1.0,19,21,0.8181818181818182
julie.ryfqy,16,16,1.0,20,20,0.9047619047619048
junhee.park1999.egfr_binder_6,21,21,0.4482758620689655,28,19,0.09302325581395349
junhee.park1999.egfr_binder_7,21,24,0.36363636363636365,28,20,0.0
junhee.park1999.egfr_binder_9,20,8,0.2727272727272727,27,10,0.32142857142857145
jvogt4.vogt_scfv_0128,23,19,0.4,22,23,0.36363636363636365
jvogt4.vogt_scfv_2009,19,15,0.6190476190476191,19,23,0.5
jvogt4.vogt_scfv_2143,24,15,0.11428571428571428,22,19,0.0
jvogt4.vogt_scfv_2279,22,15,0.6818181818181818,22,18,0.8181818181818182
jvogt4.vogt_scfv_2470,18,29,0.23684210526315788,17,25,0.0
karmanyaaggarwal.ds002542,17,22,0.625,16,20,0.38461538461538464
karmanyaaggarwal.ds003076,18,21,0.3,20,23,0.43333333333333335
karmanyaaggarwal.ds004729,15,23,0.3103448275862069,18,26,0.3333333333333333
keaun.gafpvvfkadiarvsefvaigpstgylgslttmsgvnq,19,20,0.39285714285714285,21,33,0.14893617021276595
keaun.gifgvvfkadiarvsidvaidystgylgslttfsgcnq,6,27,0.17857142857142858,7,36,0.13157894736842105
keaun.gwfgvvfkadiagvsekvaielsggyegslttpsgwnq,16,16,0.28,23,18,0.41379310344827586
keaun.gwfgvvfkadiardsefvailesqgylssittfsgwnq,17,16,0.375,23,24,0.7407407407407407
keaun.gwfgvvfkadiarvsefvaiglstgplgsestfsiwrq,14,12,0.625,22,17,0.6956521739130435
kerrding.seq5,31,29,0.875,37,36,0.9210526315789473
kerrding.seq6,33,33,0.9411764705882353,38,40,0.8571428571428571
kerrding.seq7,32,28,0.6666666666666666,42,37,0.6808510638297872
kerrding.seq8,34,26,0.5,45,34,0.5192307692307693
kerrding.seq9,12,15,0.125,16,16,0.0
klima.jason.8hgo_design_4yyaf_0_0,24,41,0.3829787234042553,31,56,0.17567567567567569
klima.jason.8hgo_design_8gswy_1_2,34,31,0.16071428571428573,42,28,0.25
klima.jason.8hgo_design_94eja_1_5,15,25,0.14285714285714285,21,42,0.23529411764705882
klima.jason.8hgo_design_jt8s1_0_3_proteinmpnn_20,50,13,0.016129032258064516,44,17,0.2978723404255319
klima.jason.8hgo_design_vdcjs_1_2,24,26,0.13636363636363635,29,34,0.06779661016949153
kurumida.yoichi.mg_05,15,16,0.8235294117647058,16,18,0.8888888888888888
lennart.nickel.egfr_l114_s69310_mpnn7,22,24,0.7037037037037037,24,23,0.8076923076923077
lennart.nickel.egfr_l139_s63093_mpnn2,23,23,0.84,24,22,0.84
lennart.nickel.egfr_l170_s20625_mpnn10,32,29,0.90625,32,30,0.8235294117647058
lennart.nickel.egfr_l179_s82283_mpnn1,20,20,0.9047619047619048,19,20,0.95
lennart.nickel.egfr_l98_s70756_mpnn3,20,12,0.03225806451612903,25,15,0.0
lhallee.lhallee_128_driveid_1_2,29,27,0.14285714285714285,44,27,0.2033898305084746
lhallee.lhallee_128_driveid_3_4,16,24,0.08108108108108109,21,31,0.18181818181818182
lhallee.lhallee_20_on_target_2000,11,11,0.375,17,15,0.0
lhallee.lhallee_40_full_driveid_8_9,11,24,0.34615384615384615,15,34,0.225
lhallee.lhallee_40_target_driveid_10,14,28,0.4,19,41,0.2765957446808511
lyu.1,33,30,0.8,30,30,0.875
lyu.2,33,30,0.9090909090909091,29,30,0.9032258064516129
lyu.3,28,26,0.42105263157894735,27,31,0.0
markus.braun.egfr_binder_1,49,43,0.84,47,45,0.9166666666666666
markus.braun.egfr_binder_3,64,19,0.024691358024691357,48,16,0.06666666666666667
markus.braun.egfr_binder_6,54,42,0.6551724137931034,48,45,0.7547169811320755
markus.braun.egfr_binder_7,51,11,0.08771929824561403,47,17,0.015873015873015872
markus.braun.egfr_binder_8,50,29,0.0821917808219178,50,32,0.09333333333333334
martin.egfr_l111_s89744_mpnn1,18,21,0.6956521739130435,18,19,0.6818181818181818
martin.egfr_l121_s46924_mpnn18,31,17,0.0,27,22,0.2894736842105263
martin.egfr_l142_s75963_mpnn1,31,30,0.05172413793103448,28,37,0.27450980392156865
martin.egfr_l165_s31019_mpnn3,26,24,0.8518518518518519,25,24,0.96
martin.egfr_l177_s77884_mpnn7,22,14,0.16129032258064516,21,12,0.0
maxall4.egfr_ed_binder_l124_s860500_mpnn1_model1_unrelaxed_rank_001_alphafold2_multimer_v3_model_1_seed_000_top1_mutation_d81n_round1_chain_a,33,36,0.8648648648648649,32,35,0.8611111111111112
maxall4.egfr_ed_binder_l132_s581930_mpnn1_model1_unrelaxed_rank_001_alphafold2_multimer_v3_model_1_seed_000_top1_mutation_r79a_round1_chain_a,29,21,0.7241379310344828,28,23,0.8214285714285714
maxall4.egfr_ed_binder_l134_s906486_mpnn2_model1_unrelaxed_rank_001_alphafold2_multimer_v3_model_1_seed_000_top1_mutation_g108s_round1_y80d_chain_a,21,22,0.7916666666666666,25,26,0.8214285714285714
maxall4.egfr_ed_binder_l134_s906486_mpnn2_model1_unrelaxed_rank_001_alphafold2_multimer_v3_model_1_seed_000_top1_mutation_g108s_round1_chain_a,22,21,0.8695652173913043,27,25,0.7931034482758621
maxall4.egfr_trim_l126_s498823_mpnn2_model1_unrelaxed_rank_001_alphafold2_multimer_v3_model_1_seed_000_top1_mutation_l39g_round1_chain_a,26,27,0.8928571428571429,30,32,0.8235294117647058
mchrnwsk.marta_chronowska_dom1_l99_s666690_mpnn16,20,15,0.75,26,22,0.7142857142857143
merlettaia.seq0v3,32,25,0.32558139534883723,33,32,0.0
merlettaia.seq0v4,15,17,0.5238095238095238,19,17,0.7142857142857143
merlettaia.seq52v3,14,15,0.2608695652173913,25,17,0.0
merlettaia.seq6v4,9,32,0.24242424242424243,10,35,0.21621621621621623
merlettaia.seq70v3,20,28,0.4117647058823529,21,24,0.0
minji.lee.111,31,14,0.3235294117647059,31,15,0.0
minji.lee.3458,15,14,0.5263157894736842,17,20,0.0
minji.lee.386,12,11,0.5333333333333333,11,12,0.0
minji.lee.3995,12,12,0.4117647058823529,18,19,0.0
minji.lee.459,18,12,0.5,19,14,0.65
mlange05.a,27,14,0.10810810810810811,25,19,0.0
mlange05.b,31,22,0.20454545454545456,31,25,0.21739130434782608
mlange05.c,15,14,0.0,23,15,0.0
mosquitolkfo.nab_design_1,19,19,0.26666666666666666,26,21,0.0
mosquitolkfo.nab_design_3,19,14,0.2692307692307692,26,18,0.0
mosquitolkfo.nab_design_6,18,32,0.041666666666666664,27,41,0.0
mosquitolkfo.nab_design_7,19,28,0.2702702702702703,24,25,0.0
mosquitolkfo.nab_design_9,20,12,0.28,27,15,0.0
nhaas.2,25,23,0.4117647058823529,27,21,0.0
nhaas.3,21,15,0.6363636363636364,29,21,0.6129032258064516
nhaas.4,22,33,0.14583333333333334,25,23,0.0
nhaas.6,17,14,0.0,18,17,0.0
nhaas.8,25,13,0.46153846153846156,24,13,0.0
nicholas-schnicker.schnick_04,21,19,0.8181818181818182,25,25,0.9230769230769231
niklas.7a72d922-1677-4fc8-9315-d7996ba05d8e_l150_s530325711_mpnn12,20,23,0.6538461538461539,26,29,0.5277777777777778
niklas.95b59203-b642-4754-bcd3-8e670a722c8d_l91_s349792600_mpnn19,14,12,0.8571428571428571,15,17,0.7777777777777778
niklas.95b59203-b642-4754-bcd3-8e670a722c8d_l91_s349792600_mpnn2,16,16,0.8823529411764706,16,17,0.8333333333333334
niklas.e5a28fa3-3501-41c2-922c-ec848e0bc020_l81_s514858345_mpnn4,26,27,0.8928571428571429,29,28,0.9655172413793104
niklas.ee4629a9-322f-48f0-884d-8f4418db9bce_l151_s241659642_mpnn11,35,29,0.7297297297297297,38,29,0.717948717948718
nitesh.mishra3.stepwise_egf_based_egfr_binder_3,16,31,0.46875,17,38,0.2222222222222222
nitesh.mishra3.stepwise_rfdiff_egfr_binder_1,17,15,0.7777777777777778,24,22,0.9166666666666666
nitesh.mishra3.stepwise_scaffold_egfr_binder_6,17,17,0.8888888888888888,24,22,0.9166666666666666
noah.holzleitner.noah_egfr-binder_1,21,21,0.9090909090909091,28,25,0.8275862068965517
noah.holzleitner.noah_egfr-binder_2,21,23,0.9130434782608695,29,29,1.0
noah.holzleitner.noah_egfr-binder_3,23,21,0.9130434782608695,29,29,0.8709677419354839
noah.holzleitner.noah_egfr-binder_4,16,24,0.6,18,30,0.0
noah.holzleitner.noah_egfr-binder_8,23,22,0.5,29,29,0.13725490196078433
pastei5.egfr_binder_01,19,29,0.17073170731707318,16,44,0.0
paulafcfranklin.synth_rosetta_1,34,25,0.43902439024390244,42,34,0.5833333333333334
paulafcfranklin.synth_rosetta_10,36,35,0.868421052631579,43,41,0.8666666666666667
paulafcfranklin.synth_rosetta_2,33,12,0.3235294117647059,41,19,0.42857142857142855
paulafcfranklin.synth_rosetta_3,35,21,0.4,42,30,0.6363636363636364
paulafcfranklin.synth_rosetta_4,35,14,0.3611111111111111,39,20,0.43902439024390244
paulafcfranklin.synth_rosetta_5,33,33,0.6097560975609756,43,44,0.359375
paulafcfranklin.synth_rosetta_6,36,20,0.36585365853658536,42,24,0.43478260869565216
paulafcfranklin.synth_rosetta_7,36,25,0.525,39,40,0.6808510638297872
paulafcfranklin.synth_rosetta_8,34,34,0.3333333333333333,44,46,0.5517241379310345
paulafcfranklin.synth_rosetta_9,34,25,0.3409090909090909,42,33,0.6666666666666666
praghava531.seq2,13,28,0.41379310344827586,15,28,0.3870967741935484
qilin_y.test4,14,26,0.5384615384615384,18,32,0.0
qilin_y.test5,18,27,0.25,23,33,0.2727272727272727
qilin_y.test6,22,25,0.14634146341463414,17,37,0.14893617021276595
qilin_y.test7,11,19,0.25,21,20,0.1388888888888889
qilin_y.test8,8,20,0.2727272727272727,12,26,0.0
qxy615.s1_rfd_base_46_60,15,19,0.6190476190476191,16,24,0.0
qxy615.s1_rfd_base_46_94,19,20,0.95,24,25,0.6896551724137931
qxy615.s1_rfd_comp_beta_782_81,13,15,0.07692307692307693,19,19,0.0
qy.qilin.yu.10-13-21_sample267_complex_42_complex,19,18,0.85,24,19,0.6538461538461539
revoli.mutated_nab_5,34,25,0.22916666666666666,41,27,0.0
revoli.mutated_nab_8,40,17,0.2391304347826087,47,17,0.0
revoli.mutated_nab_9,35,22,0.32558139534883723,38,29,0.015151515151515152
rohith.mohan.model_67_69_2,22,12,0.21428571428571427,25,18,0.0
round1zeroshot.k5q_n70s_k71r_n73t_s87t_n88d_r179k_k183r_e213d_s214p,23,22,0.9565217391304348,23,21,0.8333333333333334
s1995825.cotimed_egf_netsolp_usability_1,32,10,0.3125,39,12,0.24390243902439024
s1995825.cotimed_egf_netsolp_usability_2,32,18,0.5151515151515151,39,20,0.37209302325581395
s1995825.cotimed_egf_netsolp_usability_3,32,30,0.9375,39,37,0.9
s1995825.cotimed_egf_netsolp_usability_4,33,29,0.8787878787878788,38,38,0.8536585365853658
s1995825.cotimed_egf_netsolp_usability_5,33,13,0.35294117647058826,37,18,0.4473684210526316
s1995825.cotimed_egf_netsolp_usability_6,32,18,0.35135135135135137,37,28,0.4444444444444444
s1995825.cotimed_egf_netsolp_usability_7,25,20,0.45161290322580644,22,29,0.0
s1995825.cotimed_egf_netsolp_usability_8,32,28,0.8181818181818182,38,37,0.7045454545454546
s1995825.timed_egf_netsolp_usability_consensus_1,32,29,0.90625,38,34,0.8
s1995825.timed_egf_netsolp_usability_consensus_2,32,21,0.4722222222222222,37,35,0.6744186046511628
salireza111.seq119_3_001_8,14,21,0.20689655172413793,15,19,0.0
salireza111.seq166_1_001_7,17,12,0.3181818181818182,18,12,0.36363636363636365
salireza111.seq166_3_002_4,15,15,1.0,19,19,0.7272727272727273
salireza111.seq166_7_003_9,17,14,0.8235294117647058,18,17,0.75
salireza111.seq206_1_001_6,22,19,0.28125,22,20,0.0
silvia.toscani.b_egfr_6,21,16,0.6086956521739131,27,17,0.0
spacecruiser42.d2_prompt_binder_t0.8_42,10,12,0.6923076923076923,15,19,0.0
spacecruiser42.d2_prompt_binder_t0.8_88,11,16,0.6875,15,32,0.3055555555555556
spacecruiser42.d2_prompt_binder_t1.0_139,15,13,0.47368421052631576,22,24,0.0
spacecruiser42.d2_prompt_binder_t1.0_22,13,11,0.7142857142857143,20,24,0.5172413793103449
spacecruiser42.d2_prompt_binder_t1.0_37,11,15,0.625,20,35,0.0
ssomani.17,16,15,0.8235294117647058,16,20,0.6363636363636364
stocco.filippo.1.3.3.18_13_0_iteration12_1.0279718223732435,14,20,0.3076923076923077,22,32,0.38461538461538464
stocco.filippo.1.3.3.18_37_0_iteration3_1.024851931427025,15,21,0.44,21,31,0.40540540540540543
stocco.filippo.1.3.3.18_40_0_iteration12_1.0321554292304749,35,16,0.24390243902439024,42,18,0.30434782608695654
stocco.filippo.1.3.3.18_4_2_iteration0_1.0407930462953479,36,25,0.32608695652173914,40,34,0.574468085106383
stocco.filippo.1.3.3.18_51_2_iteration3_1.0356664070457622,32,14,0.3142857142857143,41,21,0.4418604651162791
stocco.filippo.1.3.3.18_65_0_iteration3_1.028317065130863,33,17,0.28205128205128205,43,19,0.2653061224489796
tadaskluonis.cotimed_egf_bcseq_0,30,20,0.35135135135135137,39,31,0.627906976744186
tadaskluonis.cotimed_egf_bcseq_1,33,26,0.6388888888888888,39,39,0.6956521739130435
tadaskluonis.cotimed_egf_bcseq_2,33,20,0.2619047619047619,40,29,0.5681818181818182
tadej.satler.egfr_binder_3,31,27,0.8125,26,27,0.8928571428571429
tarkhov.andrey.erithacus_rubecula_gigantus_1,27,57,0.2727272727272727,27,53,0.3114754098360656
tarkhov.andrey.erithacus_rubecula_gigantus_4,25,78,0.019801980198019802,35,97,0.2
tarkhov.andrey.erithacus_rubecula_gigantus_7,26,31,0.07547169811320754,37,39,0.4074074074074074
tarkhov.andrey.erithacus_rubecula_gigantus_8,33,25,0.09433962264150944,32,30,0.14814814814814814
tarkhov.andrey.erithacus_rubecula_gigantus_9,16,36,0.0,19,45,0.3617021276595745
tiejun.wei.egfr_binder_design_208_dldesign_10_af2pred.pdb_a,32,29,0.6486486486486487,48,40,0.543859649122807
tim.silica_corpora_regions_sampled_epitope_0_generated_variant_6_rank_7_phase_2,11,16,0.5,12,19,0.34782608695652173
tim.silica_corpora_regions_sampled_epitope_2_generated_variant_8_rank_3_phase_2,33,19,0.4444444444444444,33,24,0.0
tim.silica_corpora_sampled_epitope_0_generated_variant_1_rank_8_phase_2,21,15,0.5,17,19,0.0
tim.silica_corpora_sampled_epitope_0_generated_variant_8_rank_1_phase_2,21,13,0.3076923076923077,20,15,0.4583333333333333
tim.silica_corpora_sampled_epitope_2_generated_variant_9_rank_6_phase_2,19,14,0.32,24,17,0.5185185185185185
toluwase.fatoki.toluwase_sequence3_119,10,22,0.14285714285714285,14,25,0.56
toluwase.fatoki.toluwase_sequence4_148,28,25,0.10416666666666667,27,33,0.3333333333333333
toluwase.fatoki.toluwase_sequence6_112,21,28,0.225,23,28,0.0
wtj19921231.egfr_binder_design_208_dldesign_0_cycle1_run5_af2pred.pdb_a,20,15,0.4,23,21,0.29411764705882354
x.rustamov.p_vhh_partial_1_32,16,17,0.2222222222222222,19,17,0.02857142857142857
x.rustamov.traj_11_8_model_5_0,23,20,0.16216216216216217,22,21,0.023809523809523808
x.rustamov.traj_4_8_model_1_5,24,13,0.32142857142857145,28,17,0.0
x.rustamov.traj_6_1_model_1_8,24,20,0.5714285714285714,23,18,0.5769230769230769
x.rustamov.traj_9_8_model_1_0,14,35,0.3611111111111111,18,34,0.0
xiuming_li2015.eureka_seq_1,21,22,0.8695652173913043,24,21,0.8
xiuming_li2015.eureka_seq_3,23,21,0.76,23,20,0.7916666666666666
xiuming_li2015.eureka_seq_4,21,21,0.8260869565217391,23,20,0.8695652173913043
youngsuko2000.fast4,37,23,0.42857142857142855,42,37,0.5490196078431373
youngsuko2000.last,38,20,0.3488372093023256,48,26,0.37037037037037035
youngsuko2000.queen,37,27,0.5238095238095238,45,35,0.5686274509803921
z_peplib.pepseq_design_6,13,26,0.14705882352941177,22,29,0.3076923076923077
z_peplib.pepseq_design_8,11,15,0.04,16,18,0.0
z_peplib.pepseq_design_9,19,10,0.16,33,11,0.0
zalavi.shortrustamov_ggg_zalavi3,54,40,0.40298507462686567,58,45,0.6612903225806451
zalavi.zalavi3_ggg_shortpacesa,27,25,0.7931034482758621,26,23,0.8846153846153846
zalavi.zalavi3_mergedaltered_rustamov,53,42,0.5079365079365079,59,54,0.765625
zhoup1366.dbz1___a,19,12,0.47619047619047616,16,15,0.631578947368421
zhoup1366.dbz10___a,17,16,0.2222222222222222,17,22,0.0
zhoup1366.dbz6___a,16,37,0.10416666666666667,19,37,0.3333333333333333
zhoup1366.dbz7___a,20,24,0.5714285714285714,25,24,0.0
zhoup1366.dbz8___a,15,29,0.3333333333333333,21,29,0.0
zulfatmi.pocket1pep78,13,13,0.7333333333333333,32,34,0.015384615384615385
zulfatmi.pocket2pep63,7,14,0.23529411764705882,14,20,0.5454545454545454
zulfatmi.pocket7pep42,11,12,0.7692307692307693,17,15,0.0
