complex,AF3_binder_Interface_size,Protenix_binder_interface_size,Binder_Jaccard,AF3_Target_interface_size,Protenix_Target_interface_size,target_jaccard,design_class,binding,binding_strength
paulafcfranklin.synth_rosetta_1,34,50,0.6153846153846154,42,106,0.0496453900709219,Peptide,True,Weak
merlettaia.seq0v3,32,52,0.4,33,86,0.1018518518518518,Nanobody,False,
minji.lee.459,18,24,0.5555555555555556,19,32,0.0625,Miniprotein,False,
spacecruiser42.d2_prompt_binder_t1.0_22,13,18,0.7222222222222222,20,72,0.0454545454545454,Miniprotein,False,
deepsatflow.6aru_final_chain_a_domain_3_l147_s945609_mpnn1,24,40,0.4883720930232558,29,58,0.0875,Other,True,Weak
qxy615.s1_rfd_base_46_94,19,38,0.5,24,66,0.0,Miniprotein,False,
youngsuko2000.ysar,34,46,0.4814814814814814,41,82,0.025,,,
christoph.gruber.binder12_1,13,49,0.2156862745098039,19,64,0.0779220779220779,Other,False,
merlettaia.seq52v3,14,65,0.1791044776119403,25,96,0.0254237288135593,Nanobody,False,
briannaughton.1_plus_2,30,66,0.2467532467532467,29,79,0.0188679245283018,Other,True,Medium
cchallacombe.4,29,54,0.296875,35,61,0.0549450549450549,Nanobody,False,
allongoldberg.4_44_14_refined_ideal,22,45,0.4888888888888889,27,66,0.0219780219780219,Other,False,
tarkhov.andrey.erithacus_rubecula_gigantus_1,27,96,0.0603448275862069,27,112,0.0296296296296296,Other,False,
paulafcfranklin.synth_rosetta_4,35,37,0.5652173913043478,39,77,0.0642201834862385,Peptide,False,
klima.jason.8hgo_design_jt8s1_0_3_proteinmpnn_20,50,83,0.33,44,92,0.2252252252252252,Other,False,
amelie.schreiber.model_56_119_15,20,35,0.5277777777777778,32,53,0.0,Miniprotein,False,
chenceshi1105.steven_binder_design_l89_s48081_it100_mpnn4,20,45,0.4130434782608695,20,63,0.0,Miniprotein,False,
aswini.seed2_1,27,48,0.5,36,85,0.0803571428571428,Peptide,False,
x.rustamov.traj_4_8_model_1_5,24,53,0.1666666666666666,28,85,0.018018018018018,Nanobody,False,
ccalia.paesani_lab_design9,38,113,0.2796610169491525,39,136,0.023391812865497,Other,False,
minji.lee.111,31,35,0.65,31,60,0.0581395348837209,Miniprotein,False,
a.tucs.andrejs_tucs_seq8,31,34,0.625,39,58,0.043010752688172,Peptide,True,Medium
merlettaia.seq70v3,20,51,0.3653846153846153,21,77,0.053763440860215,Nanobody,False,
s1995825.cotimed_egf_netsolp_usability_8,32,25,0.5,38,34,0.125,Peptide,False,
lhallee.lhallee_20_on_target_2000,11,20,0.55,17,68,0.0119047619047619,Miniprotein,False,
aureliabustos.wwt_noised_i_scaffold_shorted_var7524,34,47,0.6530612244897959,37,75,0.1089108910891089,Peptide,True,Weak
alex.naka.ivysaur,33,35,0.3877551020408163,36,54,0.0843373493975903,Peptide,False,
huiyu.cai.h3_15_4373_h,18,49,0.3673469387755102,20,73,0.0333333333333333,Nanobody,False,
ccalia.paesani_lab_design2,43,103,0.1967213114754098,54,116,0.0559006211180124,Other,False,
keaun.gwfgvvfkadiardsefvailesqgylssittfsgwnq,17,35,0.4857142857142857,23,71,0.1463414634146341,Peptide,False,
salireza111.seq206_1_001_6,22,36,0.45,22,50,0.0746268656716417,Peptide,False,
cchallacombe.6,18,43,0.4186046511627907,14,68,0.0,Nanobody,False,
zulfatmi.pocket2pep63,7,17,0.4117647058823529,14,50,0.0491803278688524,Peptide,False,
junhee.park1999.egfr_binder_9,20,87,0.1888888888888888,27,110,0.0073529411764705,scFv,False,
huiyu.cai.h3_15_2847_h,21,36,0.1176470588235294,21,49,0.044776119402985,Nanobody,False,
aureliabustos.wwt_noised_i_scaffold_shorted_var9391,31,47,0.5918367346938775,38,77,0.1855670103092783,Peptide,True,Weak
duynth29.duy_l111_mpnn14_l80m_l42m,29,56,0.5178571428571429,32,71,0.0,Other,False,
merlettaia.seq6v4,9,68,0.1323529411764706,10,103,0.0462962962962962,Nanobody,False,
lhallee.lhallee_128_driveid_3_4,16,77,0.1071428571428571,21,94,0.0,Other,False,
noah.holzleitner.noah_egfr-binder_4,16,27,0.5357142857142857,18,30,0.0,Miniprotein,False,
paulafcfranklin.synth_rosetta_9,34,48,0.5185185185185185,42,97,0.0944881889763779,Peptide,False,
xiuming_li2015.eureka_seq_1,21,73,0.2702702702702703,24,88,0.0566037735849056,scFv,False,
christoph.gruber.upperbinder_scaffold3_lowerbinder,33,65,0.4626865671641791,54,105,0.0743243243243243,Other,False,
joel.rf_diffusion_trim_3,19,47,0.375,24,67,0.0,Other,False,
jude.wells.21.panitumumab_fused_trimmed_task_12_iter_123,22,83,0.1413043478260869,24,90,0.0654205607476635,scFv,False,
stocco.filippo.1.3.3.18_13_0_iteration12_1.0279718223732435,14,41,0.3414634146341463,22,76,0.0103092783505154,Peptide,False,
nhaas.4,22,83,0.1170212765957446,25,99,0.024793388429752,scFv,False,
s1995825.cotimed_egf_netsolp_usability_2,32,45,0.6739130434782609,39,86,0.016260162601626,Peptide,False,
minji.lee.3458,15,30,0.4516129032258064,17,38,0.0576923076923076,Other,False,
kerrding.seq8,34,36,0.3725490196078431,45,57,0.0851063829787234,Peptide,False,
julie.ryfqy,16,25,0.64,20,41,0.0338983050847457,Miniprotein,False,
keaun.gwfgvvfkadiagvsekvaielsggyegslttpsgwnq,16,38,0.4210526315789473,23,107,0.1016949152542373,Peptide,False,
junhee.park1999.egfr_binder_6,21,75,0.2,28,90,0.0260869565217391,scFv,False,
darius.szablowski.egfr_binder_2___ggggs_3_linked_top_binders_1_and_2,41,59,0.4705882352941176,48,69,0.0263157894736842,Other,False,
stocco.filippo.1.3.3.18_65_0_iteration3_1.028317065130863,33,35,0.5111111111111111,43,66,0.1237113402061855,Peptide,True,Medium
spacecruiser42.d2_prompt_binder_t0.8_88,11,19,0.5789473684210527,15,61,0.0410958904109589,Miniprotein,False,
duynth29.l88_mpnn5,25,29,0.8,33,42,0.0,Other,False,
julian.faust.pimurutamab_mpnn_17_scfv,23,105,0.1962616822429906,22,112,0.0307692307692307,scFv,True,Medium
s1995825.cotimed_egf_netsolp_usability_7,25,40,0.5476190476190477,22,63,0.0240963855421686,Peptide,False,
tim.silica_corpora_sampled_epitope_0_generated_variant_1_rank_8_phase_2,21,59,0.2698412698412698,17,74,0.0833333333333333,Nanobody,False,
a.tucs.andrejs_tucs_seq3,31,40,0.6136363636363636,40,84,0.0333333333333333,Peptide,True,Weak
aswini.seed1,32,46,0.5918367346938775,44,105,0.1640625,Peptide,False,
elian.elian2,30,45,0.6304347826086957,28,62,0.0,Other,False,
aureliabustos.bce_var464,31,44,0.5957446808510638,40,88,0.0158730158730158,Peptide,True,Strong
qxy615.s1_rfd_base_46_60,15,29,0.4666666666666667,16,38,0.0,Miniprotein,False,
antorsae.ta_5_2,18,33,0.5454545454545454,25,69,0.0444444444444444,Peptide,False,
lennart.nickel.egfr_l98_s70756_mpnn3,20,28,0.5483870967741935,25,30,0.0576923076923076,Other,False,
aureliabustos.wwt_noised_i_scaffold_shorted_var6640,32,50,0.64,39,97,0.0793650793650793,Peptide,True,Weak
gitter.yolo46,27,34,0.7941176470588235,26,40,0.0,Miniprotein,False,
dre.lgdl_egfr_001,9,37,0.2432432432432432,17,92,0.0186915887850467,Peptide,False,
paulafcfranklin.synth_rosetta_3,35,48,0.5961538461538461,42,102,0.099236641221374,Peptide,False,
flowuenne.nf-proteindesign_design7,17,35,0.3333333333333333,19,60,0.0675675675675675,Miniprotein,False,
spacecruiser42.d2_prompt_binder_t0.8_42,10,19,0.5263157894736842,15,77,0.0454545454545454,Miniprotein,False,
z_peplib.pepseq_design_9,19,43,0.4418604651162791,33,68,0.01,Peptide,False,
begonia.sp.13.egfr_l61_s456546_mpnn1_model1,21,24,0.6071428571428571,28,36,0.0,Miniprotein,False,
s1995825.cotimed_egf_netsolp_usability_3,32,38,0.5555555555555556,39,46,0.0,Peptide,False,
jvogt4.vogt_scfv_2143,24,49,0.46,22,52,0.0277777777777777,scFv,True,Medium
jvogt4.vogt_scfv_2279,22,117,0.0775193798449612,22,113,0.0150375939849624,scFv,True,Weak
tim.silica_corpora_sampled_epitope_0_generated_variant_8_rank_1_phase_2,21,65,0.2112676056338028,20,89,0.0092592592592592,Nanobody,False,
begonia.sp.13.egfr_l88_s11832_mpnn1_model2,23,42,0.5116279069767442,27,60,0.0,Other,True,Medium
aswinijavadi160197.8_a,10,11,0.75,12,16,0.0,Other,False,
xiuming_li2015.eureka_seq_4,21,97,0.2164948453608247,23,132,0.0616438356164383,scFv,False,
mosquitolkfo.nab_design_1,19,54,0.0895522388059701,26,79,0.0096153846153846,Nanobody,False,
klima.jason.8hgo_design_8gswy_1_2,34,80,0.2666666666666666,42,91,0.1083333333333333,Other,False,
chuh.egfr_seg2_l58_s53469_mpnn1,26,31,0.78125,28,47,0.0,Miniprotein,True,Medium
ccalia.paesani_lab_design8,31,102,0.2429906542056074,30,116,0.0503597122302158,Other,False,
zulfatmi.pocket1pep78,13,14,0.9285714285714286,32,47,0.0259740259740259,Peptide,False,
darius.szablowski.egfr_binder_5___ggggs_3_linked_top_binders_1_and_2_efficiently_evolved_and_sapiens_evolved,44,55,0.3943661971830985,55,70,0.0080645161290322,Other,False,
akash.arunabharathi.design8,19,68,0.1298701298701298,20,67,0.0357142857142857,Other,False,
x.rustamov.traj_11_8_model_5_0,23,51,0.3454545454545454,22,64,0.048780487804878,Nanobody,False,
cameron.kroll.gertrude_gen5,28,46,0.6086956521739131,31,54,0.0493827160493827,Other,False,
zhoup1366.dbz6___a,16,44,0.25,19,62,0.0,Nanobody,False,
colby.tupegfr_010___anti-egfr_fv-like_protein_diffused_with_evodiff,18,97,0.1057692307692307,16,115,0.048,scFv,False,
stocco.filippo.1.3.3.18_51_2_iteration3_1.0356664070457622,32,38,0.6666666666666666,41,57,0.0103092783505154,Peptide,False,
jvogt4.vogt_scfv_2009,19,59,0.2580645161290322,19,71,0.0112359550561797,scFv,True,Medium
alecl.relaxeda,32,30,0.631578947368421,36,50,0.1025641025641025,Peptide,False,
724928537.dbz7___a,14,51,0.2037037037037037,16,77,0.0813953488372093,Nanobody,False,
toluwase.fatoki.toluwase_sequence6_112,21,77,0.240506329113924,23,104,0.040983606557377,Other,False,
ssomani.17,16,47,0.0677966101694915,16,62,0.0129870129870129,Other,False,
gitter.yolo48,18,27,0.5517241379310345,23,38,0.0,Miniprotein,True,Weak
nhaas.6,17,148,0.0714285714285714,18,158,0.0057142857142857,scFv,False,
nhaas.3,21,125,0.1317829457364341,29,142,0.0490797546012269,scFv,False,
a.tucs.andrejs_tucs_seq6,18,33,0.275,24,46,0.0,Peptide,False,
martin.egfr_l165_s31019_mpnn3,26,53,0.4363636363636363,25,58,0.0375,Other,False,
724928537.dbz8___a,17,72,0.0987654320987654,16,98,0.0857142857142857,Nanobody,False,
chrisxushaoyong.hu_nano1_3_eef94e,15,51,0.1186440677966101,20,77,0.0104166666666666,Nanobody,True,Medium
x.rustamov.p_vhh_partial_1_32,16,50,0.2222222222222222,19,69,0.0232558139534883,Nanobody,False,
amirm.mhosseini.seq4,19,35,0.4210526315789473,16,67,0.0,Peptide,False,
cchallacombe.1,20,41,0.3555555555555555,24,55,0.0259740259740259,Nanobody,False,
coreyhowe99.corey82,26,26,0.8571428571428571,29,36,0.0,Miniprotein,False,
antorsae.ta_4_4,16,22,0.4074074074074074,23,38,0.0,Peptide,False,
cameron.kroll.gertrude_gen3_s69d_n61e,23,49,0.44,21,62,0.0,Other,False,
qy.qilin.yu.10-13-21_sample267_complex_42_complex,19,30,0.4848484848484848,24,36,0.0169491525423728,Peptide,False,
markus.braun.egfr_binder_8,50,75,0.6233766233766234,50,82,0.0,Other,False,
biolucasmachado.engineered_binder_7,33,52,0.6037735849056604,41,93,0.1964285714285714,Peptide,False,
briannaughton.2_plus_1,38,86,0.4090909090909091,40,114,0.1240875912408759,Other,True,Medium
kerrding.seq6,33,39,0.6,38,72,0.0891089108910891,Peptide,True,Weak
tim.silica_corpora_regions_sampled_epitope_0_generated_variant_6_rank_7_phase_2,11,67,0.1304347826086956,12,77,0.0229885057471264,Nanobody,False,
maxall4.egfr_ed_binder_l134_s906486_mpnn2_model1_unrelaxed_rank_001_alphafold2_multimer_v3_model_1_seed_000_top1_mutation_g108s_round1_y80d_chain_a,21,35,0.5555555555555556,25,54,0.0,Other,False,
kerrding.seq5,31,32,0.3695652173913043,37,48,0.0240963855421686,Peptide,True,Weak
biolucasmachado.engineered_binder_2,19,46,0.25,22,85,0.0,Peptide,False,
s1995825.cotimed_egf_netsolp_usability_5,33,33,0.6097560975609756,37,55,0.0109890109890109,Peptide,True,Weak
binom16.pocket2pep89,9,17,0.5294117647058824,14,78,0.0109890109890109,Peptide,False,
alex.naka.charmeleon,17,37,0.4210526315789473,21,71,0.0,Peptide,False,
nitesh.mishra3.stepwise_egf_based_egfr_binder_3,16,44,0.3043478260869565,17,83,0.0309278350515463,Peptide,False,
alejandro.corrochano-navarro.eng_scfv_binder_3,22,76,0.225,23,80,0.0,scFv,False,
keaun.gwfgvvfkadiarvsefvaiglstgplgsestfsiwrq,14,35,0.4,22,79,0.1222222222222222,Miniprotein,False,
salireza111.seq166_3_002_4,15,33,0.4545454545454545,19,53,0.0,Miniprotein,False,
cetuximab_scfv,22,85,0.2022471910112359,23,107,0.0317460317460317,,,
julian.faust.becotatugxpimurutamab_scfv,24,41,0.5476190476190477,23,45,0.1147540983606557,scFv,False,
akash.arunabharathi.design4,14,88,0.1590909090909091,24,125,0.0567375886524822,Other,False,
mosquitolkfo.nab_design_3,19,84,0.1444444444444444,26,119,0.0139860139860139,Nanobody,True,Weak
allongoldberg.3_52_10_refined_ideal,20,31,0.3076923076923077,26,48,0.0422535211267605,Miniprotein,False,
huiyu.cai.h3_15_3351_h,11,47,0.2340425531914893,16,76,0.0222222222222222,Nanobody,False,
baptiste.roelens.ognk,23,32,0.2790697674418604,27,53,0.0126582278481012,Miniprotein,False,
tadaskluonis.cotimed_egf_bcseq_2,33,38,0.6904761904761905,40,63,0.0098039215686274,Peptide,False,
elian.elian1,31,50,0.5882352941176471,29,70,0.0,Other,False,
rohith.mohan.model_67_69_2,22,33,0.5714285714285714,25,52,0.0266666666666666,Miniprotein,False,
paulafcfranklin.synth_rosetta_6,36,40,0.52,42,64,0.0,Peptide,False,
biolucasmachado.engineered_binder_6,36,49,0.5740740740740741,43,92,0.1440677966101695,Peptide,False,
antorsae.ta_4_5,17,24,0.4137931034482758,22,50,0.0746268656716417,Peptide,False,
biolucasmachado.engineered_binder_5,35,41,0.6521739130434783,41,65,0.325,Peptide,False,
joaosartori2.c1,34,44,0.625,40,87,0.0583333333333333,Peptide,True,Weak
kurumida.yoichi.mg_05,15,25,0.5384615384615384,16,35,0.0,Miniprotein,True,Medium
nicholas-schnicker.schnick_04,21,40,0.4878048780487805,25,54,0.0259740259740259,Other,False,
youngsuko2000.fast4,37,45,0.6078431372549019,42,94,0.0149253731343283,Peptide,False,
christoph.gruber.upperbinder_scaffold1_lowerbinder,37,59,0.4545454545454545,59,97,0.0909090909090909,Other,False,
lennart.nickel.egfr_l179_s82283_mpnn1,20,57,0.3050847457627119,19,64,0.0375,Other,True,Medium
ccalia.paesani_lab_design3,37,82,0.3222222222222222,44,95,0.0220588235294117,Other,False,
zhoup1366.dbz7___a,20,81,0.188235294117647,25,105,0.0483870967741935,Nanobody,False,
x.rustamov.traj_9_8_model_1_0,14,47,0.2708333333333333,18,78,0.0212765957446808,Nanobody,False,
jude.wells.21.6b3s_necitumumab_fused_trimmed_task_211_iter_150,24,118,0.1007751937984496,26,135,0.032051282051282,scFv,False,
qilin_y.test5,18,43,0.3863636363636363,23,66,0.0,Miniprotein,False,
joaosartori2.c4,36,41,0.4807692307692308,43,74,0.0353982300884955,Peptide,False,
maxall4.egfr_ed_binder_l132_s581930_mpnn1_model1_unrelaxed_rank_001_alphafold2_multimer_v3_model_1_seed_000_top1_mutation_r79a_round1_chain_a,29,59,0.3968253968253968,28,76,0.0,Other,False,
keaun.gafpvvfkadiarvsefvaigpstgylgslttmsgvnq,19,38,0.5,21,113,0.0634920634920634,Peptide,False,
christoph.gruber.upperbinder_xten_lowerbinder,26,45,0.3396226415094339,40,54,0.0329670329670329,Peptide,False,
ccalia.paesani_lab_design1,31,87,0.0727272727272727,30,93,0.0603448275862069,Other,False,
stocco.filippo.1.3.3.18_40_0_iteration12_1.0321554292304749,35,54,0.6481481481481481,42,90,0.073170731707317,Peptide,True,Medium
salireza111.seq166_7_003_9,17,35,0.4444444444444444,18,61,0.0,Miniprotein,False,
christoph.gruber.upperbinder_scaffold2_lowerbinder,43,60,0.5373134328358209,64,89,0.1769230769230769,Other,False,
enzo.morro.design_0_n_0_mpnn_1.117_plddt_0.713_i_ptm_0.082_i_pae_27.542_rmsd_25.669,24,59,0.3833333333333333,25,69,0.0561797752808988,Other,False,
jakublala.epitope_1_20aa.pdb,11,20,0.55,23,90,0.0865384615384615,Peptide,False,
enzo.morro.design_0_n_1_mpnn_1.085_plddt_0.817_i_ptm_0.076_i_pae_28.084_rmsd_25.372,28,46,0.574468085106383,30,62,0.0952380952380952,Other,False,
jakublala.full_dibinder_45aa.pdb,15,41,0.3658536585365853,17,92,0.0,Peptide,False,
antorsae.ta525_0_0,14,23,0.3214285714285714,22,40,0.0,Peptide,False,
amelie.schreiber.model_60_151_9,23,25,0.6,30,36,0.0,Miniprotein,False,
stocco.filippo.1.3.3.18_37_0_iteration3_1.024851931427025,15,34,0.225,21,64,0.0,Peptide,False,
tim.silica_corpora_regions_sampled_epitope_2_generated_variant_8_rank_3_phase_2,33,60,0.4090909090909091,33,88,0.0254237288135593,Nanobody,False,
alex.naka.blastoise,33,38,0.4489795918367347,41,51,0.0109890109890109,Peptide,False,
binom16.pocket2pep86,11,14,0.6666666666666666,16,38,0.0188679245283018,Peptide,False,
begonia.sp.13.egfr_l110_s478327_mpnn7_model2,28,49,0.5714285714285714,28,72,0.0204081632653061,Other,False,
allongoldberg.3_52_1_refined,16,31,0.46875,23,50,0.0,Miniprotein,False,
huiyu.cai.h3_15_2431_h,20,49,0.3269230769230769,16,65,0.0125,Nanobody,False,
amelie.schreiber.model_83_156_16,30,47,0.54,33,62,0.0106382978723404,Other,False,
briannaughton.1_plus_egfr,50,84,0.4888888888888889,52,133,0.0220994475138121,Other,True,Medium
lhallee.lhallee_40_full_driveid_8_9,11,39,0.282051282051282,15,108,0.0081967213114754,Peptide,False,
x.rustamov.traj_6_1_model_1_8,24,50,0.2982456140350877,23,62,0.1038961038961039,Nanobody,False,
julie.jg26n,17,23,0.7391304347826086,20,41,0.0,Miniprotein,False,
human_egf,33,44,0.54,40,81,0.0614035087719298,Peptide,True,Medium
lennart.nickel.egfr_l114_s69310_mpnn7,22,47,0.4375,24,55,0.0,Other,False,
youngsuko2000.last,38,52,0.6363636363636364,48,106,0.1755725190839694,Peptide,False,
zhoup1366.dbz8___a,15,47,0.3191489361702128,21,71,0.0454545454545454,Nanobody,False,
huiyu.cai.h3_15_877_h,26,39,0.5116279069767442,25,56,0.0125,Nanobody,False,
tadaskluonis.cotimed_egf_bcseq_1,33,46,0.717391304347826,39,122,0.0952380952380952,Peptide,False,
alan.blakely.12_3,40,85,0.4367816091954023,41,99,0.0218978102189781,Other,True,Medium
a.tucs.andrejs_tucs_seq4,30,20,0.4705882352941176,39,29,0.0,Peptide,False,
martin.egfr_l121_s46924_mpnn18,31,51,0.4909090909090909,27,56,0.0,Other,False,
qilin_y.test6,22,57,0.3389830508474576,17,80,0.1022727272727272,Other,False,
niklas.7a72d922-1677-4fc8-9315-d7996ba05d8e_l150_s530325711_mpnn12,20,57,0.3275862068965517,26,67,0.0689655172413793,Other,False,
lhallee.lhallee_40_target_driveid_10,14,40,0.35,19,98,0.0353982300884955,Peptide,False,
youngsuko2000.queen,37,50,0.6730769230769231,45,90,0.0714285714285714,Peptide,True,Medium
alecl.unrelaxeda,28,47,0.5306122448979592,40,97,0.0873015873015873,Peptide,False,
lennart.nickel.egfr_l170_s20625_mpnn10,32,54,0.4827586206896552,32,59,0.0111111111111111,Other,True,Weak
bundit.b_s18.manbaritone_seq3_egfr-binder-70-100_beta_303_dldesign_6_lenght71,29,39,0.6190476190476191,25,43,0.0793650793650793,Miniprotein,False,
lyu.3,28,43,0.5106382978723404,27,62,0.072289156626506,Other,False,
alessio.daddio.ad_1,31,48,0.6122448979591837,36,77,0.0462962962962962,Miniprotein,False,
revoli.mutated_nab_8,40,86,0.2857142857142857,47,122,0.0432098765432098,Nanobody,False,
nitesh.mishra3.stepwise_scaffold_egfr_binder_6,17,18,0.1290322580645161,24,29,0.0192307692307692,Peptide,False,
karmanyaaggarwal.ds003076,18,40,0.0,20,51,0.0,Nanobody,False,
biolucasmachado.engineered_binder_4,38,35,0.5208333333333334,46,55,0.01,Peptide,False,
fernando.meireles.design_hybrid_partial_diff_7_1_binder,22,45,0.4565217391304347,30,65,0.0,Other,False,
724928537.dbz6___a,24,44,0.4782608695652174,25,66,0.0,Nanobody,False,
lyu.2,33,42,0.7045454545454546,29,73,0.02,Other,False,
antorsae.ta_5_3,16,25,0.4137931034482758,22,48,0.0,Peptide,False,
alex.naka.charizard,16,44,0.3636363636363636,23,87,0.0091743119266055,Peptide,False,
amirm.mhosseini.seq9,18,31,0.4,18,50,0.0149253731343283,Peptide,False,
klima.jason.8hgo_design_94eja_1_5,15,84,0.1647058823529411,21,143,0.0379746835443038,Other,False,
toluwase.fatoki.toluwase_sequence3_119,10,73,0.1216216216216216,14,135,0.0347222222222222,Other,False,
duynth29.duy_l111_mpnn14_i36m__l80m_l42m,28,44,0.6,31,58,0.0,Other,False,
noah.holzleitner.noah_egfr-binder_3,23,26,0.75,29,37,0.0,Miniprotein,False,
pastei5.egfr_binder_01,19,61,0.1594202898550724,16,136,0.0482758620689655,Peptide,False,
paulafcfranklin.synth_rosetta_7,36,42,0.625,39,61,0.0,Peptide,False,
fernando.meireles.design_hybrid_partial_diff_4_31_binder,28,58,0.3870967741935484,36,81,0.017391304347826,Other,False,
a.tucs.andrejs_tucs_seq7,32,36,0.5813953488372093,38,62,0.0101010101010101,Peptide,True,Weak
biolucasmachado.engineered_binder_3,29,48,0.5714285714285714,41,102,0.1259842519685039,Peptide,False,
cbrown.cbrown_0005_2_egfr_l81_s801188_mpnn1_model1,25,41,0.5,25,75,0.0,Miniprotein,False,
aureliabustos.wt_noised_i_scaffold_shorted_var71,34,45,0.6458333333333334,39,86,0.0080645161290322,Peptide,True,Weak
tadej.satler.egfr_binder_3,31,54,0.3934426229508196,26,84,0.0679611650485436,Other,False,
aswini.seed2_3,29,43,0.5652173913043478,29,88,0.1359223300970873,Peptide,False,
a.tucs.andrejs_tucs_seq2,32,29,0.7941176470588235,40,45,0.0897435897435897,Peptide,False,
bundit.b_s18.manbaritone_seq6_egfr-binder-70-100_beta_778_dldesign_0_length71,25,36,0.6944444444444444,28,38,0.0,Miniprotein,False,
binom16.pocket7pep80,9,17,0.5294117647058824,16,61,0.0266666666666666,Peptide,False,
binom16.pocket1pep15,9,15,0.6,18,53,0.0597014925373134,Peptide,False,
s1995825.cotimed_egf_netsolp_usability_4,33,33,0.4666666666666667,38,58,0.0212765957446808,Peptide,False,
elian.elian5,31,51,0.4385964912280701,29,76,0.0396039603960396,Other,False,
martin.egfr_l142_s75963_mpnn1,31,46,0.6041666666666666,28,61,0.0348837209302325,Other,False,
praghava531.seq2,13,40,0.2325581395348837,15,49,0.0,Other,False,
hughy.4krp_b_a_89_rnd3_full,11,63,0.15625,13,92,0.0194174757281553,Nanobody,False,
a.tucs.andrejs_tucs_seq10,30,30,0.5384615384615384,41,59,0.0101010101010101,Peptide,False,
niklas.e5a28fa3-3501-41c2-922c-ec848e0bc020_l81_s514858345_mpnn4,26,38,0.6,29,54,0.0375,Miniprotein,False,
mchrnwsk.marta_chronowska_dom1_l99_s666690_mpnn16,20,36,0.4,26,55,0.0657894736842105,Other,False,
hughy.7om4_b_a_180_rnd1_v1_full,15,39,0.3846153846153846,17,49,0.0153846153846153,Nanobody,False,
alan.blakely.12_6,33,93,0.3263157894736842,36,115,0.0066666666666666,Other,True,Medium
minji.lee.386,12,36,0.2307692307692307,11,48,0.0535714285714285,Miniprotein,False,
revoli.mutated_nab_5,34,53,0.2253521126760563,41,84,0.1061946902654867,Nanobody,False,
allongoldberg.4_44,20,44,0.391304347826087,24,67,0.034090909090909,Other,False,
tadaskluonis.cotimed_egf_bcseq_0,30,44,0.6086956521739131,39,122,0.0805369127516778,Peptide,False,
biolucasmachado.engineered_binder_1,15,47,0.2653061224489796,17,78,0.0795454545454545,Peptide,True,Weak
kerrding.seq7,32,32,0.4545454545454545,42,56,0.0,Peptide,False,
duynth29.l148_mpnn1,26,46,0.5319148936170213,30,57,0.0,Other,False,
hughy.7om4_b_a_17_rnd2_v2_full,33,59,0.2105263157894736,44,71,0.1386138613861386,Nanobody,False,
spacecruiser42.d2_prompt_binder_t1.0_37,11,16,0.6875,20,50,0.0294117647058823,Miniprotein,False,
martin.egfr_l177_s77884_mpnn7,22,54,0.3333333333333333,21,62,0.0375,Other,False,
darius.szablowski.egfr_binder_3___ggggs_3_linked_top_binders_1_rev_and_2_rev,23,69,0.0823529411764705,24,79,0.0510204081632653,Other,False,
chrisxushaoyong.hu_nano1_5_559c85,13,55,0.0967741935483871,16,86,0.02,Nanobody,False,
paulafcfranklin.synth_rosetta_8,34,46,0.4814814814814814,44,87,0.0396825396825396,Peptide,False,
mlange05.b,31,41,0.6744186046511628,31,51,0.1081081081081081,Other,False,
antorsae.ta_5_1,11,20,0.24,19,45,0.032258064516129,Peptide,False,
tim.silica_corpora_sampled_epitope_2_generated_variant_9_rank_6_phase_2,19,54,0.140625,24,67,0.1375,Nanobody,False,
wtj19921231.egfr_binder_design_208_dldesign_0_cycle1_run5_af2pred.pdb_a,20,36,0.3658536585365853,23,65,0.0232558139534883,Miniprotein,False,
chuh.egfr_seg1_l58_s941869_mpnn2,15,22,0.6086956521739131,18,37,0.0,Miniprotein,False,
jude.wells.21.6b3s_necitumumab_fused_trimmed_task_89_iter_216,24,97,0.1415094339622641,26,116,0.0,scFv,False,
jakublala.epitope_1_30aa.pdb,14,28,0.4482758620689655,19,74,0.0333333333333333,Miniprotein,False,
paulafcfranklin.synth_rosetta_10,36,40,0.4615384615384615,43,98,0.0291970802919708,Peptide,False,
a.tucs.andrejs_tucs_seq9,31,37,0.5813953488372093,36,70,0.029126213592233,Peptide,False,
chuh.egfr_seg2_l62_s244475_mpnn4,24,26,0.8518518518518519,26,36,0.0,Miniprotein,False,
zalavi.zalavi3_ggg_shortpacesa,27,63,0.3235294117647059,26,74,0.0204081632653061,Other,False,
paulafcfranklin.synth_rosetta_5,33,38,0.42,43,61,0.0833333333333333,Peptide,False,
stocco.filippo.1.3.3.18_4_2_iteration0_1.0407930462953479,36,40,0.7272727272727273,40,68,0.1739130434782608,Peptide,True,Medium
julian.faust.pimurutamab_mpnn_18_scfv,22,69,0.3,22,80,0.0408163265306122,scFv,True,Weak
dre.lgdl_egfr_008,14,38,0.3684210526315789,17,111,0.0491803278688524,Peptide,False,
darius.szablowski.egfr_binder_4___ggggs_3_linked_top_binders_1_and_2_efficiently_evolved,31,72,0.410958904109589,39,97,0.0149253731343283,Other,False,
markus.braun.egfr_binder_3,64,91,0.631578947368421,48,101,0.0955882352941176,Other,False,
mosquitolkfo.nab_design_7,19,55,0.15625,24,70,0.010752688172043,Nanobody,False,
klima.jason.8hgo_design_vdcjs_1_2,24,65,0.1558441558441558,29,99,0.032258064516129,Other,False,
allongoldberg.3_52,16,38,0.2558139534883721,21,54,0.0416666666666666,Miniprotein,False,
jude.wells.21.panitumumab_fused_trimmed_crossbreed3,21,139,0.1347517730496454,24,148,0.048780487804878,scFv,False,
bundit.b_s18.manbaritone_seq5_egfr-binder-70-100_beta_303_dldesign_1_length71,28,33,0.6486486486486487,27,44,0.0923076923076923,Miniprotein,False,
qilin_y.test8,8,27,0.2962962962962963,12,66,0.0,Peptide,False,
spacecruiser42.d2_prompt_binder_t1.0_139,15,20,0.75,22,67,0.0229885057471264,Miniprotein,False,
biolucasmachado.engineered_binder_9,28,42,0.5555555555555556,40,71,0.1684210526315789,Peptide,False,
darius.szablowski.egfr_binder_1___top_binder_1,21,38,0.5128205128205128,27,56,0.0,Other,False,
lhallee.lhallee_128_driveid_1_2,29,100,0.2285714285714285,44,147,0.0852272727272727,Other,False,
alessio.daddio.ad_4,30,50,0.5686274509803921,27,75,0.0,Miniprotein,False,
aswini.clipgen30,14,39,0.358974358974359,15,83,0.0103092783505154,Peptide,False,
alessio.daddio.ad_9,23,64,0.3181818181818182,26,88,0.027027027027027,Other,False,
zhoup1366.dbz1___a,19,59,0.1470588235294117,16,73,0.0,Nanobody,False,
cameron.kroll.leitner,29,47,0.5510204081632653,27,57,0.024390243902439,Other,False,
gitter.yolo23,23,33,0.6470588235294118,28,50,0.0,Miniprotein,False,
biolucasmachado.engineered_binder_8,35,38,0.4038461538461538,41,74,0.0267857142857142,Peptide,False,
maxall4.egfr_ed_binder_l124_s860500_mpnn1_model1_unrelaxed_rank_001_alphafold2_multimer_v3_model_1_seed_000_top1_mutation_d81n_round1_chain_a,33,43,0.6888888888888889,32,64,0.0,Other,False,
chrisxushaoyong.hu_nano2_4_85252b,17,61,0.21875,27,75,0.0,Nanobody,True,Strong
mosquitolkfo.nab_design_9,20,44,0.1034482758620689,27,68,0.0,Nanobody,False,
eceiiitn786.8s2,25,36,0.4523809523809524,27,63,0.0344827586206896,Peptide,False,
mlange05.a,27,56,0.4067796610169492,25,65,0.125,Other,False,
z_peplib.pepseq_design_8,11,29,0.3333333333333333,16,50,0.064516129032258,Miniprotein,False,
keaun.gifgvvfkadiarvsidvaidystgylgslttfsgcnq,6,38,0.1578947368421052,7,88,0.0326086956521739,Peptide,False,
chrisxushaoyong.hu_nano1_1_ff3e18,24,49,0.2372881355932203,26,71,0.0319148936170212,Nanobody,False,
colby.tupegfr_001___anti-egfr_fv-like_protein_diffused_with_evodiff,38,170,0.1751412429378531,32,228,0.0483870967741935,scFv,False,
nhaas.2,25,103,0.1851851851851851,27,107,0.046875,scFv,False,
noah.holzleitner.noah_egfr-binder_2,21,29,0.5625,29,42,0.0,Miniprotein,False,
briannaughton.2_plus_2,56,114,0.452991452991453,59,152,0.0710659898477157,Other,True,Weak
qxy615.s1_rfd_comp_beta_782_81,13,30,0.3870967741935484,19,46,0.0,Miniprotein,False,
carson.vaux.baker1_18,16,25,0.5185185185185185,22,32,0.0384615384615384,Miniprotein,False,
alex.naka.charmander,36,35,0.5434782608695652,43,59,0.0408163265306122,Peptide,False,
jakublala.epitope_2_30aa_1.pdb,9,30,0.3,15,81,0.032258064516129,Miniprotein,False,
julian.faust.demupitamab_mpnn_19_scfv,24,105,0.0932203389830508,25,114,0.0145985401459854,scFv,False,
tiejun.wei.egfr_binder_design_208_dldesign_10_af2pred.pdb_a,32,32,0.7297297297297297,48,44,0.0109890109890109,Miniprotein,False,
antorsae.t0.1_sample939_score0.9451_global_score1.3625_seq_recovery0.4250,13,26,0.3448275862068966,22,50,0.0140845070422535,Peptide,False,
alex.naka.wartortle,31,40,0.4791666666666667,43,60,0.1195652173913043,Peptide,False,
salireza111.seq119_3_001_8,14,33,0.4242424242424242,15,43,0.0175438596491228,Miniprotein,False,
karmanyaaggarwal.ds004729,15,41,0.0980392156862745,18,57,0.1363636363636363,Nanobody,False,
jakublala.full_dibinder_45aa_2.pdb,15,43,0.3488372093023256,17,108,0.016260162601626,Miniprotein,False,
enzo.morro.design_0_n_2_mpnn_1.120_plddt_0.858_i_ptm_0.072_i_pae_28.117_rmsd_30.276,28,70,0.4,25,88,0.1770833333333333,Other,False,
salireza111.seq166_1_001_7,17,26,0.5925925925925926,18,35,0.0192307692307692,Miniprotein,False,
duynth29.duy_l111_mpnn14,29,41,0.627906976744186,31,55,0.0,Other,False,
alex.naka.squirtle,31,29,0.5384615384615384,44,57,0.0,Peptide,False,
zalavi.shortrustamov_ggg_zalavi3,54,80,0.5581395348837209,58,103,0.0878378378378378,Other,False,
zulfatmi.pocket7pep42,11,13,0.8461538461538461,17,52,0.0147058823529411,Peptide,False,
karmanyaaggarwal.ds002542,17,54,0.2909090909090909,16,57,0.0138888888888888,Nanobody,False,
ali.rasouli.intern.model_77_142_3,22,38,0.1764705882352941,23,59,0.1714285714285714,Miniprotein,False,
tarkhov.andrey.erithacus_rubecula_gigantus_9,16,92,0.08,19,97,0.0265486725663716,Other,False,
hughy.7om4_b_a_33_rnd2_v2_full,24,47,0.2678571428571428,23,73,0.0105263157894736,Nanobody,False,
elian.elian4,30,49,0.58,28,67,0.0,Other,False,
akash.arunabharathi.design9,8,98,0.0392156862745098,13,132,0.0069444444444444,Other,False,
toluwase.fatoki.toluwase_sequence4_148,28,62,0.0714285714285714,27,86,0.1770833333333333,Other,False,
a.tucs.andrejs_tucs_seq1,31,34,0.5853658536585366,40,64,0.0196078431372549,Peptide,True,Weak
briannaughton.egfr_plus_egfr,37,59,0.3150684931506849,43,78,0.1415094339622641,Other,True,Weak
s1995825.timed_egf_netsolp_usability_consensus_1,32,29,0.525,38,50,0.0232558139534883,Peptide,False,
lennart.nickel.egfr_l139_s63093_mpnn2,23,34,0.4615384615384615,24,49,0.1967213114754098,Other,False,
silvia.toscani.b_egfr_6,21,26,0.6785714285714286,27,33,0.0169491525423728,Miniprotein,False,
mosquitolkfo.nab_design_6,18,77,0.2025316455696202,27,127,0.0065359477124183,Nanobody,False,
maxall4.egfr_ed_binder_l134_s906486_mpnn2_model1_unrelaxed_rank_001_alphafold2_multimer_v3_model_1_seed_000_top1_mutation_g108s_round1_chain_a,22,41,0.5,27,51,0.0263157894736842,Other,False,
martin.egfr_l111_s89744_mpnn1,18,34,0.4444444444444444,18,39,0.0178571428571428,Other,False,
colby.tupegfr_018___anti-egfr_fv-like_protein_diffused_with_esm3,26,115,0.1370967741935483,27,140,0.04375,scFv,False,
noah.holzleitner.noah_egfr-binder_8,23,31,0.5882352941176471,29,48,0.0131578947368421,Miniprotein,False,
aureliabustos.wwt_noised_i_scaffold_shorted_var8423,33,46,0.6122448979591837,38,84,0.0252100840336134,Peptide,True,Weak
xiuming_li2015.eureka_seq_3,23,69,0.1645569620253164,23,92,0.055045871559633,scFv,False,
nhaas.8,25,107,0.2222222222222222,24,113,0.0703125,scFv,False,
jude.wells.21.6b3s_necitumumab_fused_trimmed_task_98_iter_184,22,90,0.1313131313131313,26,97,0.0423728813559322,scFv,False,
tarkhov.andrey.erithacus_rubecula_gigantus_8,33,125,0.1703703703703703,32,157,0.0441988950276243,Other,False,
cameron.kroll.gertrude_gen6,28,45,0.5208333333333334,29,63,0.0222222222222222,Other,False,
akash.arunabharathi.design10,15,36,0.3783783783783784,20,70,0.0227272727272727,Peptide,False,
joaosartori2.c3,33,37,0.4583333333333333,41,74,0.15,Peptide,False,
niklas.95b59203-b642-4754-bcd3-8e670a722c8d_l91_s349792600_mpnn2,16,28,0.5172413793103449,16,44,0.0344827586206896,Other,False,
chenceshi1105.steven_binder_design_l75_s60968_it100_mpnn0,26,32,0.4871794871794871,27,35,0.0,Miniprotein,False,
amirm.mhosseini.seq1,36,48,0.6470588235294118,41,94,0.0714285714285714,Peptide,False,
alejandro.corrochano-navarro.eng_scfv_binder_2,22,79,0.1744186046511628,22,80,0.0625,scFv,True,Weak
flowuenne.nf-proteindesign_design8,15,38,0.2325581395348837,22,60,0.0123456790123456,Miniprotein,False,
colby.tupegfr_012___anti-egfr_fv-like_protein_diffused_with_evodiff,19,120,0.0944881889763779,23,140,0.0939597315436241,scFv,True,Weak
s1995825.timed_egf_netsolp_usability_consensus_2,32,35,0.5581395348837209,37,65,0.02,Peptide,False,
paulafcfranklin.synth_rosetta_2,33,45,0.56,41,88,0.048780487804878,Peptide,False,
reed.harrison.model_56_119_0,20,28,0.6551724137931034,32,44,0.0,Miniprotein,False,
noah.holzleitner.noah_egfr-binder_1,21,18,0.8571428571428571,28,32,0.0,Miniprotein,False,
chrisxushaoyong.hu_nano2_2_7ef96e,20,59,0.2153846153846154,26,69,0.0106382978723404,Nanobody,True,Strong
minji.lee.3995,12,23,0.2962962962962963,18,32,0.0204081632653061,Miniprotein,False,
cameron.kroll.gertrude_gen3,29,33,0.4761904761904761,28,40,0.1147540983606557,Other,False,
markus.braun.egfr_binder_1,49,69,0.6857142857142857,47,68,0.0087719298245614,Other,False,
amirmhosseini47.mohammad_seq2,34,46,0.3793103448275862,39,70,0.1237113402061855,Peptide,False,
elian.elian3,30,45,0.5957446808510638,31,66,0.0104166666666666,Other,False,
revoli.mutated_nab_9,35,83,0.2826086956521739,38,122,0.081081081081081,Nanobody,False,
niklas.ee4629a9-322f-48f0-884d-8f4418db9bce_l151_s241659642_mpnn11,35,82,0.3604651162790697,38,125,0.0794701986754966,Other,False,
flowuenne.nf-proteindesign_design10,12,41,0.2619047619047619,13,65,0.1304347826086956,Miniprotein,False,
nitesh.mishra3.stepwise_rfdiff_egfr_binder_1,17,38,0.4102564102564102,24,56,0.0126582278481012,Peptide,False,
a.tucs.andrejs_tucs_seq5,31,40,0.5777777777777777,37,79,0.0357142857142857,Peptide,True,Medium
alejandro.corrochano-navarro.eng_scfv_binder_1,22,84,0.2045454545454545,23,94,0.0833333333333333,scFv,False,
binom16.pocket3pep98,12,22,0.5454545454545454,18,54,0.0588235294117647,Peptide,False,
lyu.1,33,35,0.7435897435897436,30,44,0.0,Other,False,
mlange05.c,15,60,0.25,23,71,0.0,Other,False,
aswini.seed1_1,26,47,0.5208333333333334,40,104,0.099236641221374,Peptide,False,
junhee.park1999.egfr_binder_7,21,66,0.2794117647058823,28,90,0.0442477876106194,scFv,False,
julian.faust.pimurutamabxbecotatug_scfv,24,56,0.3793103448275862,24,58,0.1232876712328767,scFv,False,
round1zeroshot.k5q_n70s_k71r_n73t_s87t_n88d_r179k_k183r_e213d_s214p,23,110,0.1565217391304348,23,131,0.0547945205479452,scFv,True,Strong
julie.rj0aa,18,18,0.8,19,23,0.0769230769230769,Miniprotein,False,
amirm.mhosseini.seq3,16,42,0.2608695652173913,18,73,0.0581395348837209,Peptide,False,
qilin_y.test4,14,43,0.2391304347826087,18,72,0.0975609756097561,Miniprotein,False,
jvogt4.vogt_scfv_2470,18,101,0.1018518518518518,17,106,0.0423728813559322,scFv,True,Medium
akash.arunabharathi.design3,11,44,0.25,18,101,0.0084745762711864,Peptide,False,
niklas.95b59203-b642-4754-bcd3-8e670a722c8d_l91_s349792600_mpnn19,14,36,0.3513513513513513,15,47,0.0,Other,False,
markus.braun.egfr_binder_6,54,63,0.647887323943662,48,74,0.0892857142857142,Other,False,
maxall4.egfr_trim_l126_s498823_mpnn2_model1_unrelaxed_rank_001_alphafold2_multimer_v3_model_1_seed_000_top1_mutation_l39g_round1_chain_a,26,37,0.6153846153846154,30,50,0.1111111111111111,Other,False,
aureliabustos.bce_var702,30,48,0.5918367346938775,38,83,0.0083333333333333,Peptide,True,Medium
zhoup1366.dbz10___a,17,58,0.1363636363636363,17,69,0.036144578313253,Nanobody,False,
klima.jason.8hgo_design_4yyaf_0_0,24,56,0.2121212121212121,31,85,0.008695652173913,Other,False,
chenceshi1105.steven_binder_design_l82_s44755_it100_mpnn6,26,40,0.6097560975609756,22,47,0.0,Miniprotein,False,
hughy.7om4_b_a_8_rnd2_v2_full,20,69,0.072289156626506,22,91,0.0560747663551401,Nanobody,False,
fernando.meireles.design_hybrid_partial_diff_9_54_binder,26,40,0.5348837209302325,32,51,0.1527777777777778,Other,False,
fgndd1.fg_seq1,27,49,0.5510204081632653,31,65,0.032258064516129,Other,False,
tarkhov.andrey.erithacus_rubecula_gigantus_4,25,126,0.0942028985507246,35,150,0.0693641618497109,Other,False,
s1995825.cotimed_egf_netsolp_usability_6,32,33,0.4444444444444444,37,57,0.0217391304347826,Peptide,False,
allongoldberg.4_44_0_refined,19,47,0.375,27,75,0.0,Other,False,
alan.blakely.16_2,41,84,0.3736263736263736,45,116,0.0189873417721519,Other,True,Medium
jack.li.egfrbindingcandidate_7,19,136,0.0689655172413793,22,162,0.0760233918128654,scFv,False,
bronte.egfr_binder_4_91,14,28,0.4,17,41,0.0175438596491228,Miniprotein,False,
tarkhov.andrey.erithacus_rubecula_gigantus_7,26,114,0.1864406779661017,37,155,0.0158730158730158,Other,False,
merlettaia.seq0v4,15,52,0.1166666666666666,19,68,0.0116279069767441,Nanobody,False,
alex.naka.venusaur,15,31,0.4375,20,72,0.0222222222222222,Peptide,False,
antorsae.ta397unsafety_2,11,34,0.3235294117647059,20,90,0.0476190476190476,Peptide,False,
deepsatflow.6aru_final_chain_a_domain_3_l142_s806907_mpnn1,24,39,0.6153846153846154,28,52,0.0,Other,True,Weak
z_peplib.pepseq_design_6,13,39,0.2093023255813953,22,88,0.0784313725490196,Peptide,False,
qilin_y.test7,11,38,0.2894736842105263,21,116,0.0300751879699248,Peptide,False,
aureliabustos.bce_var433,31,42,0.6590909090909091,37,72,0.09,Peptide,True,Medium
deepsatflow.6aru_final_chain_a_domain_3_l138_s466479_mpnn9,34,44,0.6595744680851063,33,66,0.0,Other,False,
kerrding.seq9,12,34,0.2432432432432432,16,50,0.0,Peptide,False,
s1995825.cotimed_egf_netsolp_usability_1,32,36,0.6585365853658537,39,63,0.0099009900990099,Peptide,False,
joaosartori2.c6,38,54,0.6140350877192983,38,112,0.1029411764705882,Peptide,False,
areddy.egfr_l169_s781475,30,63,0.453125,36,88,0.0,Other,False,
markus.braun.egfr_binder_7,51,73,0.6103896103896104,47,76,0.0884955752212389,Other,False,
