complex,AF3_binder_Interface_size,AF2_binder_interface_size,Binder_Jaccard,AF3_Target_interface_size,AF2_Target_interface_size,target_jaccard,design_class,binding,binding_strength
724928537.dbz6___a,24,27,0.0408163265306122,25,24,0.0,Nanobody,False,
724928537.dbz7___a,14,34,0.0434782608695652,16,31,0.0,Nanobody,False,
724928537.dbz8___a,17,44,0.0892857142857142,16,41,0.0,Nanobody,False,
ali.rasouli.intern.model_77_142_3,22,38,0.0,23,35,0.0,Miniprotein,False,
amirm.mhosseini.seq1,36,52,0.0602409638554216,41,40,0.0519480519480519,Peptide,False,
amirm.mhosseini.seq3,16,23,0.054054054054054,18,21,0.0,Peptide,False,
amirm.mhosseini.seq4,19,22,0.025,16,21,0.0,Peptide,False,
amirm.mhosseini.seq9,18,49,0.0151515151515151,18,36,0.1489361702127659,Peptide,False,
human_egf,33,47,0.1111111111111111,40,36,0.1176470588235294,Peptide,True,Medium
reed.harrison.model_56_119_0,20,34,0.0,32,24,0.0,Miniprotein,False,
a.tucs.andrejs_tucs_seq1,31,50,0.1095890410958904,40,33,0.123076923076923,Peptide,True,Weak
a.tucs.andrejs_tucs_seq10,30,50,0.081081081081081,41,34,0.1029411764705882,Peptide,False,
a.tucs.andrejs_tucs_seq2,32,48,0.1111111111111111,40,35,0.0869565217391304,Peptide,False,
a.tucs.andrejs_tucs_seq3,31,45,0.1176470588235294,40,36,0.1343283582089552,Peptide,True,Weak
a.tucs.andrejs_tucs_seq4,30,48,0.1142857142857142,39,36,0.1194029850746268,Peptide,False,
a.tucs.andrejs_tucs_seq5,31,45,0.1014492753623188,37,34,0.1269841269841269,Peptide,True,Medium
a.tucs.andrejs_tucs_seq6,18,26,0.0,24,18,0.0,Peptide,False,
a.tucs.andrejs_tucs_seq7,32,45,0.1159420289855072,38,36,0.1044776119402985,Peptide,True,Weak
a.tucs.andrejs_tucs_seq8,31,51,0.1081081081081081,39,35,0.1212121212121212,Peptide,True,Medium
a.tucs.andrejs_tucs_seq9,31,47,0.0985915492957746,36,36,0.1076923076923077,Peptide,False,
akash.arunabharathi.design10,15,48,0.0677966101694915,20,32,0.0,Peptide,False,
akash.arunabharathi.design3,11,36,0.119047619047619,18,29,0.0,Peptide,False,
akash.arunabharathi.design4,14,46,0.0714285714285714,24,31,0.0377358490566037,Other,False,
akash.arunabharathi.design8,19,68,0.0357142857142857,20,72,0.0,Other,False,
akash.arunabharathi.design9,8,23,0.0,13,30,0.0238095238095238,Other,False,
alan.blakely.12_3,40,37,0.0,41,34,0.0,Other,True,Medium
alan.blakely.12_6,33,56,0.0348837209302325,36,50,0.0,Other,True,Medium
alan.blakely.16_2,41,37,0.0129870129870129,45,35,0.0256410256410256,Other,True,Medium
alecl.relaxeda,32,45,0.1159420289855072,36,36,0.125,Peptide,False,
alecl.unrelaxeda,28,49,0.1,40,35,0.1194029850746268,Peptide,False,
alejandro.corrochano-navarro.eng_scfv_binder_1,22,28,0.0,23,29,0.0,scFv,False,
alejandro.corrochano-navarro.eng_scfv_binder_2,22,28,0.0,22,28,0.0,scFv,True,Weak
alejandro.corrochano-navarro.eng_scfv_binder_3,22,28,0.0,23,31,0.0,scFv,False,
alessio.daddio.ad_1,31,42,0.0,36,40,0.0,Miniprotein,False,
alessio.daddio.ad_4,30,31,0.0,27,33,0.0,Miniprotein,False,
alessio.daddio.ad_9,23,27,0.0,26,25,0.0,Other,False,
alex.naka.blastoise,33,49,0.0933333333333333,41,38,0.1126760563380281,Peptide,False,
alex.naka.charizard,16,47,0.0161290322580645,23,36,0.0,Peptide,False,
alex.naka.charmander,36,49,0.1333333333333333,43,40,0.1216216216216216,Peptide,False,
alex.naka.charmeleon,17,50,0.0151515151515151,21,37,0.0,Peptide,False,
alex.naka.ivysaur,33,47,0.0958904109589041,36,38,0.088235294117647,Peptide,False,
alex.naka.squirtle,31,50,0.1095890410958904,44,36,0.0958904109589041,Peptide,False,
alex.naka.venusaur,15,23,0.0,20,18,0.0,Peptide,False,
alex.naka.wartortle,31,49,0.0526315789473684,43,39,0.0933333333333333,Peptide,False,
allongoldberg.3_52,16,38,0.0384615384615384,21,25,0.0,Miniprotein,False,
allongoldberg.3_52_10_refined_ideal,20,18,0.0555555555555555,26,14,0.0,Miniprotein,False,
allongoldberg.3_52_1_refined,16,27,0.075,23,22,0.0714285714285714,Miniprotein,False,
allongoldberg.4_44,20,46,0.064516129032258,24,30,0.0,Other,False,
allongoldberg.4_44_0_refined,19,35,0.0,27,26,0.0,Other,False,
allongoldberg.4_44_14_refined_ideal,22,34,0.0,27,25,0.0,Other,False,
amelie.schreiber.model_56_119_15,20,35,0.0,32,27,0.0,Miniprotein,False,
amelie.schreiber.model_60_151_9,23,35,0.0,30,27,0.0,Miniprotein,False,
amelie.schreiber.model_83_156_16,30,34,0.0,33,35,0.0,Other,False,
amirmhosseini47.mohammad_seq2,34,51,0.0625,39,45,0.0632911392405063,Peptide,False,
antorsae.t0.1_sample939_score0.9451_global_score1.3625_seq_recovery0.4250,13,23,0.0,22,15,0.0,Peptide,False,
antorsae.ta525_0_0,14,44,0.0175438596491228,22,21,0.0,Peptide,False,
antorsae.ta_4_4,16,33,0.1395348837209302,23,23,0.0697674418604651,Peptide,False,
antorsae.ta_4_5,17,16,0.1785714285714285,22,14,0.0588235294117647,Peptide,False,
antorsae.ta_5_1,11,41,0.0,19,25,0.0,Peptide,False,
antorsae.ta_5_2,18,36,0.125,25,23,0.0212765957446808,Peptide,False,
antorsae.ta_5_3,16,34,0.1363636363636363,22,16,0.0,Peptide,False,
antorsae.ta397unsafety_2,11,41,0.0196078431372549,20,25,0.0,Peptide,False,
areddy.egfr_l169_s781475,30,38,0.0,36,36,0.0,Other,False,
aswini.clipgen30,14,58,0.1076923076923077,15,31,0.0952380952380952,Peptide,False,
aswini.seed1,32,47,0.0821917808219178,44,33,0.0405405405405405,Peptide,False,
aswini.seed1_1,26,50,0.1014492753623188,40,35,0.0,Peptide,False,
aswini.seed2_1,27,48,0.0273972602739726,36,22,0.0,Peptide,False,
aswini.seed2_3,29,50,0.144927536231884,29,35,0.0,Peptide,False,
aswinijavadi160197.8_a,10,30,0.0,12,19,0.0,Other,False,
aureliabustos.bce_var433,31,49,0.1267605633802817,37,34,0.1269841269841269,Peptide,True,Medium
aureliabustos.bce_var464,31,53,0.1666666666666666,40,35,0.1194029850746268,Peptide,True,Strong
aureliabustos.bce_var702,30,51,0.1571428571428571,38,36,0.1212121212121212,Peptide,True,Medium
aureliabustos.wt_noised_i_scaffold_shorted_var71,34,48,0.0933333333333333,39,37,0.1176470588235294,Peptide,True,Weak
aureliabustos.wwt_noised_i_scaffold_shorted_var6640,32,46,0.0833333333333333,39,38,0.1159420289855072,Peptide,True,Weak
aureliabustos.wwt_noised_i_scaffold_shorted_var7524,34,45,0.0821917808219178,37,38,0.1194029850746268,Peptide,True,Weak
aureliabustos.wwt_noised_i_scaffold_shorted_var8423,33,48,0.1095890410958904,38,38,0.1176470588235294,Peptide,True,Weak
aureliabustos.wwt_noised_i_scaffold_shorted_var9391,31,48,0.0972222222222222,38,37,0.1029411764705882,Peptide,True,Weak
baptiste.roelens.ognk,23,45,0.0461538461538461,27,35,0.0,Miniprotein,False,
begonia.sp.13.egfr_l110_s478327_mpnn7_model2,28,34,0.0,28,35,0.0,Other,False,
begonia.sp.13.egfr_l61_s456546_mpnn1_model1,21,30,0.0,28,27,0.0,Miniprotein,False,
begonia.sp.13.egfr_l88_s11832_mpnn1_model2,23,32,0.0,27,35,0.0,Other,True,Medium
binom16.pocket1pep15,9,31,0.0256410256410256,18,13,0.0689655172413793,Peptide,False,
binom16.pocket2pep86,11,30,0.0,16,14,0.1111111111111111,Peptide,False,
binom16.pocket2pep89,9,23,0.0,14,13,0.08,Peptide,False,
binom16.pocket3pep98,12,24,0.0,18,17,0.1666666666666666,Peptide,False,
binom16.pocket7pep80,9,36,0.0,16,15,0.0689655172413793,Peptide,False,
biolucasmachado.engineered_binder_1,15,50,0.0317460317460317,17,38,0.0,Peptide,True,Weak
biolucasmachado.engineered_binder_2,19,48,0.0806451612903225,22,32,0.0,Peptide,False,
biolucasmachado.engineered_binder_3,29,45,0.1212121212121212,41,27,0.1333333333333333,Peptide,False,
biolucasmachado.engineered_binder_4,38,48,0.131578947368421,46,39,0.1184210526315789,Peptide,False,
biolucasmachado.engineered_binder_5,35,48,0.1216216216216216,41,39,0.1267605633802817,Peptide,False,
biolucasmachado.engineered_binder_6,36,50,0.131578947368421,43,39,0.1081081081081081,Peptide,False,
biolucasmachado.engineered_binder_7,33,46,0.1285714285714285,41,38,0.1126760563380281,Peptide,False,
biolucasmachado.engineered_binder_8,35,47,0.1388888888888889,41,39,0.1111111111111111,Peptide,False,
biolucasmachado.engineered_binder_9,28,47,0.0869565217391304,40,26,0.1186440677966101,Peptide,False,
briannaughton.1_plus_2,30,61,0.0224719101123595,29,54,0.0,Other,True,Medium
briannaughton.1_plus_egfr,50,69,0.0530973451327433,52,64,0.0545454545454545,Other,True,Medium
briannaughton.2_plus_1,38,46,0.0,40,49,0.0,Other,True,Medium
briannaughton.2_plus_2,56,44,0.0,59,41,0.0989010989010989,Other,True,Weak
briannaughton.egfr_plus_egfr,37,55,0.0454545454545454,43,39,0.0933333333333333,Other,True,Weak
bronte.egfr_binder_4_91,14,23,0.088235294117647,17,20,0.088235294117647,Miniprotein,False,
bundit.b_s18.manbaritone_seq3_egfr-binder-70-100_beta_303_dldesign_6_lenght71,29,29,0.0,25,35,0.0,Miniprotein,False,
bundit.b_s18.manbaritone_seq5_egfr-binder-70-100_beta_303_dldesign_1_length71,28,32,0.0,27,33,0.0,Miniprotein,False,
bundit.b_s18.manbaritone_seq6_egfr-binder-70-100_beta_778_dldesign_0_length71,25,28,0.0,28,28,0.0,Miniprotein,False,
cameron.kroll.gertrude_gen3,29,32,0.0,28,36,0.0,Other,False,
cameron.kroll.gertrude_gen3_s69d_n61e,23,24,0.119047619047619,21,23,0.0,Other,False,
cameron.kroll.gertrude_gen5,28,20,0.0212765957446808,31,25,0.0,Other,False,
cameron.kroll.gertrude_gen6,28,20,0.0212765957446808,29,22,0.0,Other,False,
cameron.kroll.leitner,29,31,0.0,27,36,0.0,Other,False,
carson.vaux.baker1_18,16,24,0.0,22,23,0.0,Miniprotein,False,
cbrown.cbrown_0005_2_egfr_l81_s801188_mpnn1_model1,25,27,0.0,25,32,0.0,Miniprotein,False,
ccalia.paesani_lab_design1,31,33,0.0,30,32,0.0,Other,False,
ccalia.paesani_lab_design2,43,46,0.0113636363636363,54,42,0.0,Other,False,
ccalia.paesani_lab_design3,37,42,0.0,44,41,0.0,Other,False,
ccalia.paesani_lab_design8,31,41,0.0140845070422535,30,41,0.0,Other,False,
ccalia.paesani_lab_design9,38,41,0.0533333333333333,39,35,0.0,Other,False,
cchallacombe.1,20,34,0.0,24,28,0.0,Nanobody,False,
cchallacombe.4,29,43,0.0,35,44,0.0394736842105263,Nanobody,False,
cchallacombe.6,18,51,0.078125,14,40,0.0,Nanobody,False,
chenceshi1105.steven_binder_design_l75_s60968_it100_mpnn0,26,31,0.0,27,29,0.0,Miniprotein,False,
chenceshi1105.steven_binder_design_l82_s44755_it100_mpnn6,26,29,0.0,22,31,0.0,Miniprotein,False,
chenceshi1105.steven_binder_design_l89_s48081_it100_mpnn4,20,28,0.0,20,22,0.0,Miniprotein,False,
christoph.gruber.binder12_1,13,25,0.0857142857142857,19,21,0.081081081081081,Other,False,
christoph.gruber.upperbinder_scaffold1_lowerbinder,37,19,0.0980392156862745,59,20,0.0533333333333333,Other,False,
christoph.gruber.upperbinder_scaffold2_lowerbinder,43,33,0.1515151515151515,64,21,0.2142857142857142,Other,False,
christoph.gruber.upperbinder_scaffold3_lowerbinder,33,58,0.1097560975609756,54,34,0.1891891891891892,Other,False,
christoph.gruber.upperbinder_xten_lowerbinder,26,48,0.072463768115942,40,27,0.1551724137931034,Peptide,False,
chrisxushaoyong.hu_nano1_1_ff3e18,24,20,0.0232558139534883,26,25,0.0,Nanobody,False,
chrisxushaoyong.hu_nano1_3_eef94e,15,27,0.024390243902439,20,25,0.0227272727272727,Nanobody,True,Medium
chrisxushaoyong.hu_nano1_5_559c85,13,34,0.0,16,27,0.0,Nanobody,False,
chrisxushaoyong.hu_nano2_2_7ef96e,20,36,0.0,26,31,0.0,Nanobody,True,Strong
chrisxushaoyong.hu_nano2_4_85252b,17,30,0.0217391304347826,27,28,0.0,Nanobody,True,Strong
chuh.egfr_seg1_l58_s941869_mpnn2,15,21,0.0588235294117647,18,17,0.0606060606060606,Miniprotein,False,
chuh.egfr_seg2_l58_s53469_mpnn1,26,29,0.0,28,30,0.0,Miniprotein,True,Medium
chuh.egfr_seg2_l62_s244475_mpnn4,24,30,0.0,26,27,0.0,Miniprotein,False,
colby.tupegfr_001___anti-egfr_fv-like_protein_diffused_with_evodiff,38,73,0.11,32,71,0.0,scFv,False,
colby.tupegfr_006___anti-egfr_fv-like_protein_diffused_with_evodiff,32,55,0.0235294117647058,27,63,0.0,scFv,False,
colby.tupegfr_010___anti-egfr_fv-like_protein_diffused_with_evodiff,18,49,0.0,16,61,0.0,scFv,False,
colby.tupegfr_012___anti-egfr_fv-like_protein_diffused_with_evodiff,19,39,0.0,23,55,0.0,scFv,True,Weak
colby.tupegfr_018___anti-egfr_fv-like_protein_diffused_with_esm3,26,59,0.0365853658536585,27,54,0.0,scFv,False,
coreyhowe99.corey82,26,37,0.0,29,30,0.0,Miniprotein,False,
darius.szablowski.egfr_binder_1___top_binder_1,21,31,0.0,27,26,0.0,Other,False,
darius.szablowski.egfr_binder_2___ggggs_3_linked_top_binders_1_and_2,41,46,0.0357142857142857,48,33,0.0,Other,False,
darius.szablowski.egfr_binder_3___ggggs_3_linked_top_binders_1_rev_and_2_rev,23,81,0.0721649484536082,24,62,0.0,Other,False,
darius.szablowski.egfr_binder_4___ggggs_3_linked_top_binders_1_and_2_efficiently_evolved,31,42,0.0579710144927536,39,33,0.0,Other,False,
darius.szablowski.egfr_binder_5___ggggs_3_linked_top_binders_1_and_2_efficiently_evolved_and_sapiens_evolved,44,44,0.0352941176470588,55,41,0.0666666666666666,Other,False,
deepsatflow.6aru_final_chain_a_domain_3_l138_s466479_mpnn9,34,38,0.0,33,37,0.0,Other,False,
deepsatflow.6aru_final_chain_a_domain_3_l142_s806907_mpnn1,24,29,0.0,28,29,0.0,Other,True,Weak
deepsatflow.6aru_final_chain_a_domain_3_l147_s945609_mpnn1,24,32,0.0,29,28,0.0,Other,True,Weak
dre.lgdl_egfr_001,9,59,0.0,17,28,0.0,Peptide,False,
dre.lgdl_egfr_008,14,21,0.1666666666666666,17,19,0.0588235294117647,Peptide,False,
duynth29.duy_l111_mpnn14,29,38,0.0,31,41,0.0,Other,False,
duynth29.duy_l111_mpnn14_i36m__l80m_l42m,28,41,0.0,31,43,0.0,Other,False,
duynth29.duy_l111_mpnn14_l80m_l42m,29,46,0.0273972602739726,32,41,0.0,Other,False,
duynth29.l148_mpnn1,26,33,0.0,30,30,0.0,Other,False,
duynth29.l88_mpnn5,25,40,0.0,33,35,0.0,Other,False,
eceiiitn786.8s2,25,49,0.15625,27,34,0.0,Peptide,False,
elian.elian1,31,35,0.0,29,37,0.0,Other,False,
elian.elian2,30,32,0.0,28,38,0.0,Other,False,
elian.elian3,30,34,0.0,31,37,0.0,Other,False,
elian.elian4,30,35,0.0,28,38,0.0,Other,False,
elian.elian5,31,34,0.0,29,37,0.0,Other,False,
enzo.morro.design_0_n_0_mpnn_1.117_plddt_0.713_i_ptm_0.082_i_pae_27.542_rmsd_25.669,24,44,0.2142857142857142,25,38,0.2352941176470588,Other,False,
enzo.morro.design_0_n_1_mpnn_1.085_plddt_0.817_i_ptm_0.076_i_pae_28.084_rmsd_25.372,28,50,0.0833333333333333,30,41,0.0923076923076923,Other,False,
enzo.morro.design_0_n_2_mpnn_1.120_plddt_0.858_i_ptm_0.072_i_pae_28.117_rmsd_30.276,28,53,0.208955223880597,25,44,0.0,Other,False,
fernando.meireles.design_hybrid_partial_diff_4_31_binder,28,39,0.0307692307692307,36,25,0.0517241379310344,Other,False,
fernando.meireles.design_hybrid_partial_diff_7_1_binder,22,60,0.0649350649350649,30,50,0.0,Other,False,
fernando.meireles.design_hybrid_partial_diff_9_54_binder,26,39,0.0483870967741935,32,37,0.0,Other,False,
fgndd1.fg_seq1,27,39,0.0,31,38,0.0,Other,False,
flowuenne.nf-proteindesign_design10,12,24,0.0909090909090909,13,20,0.0,Miniprotein,False,
flowuenne.nf-proteindesign_design7,17,20,0.0,19,15,0.0,Miniprotein,False,
flowuenne.nf-proteindesign_design8,15,14,0.0,22,10,0.0,Miniprotein,False,
gitter.yolo23,23,32,0.0,28,28,0.0,Miniprotein,False,
gitter.yolo46,27,38,0.0,26,29,0.0,Miniprotein,False,
gitter.yolo48,18,28,0.0,23,20,0.0,Miniprotein,True,Weak
hughy.4krp_b_a_89_rnd3_full,11,25,0.0,13,24,0.0,Nanobody,False,
hughy.7om4_b_a_17_rnd2_v2_full,33,47,0.081081081081081,44,42,0.0238095238095238,Nanobody,False,
hughy.7om4_b_a_180_rnd1_v1_full,15,36,0.0851063829787234,17,28,0.0714285714285714,Nanobody,False,
hughy.7om4_b_a_33_rnd2_v2_full,24,27,0.0851063829787234,23,17,0.0,Nanobody,False,
hughy.7om4_b_a_8_rnd2_v2_full,20,26,0.0,22,22,0.0,Nanobody,False,
huiyu.cai.h3_15_2431_h,20,50,0.0769230769230769,16,47,0.0,Nanobody,False,
huiyu.cai.h3_15_2847_h,21,24,0.0465116279069767,21,26,0.119047619047619,Nanobody,False,
huiyu.cai.h3_15_3351_h,11,22,0.1379310344827586,16,26,0.0,Nanobody,False,
huiyu.cai.h3_15_4373_h,18,25,0.048780487804878,20,25,0.0975609756097561,Nanobody,False,
huiyu.cai.h3_15_877_h,26,48,0.0422535211267605,25,44,0.15,Nanobody,False,
jack.li.egfrbindingcandidate_7,19,59,0.04,22,74,0.0,scFv,False,
jakublala.epitope_1_20aa.pdb,11,42,0.06,23,17,0.0,Peptide,False,
jakublala.epitope_1_30aa.pdb,14,26,0.081081081081081,19,15,0.0967741935483871,Miniprotein,False,
jakublala.epitope_2_30aa_1.pdb,9,31,0.0,15,21,0.0285714285714285,Miniprotein,False,
jakublala.full_dibinder_45aa.pdb,15,24,0.1142857142857142,17,21,0.0555555555555555,Peptide,False,
jakublala.full_dibinder_45aa_2.pdb,15,24,0.0833333333333333,17,19,0.0285714285714285,Miniprotein,False,
joaosartori2.c1,34,50,0.1052631578947368,40,38,0.0833333333333333,Peptide,True,Weak
joaosartori2.c3,33,52,0.1184210526315789,41,42,0.0779220779220779,Peptide,False,
joaosartori2.c4,36,53,0.141025641025641,43,40,0.0921052631578947,Peptide,False,
joaosartori2.c6,38,50,0.1282051282051282,38,40,0.1142857142857142,Peptide,False,
joel.rf_diffusion_trim_3,19,63,0.0789473684210526,24,32,0.0,Other,False,
jude.wells.21.6b3s_necitumumab_fused_trimmed_task_211_iter_150,24,31,0.0,26,30,0.0,scFv,False,
jude.wells.21.6b3s_necitumumab_fused_trimmed_task_89_iter_216,24,30,0.0,26,31,0.0,scFv,False,
jude.wells.21.6b3s_necitumumab_fused_trimmed_task_98_iter_184,22,31,0.0,26,28,0.0,scFv,False,
jude.wells.21.panitumumab_fused_trimmed_crossbreed3,21,47,0.0,24,40,0.0,scFv,False,
jude.wells.21.panitumumab_fused_trimmed_task_12_iter_123,22,32,0.0,24,34,0.0,scFv,False,
julian.faust.becotatugxpimurutamab_scfv,24,30,0.0,23,32,0.0,scFv,False,
julian.faust.demupitamab_mpnn_19_scfv,24,30,0.0,25,26,0.0,scFv,False,
julian.faust.pimurutamab_mpnn_17_scfv,23,33,0.0,22,28,0.0,scFv,True,Medium
julian.faust.pimurutamab_mpnn_18_scfv,22,31,0.0,22,25,0.0,scFv,True,Weak
julian.faust.pimurutamabxbecotatug_scfv,24,30,0.0,24,26,0.0,scFv,False,
julie.jg26n,17,27,0.073170731707317,20,22,0.0769230769230769,Miniprotein,False,
julie.rj0aa,18,23,0.0789473684210526,19,19,0.0555555555555555,Miniprotein,False,
julie.ryfqy,16,24,0.0256410256410256,20,20,0.0256410256410256,Miniprotein,False,
junhee.park1999.egfr_binder_6,21,32,0.0,28,29,0.0,scFv,False,
junhee.park1999.egfr_binder_7,21,32,0.0,28,28,0.0,scFv,False,
junhee.park1999.egfr_binder_9,20,32,0.0,27,29,0.0,scFv,False,
jvogt4.vogt_scfv_0128,23,50,0.0735294117647058,22,41,0.0,scFv,True,Medium
jvogt4.vogt_scfv_2009,19,47,0.0153846153846153,19,44,0.0,scFv,True,Medium
jvogt4.vogt_scfv_2143,24,42,0.064516129032258,22,41,0.0,scFv,True,Medium
jvogt4.vogt_scfv_2279,22,46,0.0625,22,42,0.0,scFv,True,Weak
jvogt4.vogt_scfv_2470,18,47,0.0483870967741935,17,42,0.0,scFv,True,Medium
karmanyaaggarwal.ds002542,17,30,0.0217391304347826,16,27,0.0,Nanobody,False,
karmanyaaggarwal.ds003076,18,28,0.0454545454545454,20,25,0.0,Nanobody,False,
karmanyaaggarwal.ds004729,15,28,0.0238095238095238,18,22,0.0256410256410256,Nanobody,False,
keaun.gafpvvfkadiarvsefvaigpstgylgslttmsgvnq,19,46,0.1818181818181818,21,28,0.0,Peptide,False,
keaun.gifgvvfkadiarvsidvaidystgylgslttfsgcnq,6,50,0.0,7,29,0.0588235294117647,Peptide,False,
keaun.gwfgvvfkadiagvsekvaielsggyegslttpsgwnq,16,55,0.0,23,33,0.2727272727272727,Peptide,False,
keaun.gwfgvvfkadiardsefvailesqgylssittfsgwnq,17,48,0.0,23,31,0.08,Peptide,False,
keaun.gwfgvvfkadiarvsefvaiglstgplgsestfsiwrq,14,47,0.0892857142857142,22,28,0.1111111111111111,Miniprotein,False,
kerrding.seq5,31,49,0.1111111111111111,37,38,0.1194029850746268,Peptide,True,Weak
kerrding.seq6,33,47,0.0958904109589041,38,35,0.106060606060606,Peptide,True,Weak
kerrding.seq7,32,52,0.0909090909090909,42,36,0.1304347826086956,Peptide,False,
kerrding.seq8,34,48,0.0933333333333333,45,37,0.1081081081081081,Peptide,False,
kerrding.seq9,12,44,0.0,16,33,0.0,Peptide,False,
klima.jason.8hgo_design_4yyaf_0_0,24,70,0.0804597701149425,31,56,0.0,Other,False,
klima.jason.8hgo_design_8gswy_1_2,34,37,0.0,42,37,0.1285714285714285,Other,False,
klima.jason.8hgo_design_94eja_1_5,15,75,0.0588235294117647,21,57,0.1641791044776119,Other,False,
klima.jason.8hgo_design_jt8s1_0_3_proteinmpnn_20,50,49,0.0421052631578947,44,40,0.0632911392405063,Other,False,
klima.jason.8hgo_design_vdcjs_1_2,24,35,0.0,29,28,0.0961538461538461,Other,False,
kurumida.yoichi.mg_05,15,24,0.1142857142857142,16,21,0.088235294117647,Miniprotein,True,Medium
lennart.nickel.egfr_l114_s69310_mpnn7,22,29,0.0,24,29,0.0,Other,False,
lennart.nickel.egfr_l139_s63093_mpnn2,23,29,0.0,24,26,0.0,Other,False,
lennart.nickel.egfr_l170_s20625_mpnn10,32,38,0.0,32,37,0.0,Other,True,Weak
lennart.nickel.egfr_l179_s82283_mpnn1,20,30,0.0,19,32,0.0,Other,True,Medium
lennart.nickel.egfr_l98_s70756_mpnn3,20,30,0.0,25,27,0.0,Other,False,
lhallee.lhallee_128_driveid_1_2,29,82,0.11,44,58,0.1333333333333333,Other,False,
lhallee.lhallee_128_driveid_3_4,16,34,0.1111111111111111,21,31,0.0833333333333333,Other,False,
lhallee.lhallee_20_on_target_2000,11,39,0.0,17,14,0.0,Miniprotein,False,
lhallee.lhallee_40_full_driveid_8_9,11,43,0.0,15,28,0.048780487804878,Peptide,False,
lhallee.lhallee_40_target_driveid_10,14,51,0.0833333333333333,19,32,0.108695652173913,Peptide,False,
lyu.1,33,38,0.0,30,35,0.0,Other,False,
lyu.2,33,36,0.0,29,37,0.0,Other,False,
lyu.3,28,36,0.0,27,33,0.0,Other,False,
markus.braun.egfr_binder_1,49,70,0.0347826086956521,47,59,0.0,Other,False,
markus.braun.egfr_binder_3,64,31,0.1728395061728395,48,27,0.0,Other,False,
markus.braun.egfr_binder_6,54,64,0.0,48,61,0.0,Other,False,
markus.braun.egfr_binder_7,51,37,0.0476190476190476,47,27,0.0,Other,False,
markus.braun.egfr_binder_8,50,62,0.0,50,61,0.0,Other,False,
martin.egfr_l111_s89744_mpnn1,18,25,0.0,18,29,0.0,Other,False,
martin.egfr_l121_s46924_mpnn18,31,33,0.0,27,37,0.0,Other,False,
martin.egfr_l142_s75963_mpnn1,31,36,0.0,28,40,0.0,Other,False,
martin.egfr_l165_s31019_mpnn3,26,28,0.0,25,32,0.0,Other,False,
martin.egfr_l177_s77884_mpnn7,22,27,0.0,21,33,0.0,Other,False,
maxall4.egfr_ed_binder_l124_s860500_mpnn1_model1_unrelaxed_rank_001_alphafold2_multimer_v3_model_1_seed_000_top1_mutation_d81n_round1_chain_a,33,35,0.0,32,41,0.0,Other,False,
maxall4.egfr_ed_binder_l132_s581930_mpnn1_model1_unrelaxed_rank_001_alphafold2_multimer_v3_model_1_seed_000_top1_mutation_r79a_round1_chain_a,29,31,0.0,28,34,0.0,Other,False,
maxall4.egfr_ed_binder_l134_s906486_mpnn2_model1_unrelaxed_rank_001_alphafold2_multimer_v3_model_1_seed_000_top1_mutation_g108s_round1_y80d_chain_a,21,33,0.0,25,26,0.0,Other,False,
maxall4.egfr_ed_binder_l134_s906486_mpnn2_model1_unrelaxed_rank_001_alphafold2_multimer_v3_model_1_seed_000_top1_mutation_g108s_round1_chain_a,22,35,0.0,27,28,0.0,Other,False,
maxall4.egfr_trim_l126_s498823_mpnn2_model1_unrelaxed_rank_001_alphafold2_multimer_v3_model_1_seed_000_top1_mutation_l39g_round1_chain_a,26,38,0.0,30,32,0.0,Other,False,
mchrnwsk.marta_chronowska_dom1_l99_s666690_mpnn16,20,30,0.0638297872340425,26,25,0.0625,Other,False,
merlettaia.seq0v3,32,37,0.0,33,30,0.0,Nanobody,False,
merlettaia.seq0v4,15,25,0.1428571428571428,19,21,0.1764705882352941,Nanobody,False,
merlettaia.seq52v3,14,27,0.0512820512820512,25,24,0.0,Nanobody,False,
merlettaia.seq6v4,9,25,0.0,10,21,0.0689655172413793,Nanobody,False,
merlettaia.seq70v3,20,34,0.08,21,40,0.0,Nanobody,False,
minji.lee.111,31,13,0.1,31,9,0.0,Miniprotein,False,
minji.lee.3458,15,51,0.03125,17,38,0.0,Other,False,
minji.lee.386,12,57,0.078125,11,37,0.0,Miniprotein,False,
minji.lee.3995,12,30,0.0,18,25,0.0,Miniprotein,False,
minji.lee.459,18,30,0.0,19,26,0.0,Miniprotein,False,
mlange05.a,27,36,0.0862068965517241,25,23,0.0,Other,False,
mlange05.b,31,37,0.0,31,34,0.0,Other,False,
mlange05.c,15,29,0.0476190476190476,23,28,0.0625,Other,False,
mosquitolkfo.nab_design_1,19,51,0.0,26,43,0.0,Nanobody,False,
mosquitolkfo.nab_design_3,19,43,0.0689655172413793,26,42,0.0,Nanobody,True,Weak
mosquitolkfo.nab_design_6,18,46,0.0491803278688524,27,48,0.0,Nanobody,False,
mosquitolkfo.nab_design_7,19,38,0.0555555555555555,24,42,0.0,Nanobody,False,
mosquitolkfo.nab_design_9,20,43,0.0677966101694915,27,39,0.0,Nanobody,False,
nhaas.2,25,36,0.0,27,32,0.0,scFv,False,
nhaas.3,21,32,0.0,29,39,0.0,scFv,False,
nhaas.4,22,41,0.0,25,53,0.0,scFv,False,
nhaas.6,17,32,0.0,18,37,0.0784313725490196,scFv,False,
nhaas.8,25,33,0.0,24,32,0.0,scFv,False,
nicholas-schnicker.schnick_04,21,29,0.0,25,26,0.0,Other,False,
niklas.7a72d922-1677-4fc8-9315-d7996ba05d8e_l150_s530325711_mpnn12,20,32,0.0833333333333333,26,22,0.0909090909090909,Other,False,
niklas.95b59203-b642-4754-bcd3-8e670a722c8d_l91_s349792600_mpnn19,14,24,0.027027027027027,15,17,0.0666666666666666,Other,False,
niklas.95b59203-b642-4754-bcd3-8e670a722c8d_l91_s349792600_mpnn2,16,26,0.05,16,18,0.0625,Other,False,
niklas.e5a28fa3-3501-41c2-922c-ec848e0bc020_l81_s514858345_mpnn4,26,31,0.0,29,34,0.0,Miniprotein,False,
niklas.ee4629a9-322f-48f0-884d-8f4418db9bce_l151_s241659642_mpnn11,35,37,0.1076923076923077,38,35,0.0895522388059701,Other,False,
nitesh.mishra3.stepwise_egf_based_egfr_binder_3,16,48,0.0158730158730158,17,33,0.0869565217391304,Peptide,False,
nitesh.mishra3.stepwise_rfdiff_egfr_binder_1,17,25,0.0,24,19,0.0,Peptide,False,
nitesh.mishra3.stepwise_scaffold_egfr_binder_6,17,25,0.0,24,19,0.0,Peptide,False,
noah.holzleitner.noah_egfr-binder_1,21,35,0.0,28,23,0.0,Miniprotein,False,
noah.holzleitner.noah_egfr-binder_2,21,31,0.0,29,23,0.0,Miniprotein,False,
noah.holzleitner.noah_egfr-binder_3,23,30,0.0,29,28,0.0,Miniprotein,False,
noah.holzleitner.noah_egfr-binder_4,16,20,0.0,18,20,0.0,Miniprotein,False,
noah.holzleitner.noah_egfr-binder_8,23,34,0.0,29,26,0.0,Miniprotein,False,
pastei5.egfr_binder_01,19,44,0.0327868852459016,16,32,0.0,Peptide,False,
paulafcfranklin.synth_rosetta_1,34,49,0.1216216216216216,42,38,0.0958904109589041,Peptide,True,Weak
paulafcfranklin.synth_rosetta_10,36,50,0.1168831168831168,43,39,0.1081081081081081,Peptide,False,
paulafcfranklin.synth_rosetta_2,33,50,0.1216216216216216,41,38,0.0821917808219178,Peptide,False,
paulafcfranklin.synth_rosetta_3,35,51,0.1168831168831168,42,38,0.1111111111111111,Peptide,False,
paulafcfranklin.synth_rosetta_4,35,49,0.1351351351351351,39,38,0.1,Peptide,False,
paulafcfranklin.synth_rosetta_5,33,50,0.1216216216216216,43,38,0.0945945945945946,Peptide,False,
paulafcfranklin.synth_rosetta_6,36,50,0.1168831168831168,42,39,0.0945945945945946,Peptide,False,
paulafcfranklin.synth_rosetta_7,36,50,0.131578947368421,39,39,0.0985915492957746,Peptide,False,
paulafcfranklin.synth_rosetta_8,34,49,0.1216216216216216,44,38,0.1081081081081081,Peptide,False,
paulafcfranklin.synth_rosetta_9,34,50,0.12,42,40,0.1081081081081081,Peptide,False,
praghava531.seq2,13,44,0.0178571428571428,15,38,0.0,Other,False,
qilin_y.test4,14,52,0.064516129032258,18,33,0.0,Miniprotein,False,
qilin_y.test5,18,27,0.0,23,20,0.0,Miniprotein,False,
qilin_y.test6,22,58,0.0666666666666666,17,42,0.0,Other,False,
qilin_y.test7,11,21,0.032258064516129,21,16,0.0277777777777777,Peptide,False,
qilin_y.test8,8,21,0.2083333333333333,12,15,0.0,Peptide,False,
qxy615.s1_rfd_base_46_60,15,30,0.0975609756097561,16,27,0.0,Miniprotein,False,
qxy615.s1_rfd_base_46_94,19,24,0.1025641025641025,24,20,0.1,Miniprotein,False,
qxy615.s1_rfd_comp_beta_782_81,13,24,0.0277777777777777,19,21,0.0,Miniprotein,False,
qy.qilin.yu.10-13-21_sample267_complex_42_complex,19,52,0.0597014925373134,24,37,0.1509433962264151,Peptide,False,
revoli.mutated_nab_5,34,29,0.1454545454545454,41,24,0.0483870967741935,Nanobody,False,
revoli.mutated_nab_8,40,42,0.1232876712328767,47,41,0.0114942528735632,Nanobody,False,
revoli.mutated_nab_9,35,44,0.0533333333333333,38,34,0.0140845070422535,Nanobody,False,
rohith.mohan.model_67_69_2,22,32,0.0,25,28,0.0,Miniprotein,False,
round1zeroshot.k5q_n70s_k71r_n73t_s87t_n88d_r179k_k183r_e213d_s214p,23,30,0.0,23,28,0.0,scFv,True,Strong
s1995825.cotimed_egf_netsolp_usability_1,32,44,0.1176470588235294,39,34,0.0895522388059701,Peptide,False,
s1995825.cotimed_egf_netsolp_usability_2,32,46,0.1142857142857142,39,35,0.1044776119402985,Peptide,False,
s1995825.cotimed_egf_netsolp_usability_3,32,46,0.1142857142857142,39,35,0.088235294117647,Peptide,False,
s1995825.cotimed_egf_netsolp_usability_4,33,49,0.1081081081081081,38,34,0.0746268656716417,Peptide,False,
s1995825.cotimed_egf_netsolp_usability_5,33,50,0.1066666666666666,37,35,0.0746268656716417,Peptide,True,Weak
s1995825.cotimed_egf_netsolp_usability_6,32,45,0.1159420289855072,37,35,0.0909090909090909,Peptide,False,
s1995825.cotimed_egf_netsolp_usability_7,25,47,0.1076923076923077,22,35,0.0,Peptide,False,
s1995825.cotimed_egf_netsolp_usability_8,32,46,0.1142857142857142,38,34,0.1076923076923077,Peptide,False,
s1995825.timed_egf_netsolp_usability_consensus_1,32,46,0.1142857142857142,38,35,0.106060606060606,Peptide,False,
s1995825.timed_egf_netsolp_usability_consensus_2,32,46,0.1142857142857142,37,34,0.0757575757575757,Peptide,False,
salireza111.seq119_3_001_8,14,30,0.0232558139534883,15,27,0.0,Miniprotein,False,
salireza111.seq166_1_001_7,17,22,0.0263157894736842,18,16,0.0303030303030303,Miniprotein,False,
salireza111.seq166_3_002_4,15,39,0.0,19,32,0.0851063829787234,Miniprotein,False,
salireza111.seq166_7_003_9,17,53,0.0606060606060606,18,31,0.0425531914893617,Miniprotein,False,
salireza111.seq206_1_001_6,22,28,0.0638297872340425,22,19,0.0,Peptide,False,
silvia.toscani.b_egfr_6,21,23,0.1282051282051282,27,18,0.0,Miniprotein,False,
spacecruiser42.d2_prompt_binder_t0.8_42,10,44,0.0588235294117647,15,15,0.1111111111111111,Miniprotein,False,
spacecruiser42.d2_prompt_binder_t0.8_88,11,21,0.1034482758620689,15,9,0.0434782608695652,Miniprotein,False,
spacecruiser42.d2_prompt_binder_t1.0_139,15,41,0.1428571428571428,22,13,0.0,Miniprotein,False,
spacecruiser42.d2_prompt_binder_t1.0_22,13,39,0.1304347826086956,20,15,0.0,Miniprotein,False,
spacecruiser42.d2_prompt_binder_t1.0_37,11,30,0.0,20,14,0.0,Miniprotein,False,
ssomani.17,16,25,0.0,16,20,0.0,Other,False,
stocco.filippo.1.3.3.18_13_0_iteration12_1.0279718223732435,14,46,0.0169491525423728,22,31,0.0,Peptide,False,
stocco.filippo.1.3.3.18_37_0_iteration3_1.024851931427025,15,46,0.0517241379310344,21,31,0.0,Peptide,False,
stocco.filippo.1.3.3.18_40_0_iteration12_1.0321554292304749,35,51,0.1168831168831168,42,40,0.1388888888888889,Peptide,True,Medium
stocco.filippo.1.3.3.18_4_2_iteration0_1.0407930462953479,36,50,0.131578947368421,40,38,0.1470588235294117,Peptide,True,Medium
stocco.filippo.1.3.3.18_51_2_iteration3_1.0356664070457622,32,49,0.0657894736842105,41,39,0.1111111111111111,Peptide,False,
stocco.filippo.1.3.3.18_65_0_iteration3_1.028317065130863,33,51,0.1052631578947368,43,39,0.0933333333333333,Peptide,True,Medium
tadaskluonis.cotimed_egf_bcseq_0,30,46,0.0857142857142857,39,32,0.1269841269841269,Peptide,False,
tadaskluonis.cotimed_egf_bcseq_1,33,48,0.125,39,36,0.1029411764705882,Peptide,False,
tadaskluonis.cotimed_egf_bcseq_2,33,47,0.1111111111111111,40,35,0.0869565217391304,Peptide,False,
tadej.satler.egfr_binder_3,31,51,0.0379746835443038,26,60,0.0,Other,False,
tarkhov.andrey.erithacus_rubecula_gigantus_1,27,75,0.0099009900990099,27,71,0.1011235955056179,Other,False,
tarkhov.andrey.erithacus_rubecula_gigantus_4,25,56,0.08,35,51,0.0,Other,False,
tarkhov.andrey.erithacus_rubecula_gigantus_7,26,60,0.0238095238095238,37,60,0.0319148936170212,Other,False,
tarkhov.andrey.erithacus_rubecula_gigantus_8,33,75,0.0485436893203883,32,71,0.0618556701030927,Other,False,
tarkhov.andrey.erithacus_rubecula_gigantus_9,16,76,0.0454545454545454,19,87,0.0,Other,False,
tiejun.wei.egfr_binder_design_208_dldesign_10_af2pred.pdb_a,32,58,0.1688311688311688,48,39,0.1447368421052631,Miniprotein,False,
tim.silica_corpora_regions_sampled_epitope_0_generated_variant_6_rank_7_phase_2,11,48,0.0727272727272727,12,53,0.0,Nanobody,False,
tim.silica_corpora_regions_sampled_epitope_2_generated_variant_8_rank_3_phase_2,33,43,0.0133333333333333,33,36,0.0,Nanobody,False,
tim.silica_corpora_sampled_epitope_0_generated_variant_1_rank_8_phase_2,21,32,0.0392156862745098,17,26,0.1025641025641025,Nanobody,False,
tim.silica_corpora_sampled_epitope_0_generated_variant_8_rank_1_phase_2,21,28,0.0652173913043478,20,27,0.0930232558139534,Nanobody,False,
tim.silica_corpora_sampled_epitope_2_generated_variant_9_rank_6_phase_2,19,47,0.0476190476190476,24,52,0.1014492753623188,Nanobody,False,
toluwase.fatoki.toluwase_sequence3_119,10,66,0.0555555555555555,14,49,0.0862068965517241,Other,False,
toluwase.fatoki.toluwase_sequence4_148,28,26,0.0,27,28,0.0,Other,False,
toluwase.fatoki.toluwase_sequence6_112,21,60,0.1095890410958904,23,41,0.0,Other,False,
wtj19921231.egfr_binder_design_208_dldesign_0_cycle1_run5_af2pred.pdb_a,20,61,0.0657894736842105,23,37,0.2,Miniprotein,False,
x.rustamov.p_vhh_partial_1_32,16,37,0.0392156862745098,19,46,0.0,Nanobody,False,
x.rustamov.traj_11_8_model_5_0,23,44,0.046875,22,32,0.0188679245283018,Nanobody,False,
x.rustamov.traj_4_8_model_1_5,24,49,0.106060606060606,28,39,0.0,Nanobody,False,
x.rustamov.traj_6_1_model_1_8,24,43,0.0634920634920634,23,40,0.0,Nanobody,False,
x.rustamov.traj_9_8_model_1_0,14,44,0.0175438596491228,18,40,0.0,Nanobody,False,
xiuming_li2015.eureka_seq_1,21,30,0.0,24,32,0.0,scFv,False,
xiuming_li2015.eureka_seq_3,23,22,0.0,23,21,0.0,scFv,False,
xiuming_li2015.eureka_seq_4,21,27,0.0,23,30,0.0,scFv,False,
youngsuko2000.fast4,37,56,0.1341463414634146,42,41,0.136986301369863,Peptide,False,
youngsuko2000.last,38,52,0.125,48,40,0.1282051282051282,Peptide,False,
youngsuko2000.queen,37,58,0.1176470588235294,45,42,0.1298701298701298,Peptide,True,Medium
z_peplib.pepseq_design_6,13,56,0.0952380952380952,22,39,0.0,Peptide,False,
z_peplib.pepseq_design_8,11,54,0.0317460317460317,16,35,0.0,Miniprotein,False,
z_peplib.pepseq_design_9,19,47,0.1186440677966101,33,31,0.0,Peptide,False,
zalavi.shortrustamov_ggg_zalavi3,54,59,0.0462962962962962,58,61,0.043859649122807,Other,False,
zalavi.zalavi3_ggg_shortpacesa,27,33,0.0,26,37,0.0,Other,False,
zalavi.zalavi3_mergedaltered_rustamov,53,37,0.0,59,36,0.0,Other,False,
zhoup1366.dbz1___a,19,26,0.0227272727272727,16,25,0.0512820512820512,Nanobody,False,
zhoup1366.dbz10___a,17,29,0.1219512195121951,17,22,0.0,Nanobody,False,
zhoup1366.dbz6___a,16,21,0.0,19,27,0.0,Nanobody,False,
zhoup1366.dbz7___a,20,25,0.0465116279069767,25,24,0.0,Nanobody,False,
zhoup1366.dbz8___a,15,40,0.0185185185185185,21,40,0.0,Nanobody,False,
zulfatmi.pocket1pep78,13,28,0.0,32,14,0.1794871794871795,Peptide,False,
zulfatmi.pocket2pep63,7,36,0.1025641025641025,14,14,0.12,Peptide,False,
zulfatmi.pocket7pep42,11,27,0.0,17,10,0.0,Peptide,False,
