complex_id,af3_contacts,boltz_contacts,overlap_contacts
paulafcfranklin.synth_rosetta_1,113,108,99
merlettaia.seq0v3,105,86,0
minji.lee.459,56,53,1
spacecruiser42.d2_prompt_binder_t1.0_22,45,67,2
deepsatflow.6aru_final_chain_a_domain_3_l147_s945609_mpnn1,70,81,45
qxy615.s1_rfd_base_46_94,54,91,16
youngsuko2000.ysar,113,119,93
christoph.gruber.binder12_1,48,144,3
merlettaia.seq52v3,51,60,0
briannaughton.1_plus_2,86,165,78
cchallacombe.4,99,96,0
allongoldberg.4_44_14_refined_ideal,76,33,0
tarkhov.andrey.erithacus_rubecula_gigantus_1,78,204,0
paulafcfranklin.synth_rosetta_4,112,108,94
klima.jason.8hgo_design_jt8s1_0_3_proteinmpnn_20,131,157,4
amelie.schreiber.model_56_119_15,77,64,57
chenceshi1105.steven_binder_design_l89_s48081_it100_mpnn4,54,69,39
aswini.seed2_1,80,97,0
x.rustamov.traj_4_8_model_1_5,64,50,0
ccalia.paesani_lab_design9,102,191,67
minji.lee.111,83,83,0
a.tucs.andrejs_tucs_seq8,101,100,93
merlettaia.seq70v3,62,75,2
s1995825.cotimed_egf_netsolp_usability_8,101,105,87
lhallee.lhallee_20_on_target_2000,41,72,3
aureliabustos.wwt_noised_i_scaffold_shorted_var7524,102,108,88
alex.naka.ivysaur,110,97,81
huiyu.cai.h3_15_4373_h,57,38,1
ccalia.paesani_lab_design2,141,138,0
keaun.gwfgvvfkadiardsefvailesqgylssittfsgwnq,51,84,3
salireza111.seq206_1_001_6,61,109,2
cchallacombe.6,45,52,0
zulfatmi.pocket2pep63,24,48,6
junhee.park1999.egfr_binder_9,72,94,57
huiyu.cai.h3_15_2847_h,55,102,0
aureliabustos.wwt_noised_i_scaffold_shorted_var9391,102,104,88
duynth29.duy_l111_mpnn14_l80m_l42m,89,104,53
merlettaia.seq6v4,23,83,9
lhallee.lhallee_128_driveid_3_4,53,124,0
noah.holzleitner.noah_egfr-binder_4,49,47,44
paulafcfranklin.synth_rosetta_9,113,104,93
xiuming_li2015.eureka_seq_1,76,78,56
christoph.gruber.upperbinder_scaffold3_lowerbinder,147,86,0
joel.rf_diffusion_trim_3,61,80,0
jude.wells.21.panitumumab_fused_trimmed_task_12_iter_123,67,79,55
stocco.filippo.1.3.3.18_13_0_iteration12_1.0279718223732435,49,99,36
nhaas.4,68,91,14
s1995825.cotimed_egf_netsolp_usability_2,102,105,87
minji.lee.3458,48,57,0
kerrding.seq8,113,103,98
julie.ryfqy,51,51,45
keaun.gwfgvvfkadiagvsekvaielsggyegslttpsgwnq,54,94,9
junhee.park1999.egfr_binder_6,73,88,30
darius.szablowski.egfr_binder_2___ggggs_3_linked_top_binders_1_and_2,127,106,0
stocco.filippo.1.3.3.18_65_0_iteration3_1.028317065130863,112,112,93
spacecruiser42.d2_prompt_binder_t0.8_88,36,70,16
duynth29.l88_mpnn5,79,81,65
julian.faust.pimurutamab_mpnn_17_scfv,73,110,56
s1995825.cotimed_egf_netsolp_usability_7,62,100,0
tim.silica_corpora_sampled_epitope_0_generated_variant_1_rank_8_phase_2,50,36,0
a.tucs.andrejs_tucs_seq3,107,105,100
aswini.seed1,98,103,0
elian.elian2,78,112,63
aureliabustos.bce_var464,103,100,88
qxy615.s1_rfd_base_46_60,35,89,0
antorsae.ta_5_2,56,74,3
lennart.nickel.egfr_l98_s70756_mpnn3,66,93,4
aureliabustos.wwt_noised_i_scaffold_shorted_var6640,103,102,88
gitter.yolo46,74,78,5
dre.lgdl_egfr_001,39,127,9
paulafcfranklin.synth_rosetta_3,115,106,94
flowuenne.nf-proteindesign_design7,51,61,20
spacecruiser42.d2_prompt_binder_t0.8_42,35,71,3
z_peplib.pepseq_design_9,66,61,0
begonia.sp.13.egfr_l61_s456546_mpnn1_model1,64,94,46
s1995825.cotimed_egf_netsolp_usability_3,98,102,90
jvogt4.vogt_scfv_2143,68,119,3
jvogt4.vogt_scfv_2279,60,72,0
tim.silica_corpora_sampled_epitope_0_generated_variant_8_rank_1_phase_2,49,53,0
begonia.sp.13.egfr_l88_s11832_mpnn1_model2,71,101,48
aswinijavadi160197.8_a,36,19,0
xiuming_li2015.eureka_seq_4,76,78,62
mosquitolkfo.nab_design_1,69,67,0
klima.jason.8hgo_design_8gswy_1_2,98,148,1
chuh.egfr_seg2_l58_s53469_mpnn1,65,87,58
ccalia.paesani_lab_design8,83,197,0
zulfatmi.pocket1pep78,71,81,0
darius.szablowski.egfr_binder_5___ggggs_3_linked_top_binders_1_and_2_efficiently_evolved_and_sapiens_evolved,145,86,0
akash.arunabharathi.design8,50,172,0
x.rustamov.traj_11_8_model_5_0,62,56,0
cameron.kroll.gertrude_gen5,73,47,0
zhoup1366.dbz6___a,46,50,0
colby.tupegfr_010___anti-egfr_fv-like_protein_diffused_with_evodiff,51,194,1
stocco.filippo.1.3.3.18_51_2_iteration3_1.0356664070457622,108,109,94
jvogt4.vogt_scfv_2009,45,49,0
alecl.relaxeda,102,94,77
724928537.dbz7___a,42,85,4
toluwase.fatoki.toluwase_sequence6_112,61,115,0
ssomani.17,50,47,0
gitter.yolo48,56,59,52
nhaas.6,52,62,2
nhaas.3,75,95,34
a.tucs.andrejs_tucs_seq6,53,96,35
martin.egfr_l165_s31019_mpnn3,73,90,7
724928537.dbz8___a,44,109,18
chrisxushaoyong.hu_nano1_3_eef94e,51,78,4
x.rustamov.p_vhh_partial_1_32,51,49,17
amirm.mhosseini.seq4,57,112,42
cchallacombe.1,71,79,0
coreyhowe99.corey82,76,79,67
antorsae.ta_4_4,52,76,2
cameron.kroll.gertrude_gen3_s69d_n61e,57,68,6
qy.qilin.yu.10-13-21_sample267_complex_42_complex,60,106,4
markus.braun.egfr_binder_8,160,120,4
biolucasmachado.engineered_binder_7,110,110,100
briannaughton.2_plus_1,114,137,78
kerrding.seq6,100,100,86
tim.silica_corpora_regions_sampled_epitope_0_generated_variant_6_rank_7_phase_2,28,65,9
maxall4.egfr_ed_binder_l134_s906486_mpnn2_model1_unrelaxed_rank_001_alphafold2_multimer_v3_model_1_seed_000_top1_mutation_g108s_round1_y80d_chain_a,73,75,63
kerrding.seq5,101,105,84
biolucasmachado.engineered_binder_2,60,98,0
s1995825.cotimed_egf_netsolp_usability_5,97,100,88
binom16.pocket2pep89,37,70,4
alex.naka.charmeleon,53,109,43
nitesh.mishra3.stepwise_egf_based_egfr_binder_3,44,107,1
alejandro.corrochano-navarro.eng_scfv_binder_3,65,77,52
keaun.gwfgvvfkadiarvsefvaiglstgplgsestfsiwrq,47,132,1
salireza111.seq166_3_002_4,54,57,4
cetuximab_scfv,76,83,58
julian.faust.becotatugxpimurutamab_scfv,80,97,56
akash.arunabharathi.design4,51,74,0
mosquitolkfo.nab_design_3,68,60,0
allongoldberg.3_52_10_refined_ideal,74,78,2
huiyu.cai.h3_15_3351_h,36,41,2
baptiste.roelens.ognk,68,95,54
tadaskluonis.cotimed_egf_bcseq_2,99,102,87
elian.elian1,87,78,71
rohith.mohan.model_67_69_2,61,76,46
paulafcfranklin.synth_rosetta_6,114,114,89
biolucasmachado.engineered_binder_6,118,108,85
antorsae.ta_4_5,56,69,2
biolucasmachado.engineered_binder_5,114,112,103
jvogt4.vogt_scfv_0128,64,59,0
joaosartori2.c1,111,116,99
kurumida.yoichi.mg_05,53,88,8
nicholas-schnicker.schnick_04,68,85,58
youngsuko2000.fast4,120,88,53
christoph.gruber.upperbinder_scaffold1_lowerbinder,160,120,0
lennart.nickel.egfr_l179_s82283_mpnn1,55,59,44
ccalia.paesani_lab_design3,111,168,66
zalavi.zalavi3_mergedaltered_rustamov,152,161,132
zhoup1366.dbz7___a,50,128,0
x.rustamov.traj_9_8_model_1_0,40,53,0
jude.wells.21.6b3s_necitumumab_fused_trimmed_task_211_iter_150,72,96,61
qilin_y.test5,57,99,42
joaosartori2.c4,122,96,60
maxall4.egfr_ed_binder_l132_s581930_mpnn1_model1_unrelaxed_rank_001_alphafold2_multimer_v3_model_1_seed_000_top1_mutation_r79a_round1_chain_a,74,72,64
keaun.gafpvvfkadiarvsefvaigpstgylgslttmsgvnq,59,110,3
christoph.gruber.upperbinder_xten_lowerbinder,101,147,9
ccalia.paesani_lab_design1,86,111,0
stocco.filippo.1.3.3.18_40_0_iteration12_1.0321554292304749,113,114,98
salireza111.seq166_7_003_9,55,99,46
christoph.gruber.upperbinder_scaffold2_lowerbinder,190,92,9
enzo.morro.design_0_n_0_mpnn_1.117_plddt_0.713_i_ptm_0.082_i_pae_27.542_rmsd_25.669,71,118,0
jakublala.epitope_1_20aa.pdb,50,92,5
enzo.morro.design_0_n_1_mpnn_1.085_plddt_0.817_i_ptm_0.076_i_pae_28.084_rmsd_25.372,86,31,5
jakublala.full_dibinder_45aa.pdb,49,107,5
antorsae.ta525_0_0,50,100,41
amelie.schreiber.model_60_151_9,78,63,54
stocco.filippo.1.3.3.18_37_0_iteration3_1.024851931427025,49,85,34
tim.silica_corpora_regions_sampled_epitope_2_generated_variant_8_rank_3_phase_2,96,81,0
alex.naka.blastoise,115,97,83
binom16.pocket2pep86,37,52,8
begonia.sp.13.egfr_l110_s478327_mpnn7_model2,87,123,69
allongoldberg.3_52_1_refined,55,97,27
huiyu.cai.h3_15_2431_h,44,36,0
amelie.schreiber.model_83_156_16,87,82,63
briannaughton.1_plus_egfr,147,175,114
lhallee.lhallee_40_full_driveid_8_9,35,122,3
x.rustamov.traj_6_1_model_1_8,77,59,34
julie.jg26n,53,76,47
human_egf,101,103,62
lennart.nickel.egfr_l114_s69310_mpnn7,71,104,49
youngsuko2000.last,123,129,103
zhoup1366.dbz8___a,49,72,0
huiyu.cai.h3_15_877_h,82,38,0
tadaskluonis.cotimed_egf_bcseq_1,106,107,95
alan.blakely.12_3,114,246,72
a.tucs.andrejs_tucs_seq4,99,103,89
martin.egfr_l121_s46924_mpnn18,88,123,1
qilin_y.test6,54,78,0
niklas.7a72d922-1677-4fc8-9315-d7996ba05d8e_l150_s530325711_mpnn12,61,73,43
lhallee.lhallee_40_target_driveid_10,42,103,19
youngsuko2000.queen,124,123,96
alecl.unrelaxeda,99,102,80
lennart.nickel.egfr_l170_s20625_mpnn10,83,100,61
bundit.b_s18.manbaritone_seq3_egfr-binder-70-100_beta_303_dldesign_6_lenght71,80,108,67
lyu.3,75,86,64
alessio.daddio.ad_1,91,117,82
revoli.mutated_nab_8,121,73,0
nitesh.mishra3.stepwise_scaffold_egfr_binder_6,52,58,3
karmanyaaggarwal.ds003076,48,48,0
biolucasmachado.engineered_binder_4,118,119,99
fernando.meireles.design_hybrid_partial_diff_7_1_binder,75,135,5
724928537.dbz6___a,69,33,0
lyu.2,90,83,73
antorsae.ta_5_3,50,73,1
alex.naka.charizard,53,105,45
amirm.mhosseini.seq9,53,103,43
klima.jason.8hgo_design_94eja_1_5,40,157,0
toluwase.fatoki.toluwase_sequence3_119,33,144,11
duynth29.duy_l111_mpnn14_i36m__l80m_l42m,88,63,46
noah.holzleitner.noah_egfr-binder_3,74,71,0
pastei5.egfr_binder_01,42,66,0
paulafcfranklin.synth_rosetta_7,115,98,86
fernando.meireles.design_hybrid_partial_diff_4_31_binder,85,109,37
a.tucs.andrejs_tucs_seq7,100,102,90
biolucasmachado.engineered_binder_3,100,103,71
cbrown.cbrown_0005_2_egfr_l81_s801188_mpnn1_model1,64,65,61
aureliabustos.wt_noised_i_scaffold_shorted_var71,109,102,92
tadej.satler.egfr_binder_3,75,114,60
aswini.seed2_3,70,121,0
a.tucs.andrejs_tucs_seq2,110,102,90
bundit.b_s18.manbaritone_seq6_egfr-binder-70-100_beta_778_dldesign_0_length71,69,66,62
binom16.pocket7pep80,34,66,1
binom16.pocket1pep15,39,59,11
s1995825.cotimed_egf_netsolp_usability_4,105,101,88
elian.elian5,87,82,68
martin.egfr_l142_s75963_mpnn1,75,48,0
praghava531.seq2,33,82,27
hughy.4krp_b_a_89_rnd3_full,31,72,0
a.tucs.andrejs_tucs_seq10,100,101,87
niklas.e5a28fa3-3501-41c2-922c-ec848e0bc020_l81_s514858345_mpnn4,82,105,72
mchrnwsk.marta_chronowska_dom1_l99_s666690_mpnn16,66,92,51
hughy.7om4_b_a_180_rnd1_v1_full,45,46,0
alan.blakely.12_6,99,228,81
minji.lee.386,31,68,0
revoli.mutated_nab_5,105,54,0
allongoldberg.4_44,60,85,5
tadaskluonis.cotimed_egf_bcseq_0,100,102,64
biolucasmachado.engineered_binder_1,43,110,38
kerrding.seq7,109,100,94
duynth29.l148_mpnn1,74,72,61
hughy.7om4_b_a_17_rnd2_v2_full,108,38,0
spacecruiser42.d2_prompt_binder_t1.0_37,34,60,0
martin.egfr_l177_s77884_mpnn7,55,115,9
darius.szablowski.egfr_binder_3___ggggs_3_linked_top_binders_1_rev_and_2_rev,56,130,0
chrisxushaoyong.hu_nano1_5_559c85,46,67,0
paulafcfranklin.synth_rosetta_8,114,112,98
mlange05.b,89,92,69
antorsae.ta_5_1,40,83,34
tim.silica_corpora_sampled_epitope_2_generated_variant_9_rank_6_phase_2,64,43,0
wtj19921231.egfr_binder_design_208_dldesign_0_cycle1_run5_af2pred.pdb_a,66,92,5
chuh.egfr_seg1_l58_s941869_mpnn2,43,58,36
jude.wells.21.6b3s_necitumumab_fused_trimmed_task_89_iter_216,73,78,61
jakublala.epitope_1_30aa.pdb,48,54,6
paulafcfranklin.synth_rosetta_10,112,100,89
a.tucs.andrejs_tucs_seq9,101,99,86
chuh.egfr_seg2_l62_s244475_mpnn4,68,81,57
zalavi.zalavi3_ggg_shortpacesa,75,153,54
paulafcfranklin.synth_rosetta_5,113,114,96
stocco.filippo.1.3.3.18_4_2_iteration0_1.0407930462953479,113,113,97
julian.faust.pimurutamab_mpnn_18_scfv,71,96,44
dre.lgdl_egfr_008,41,115,3
darius.szablowski.egfr_binder_4___ggggs_3_linked_top_binders_1_and_2_efficiently_evolved,95,127,69
markus.braun.egfr_binder_3,163,68,0
mosquitolkfo.nab_design_7,69,56,0
klima.jason.8hgo_design_vdcjs_1_2,71,150,0
allongoldberg.3_52,51,26,0
jude.wells.21.panitumumab_fused_trimmed_crossbreed3,67,93,62
bundit.b_s18.manbaritone_seq5_egfr-binder-70-100_beta_303_dldesign_1_length71,75,78,0
qilin_y.test8,27,87,0
spacecruiser42.d2_prompt_binder_t1.0_139,43,70,0
biolucasmachado.engineered_binder_9,101,96,89
darius.szablowski.egfr_binder_1___top_binder_1,72,99,56
lhallee.lhallee_128_driveid_1_2,76,128,3
alessio.daddio.ad_4,81,97,68
aswini.clipgen30,39,102,2
alessio.daddio.ad_9,62,110,60
zhoup1366.dbz1___a,50,77,0
cameron.kroll.leitner,78,67,0
gitter.yolo23,72,94,65
biolucasmachado.engineered_binder_8,119,123,108
maxall4.egfr_ed_binder_l124_s860500_mpnn1_model1_unrelaxed_rank_001_alphafold2_multimer_v3_model_1_seed_000_top1_mutation_d81n_round1_chain_a,99,74,62
chrisxushaoyong.hu_nano2_4_85252b,66,61,0
mosquitolkfo.nab_design_9,73,35,0
eceiiitn786.8s2,71,117,0
mlange05.a,72,88,4
z_peplib.pepseq_design_8,34,91,0
keaun.gifgvvfkadiarvsidvaidystgylgslttfsgcnq,18,94,1
chrisxushaoyong.hu_nano1_1_ff3e18,73,64,2
colby.tupegfr_001___anti-egfr_fv-like_protein_diffused_with_evodiff,97,92,0
nhaas.2,80,100,36
noah.holzleitner.noah_egfr-binder_2,62,32,0
briannaughton.2_plus_2,162,153,0
qxy615.s1_rfd_comp_beta_782_81,43,79,2
carson.vaux.baker1_18,45,81,40
alex.naka.charmander,122,107,96
jakublala.epitope_2_30aa_1.pdb,31,76,0
julian.faust.demupitamab_mpnn_19_scfv,73,76,17
tiejun.wei.egfr_binder_design_208_dldesign_10_af2pred.pdb_a,120,99,13
antorsae.t0.1_sample939_score0.9451_global_score1.3625_seq_recovery0.4250,50,91,39
alex.naka.wartortle,100,109,85
salireza111.seq119_3_001_8,32,52,0
karmanyaaggarwal.ds004729,46,34,0
jakublala.full_dibinder_45aa_2.pdb,45,104,8
enzo.morro.design_0_n_2_mpnn_1.120_plddt_0.858_i_ptm_0.072_i_pae_28.117_rmsd_30.276,75,59,0
salireza111.seq166_1_001_7,59,95,44
colby.tupegfr_006___anti-egfr_fv-like_protein_diffused_with_evodiff,79,119,1
duynth29.duy_l111_mpnn14,91,86,36
alex.naka.squirtle,104,98,84
zalavi.shortrustamov_ggg_zalavi3,158,185,133
zulfatmi.pocket7pep42,34,58,0
karmanyaaggarwal.ds002542,45,49,0
ali.rasouli.intern.model_77_142_3,60,91,0
tarkhov.andrey.erithacus_rubecula_gigantus_9,38,142,0
hughy.7om4_b_a_33_rnd2_v2_full,57,30,0
elian.elian4,78,122,70
akash.arunabharathi.design9,25,143,0
toluwase.fatoki.toluwase_sequence4_148,75,153,0
a.tucs.andrejs_tucs_seq1,104,99,89
briannaughton.egfr_plus_egfr,113,189,34
s1995825.timed_egf_netsolp_usability_consensus_1,100,105,85
lennart.nickel.egfr_l139_s63093_mpnn2,64,82,40
silvia.toscani.b_egfr_6,70,66,0
mosquitolkfo.nab_design_6,67,53,0
maxall4.egfr_ed_binder_l134_s906486_mpnn2_model1_unrelaxed_rank_001_alphafold2_multimer_v3_model_1_seed_000_top1_mutation_g108s_round1_chain_a,74,75,67
martin.egfr_l111_s89744_mpnn1,47,58,0
colby.tupegfr_018___anti-egfr_fv-like_protein_diffused_with_esm3,85,81,5
noah.holzleitner.noah_egfr-binder_8,73,74,2
aureliabustos.wwt_noised_i_scaffold_shorted_var8423,109,107,97
xiuming_li2015.eureka_seq_3,77,85,59
nhaas.8,74,99,48
jude.wells.21.6b3s_necitumumab_fused_trimmed_task_98_iter_184,73,93,60
tarkhov.andrey.erithacus_rubecula_gigantus_8,89,163,6
cameron.kroll.gertrude_gen6,75,64,0
akash.arunabharathi.design10,48,90,0
joaosartori2.c3,108,109,90
niklas.95b59203-b642-4754-bcd3-8e670a722c8d_l91_s349792600_mpnn2,45,46,39
chenceshi1105.steven_binder_design_l75_s60968_it100_mpnn0,77,366,69
amirm.mhosseini.seq1,118,129,98
alejandro.corrochano-navarro.eng_scfv_binder_2,63,76,54
flowuenne.nf-proteindesign_design8,60,56,6
colby.tupegfr_012___anti-egfr_fv-like_protein_diffused_with_evodiff,63,195,0
s1995825.timed_egf_netsolp_usability_consensus_2,98,54,2
paulafcfranklin.synth_rosetta_2,112,101,93
reed.harrison.model_56_119_0,74,82,44
noah.holzleitner.noah_egfr-binder_1,67,73,2
chrisxushaoyong.hu_nano2_2_7ef96e,64,43,0
minji.lee.3995,47,51,0
cameron.kroll.gertrude_gen3,75,89,56
markus.braun.egfr_binder_1,136,123,107
amirmhosseini47.mohammad_seq2,107,127,90
elian.elian3,81,77,64
revoli.mutated_nab_9,100,67,0
niklas.ee4629a9-322f-48f0-884d-8f4418db9bce_l151_s241659642_mpnn11,95,80,69
flowuenne.nf-proteindesign_design10,39,35,0
nitesh.mishra3.stepwise_rfdiff_egfr_binder_1,51,71,0
a.tucs.andrejs_tucs_seq5,98,108,91
alejandro.corrochano-navarro.eng_scfv_binder_1,65,79,55
binom16.pocket3pep98,37,75,1
lyu.1,82,95,68
mlange05.c,52,82,4
aswini.seed1_1,84,100,0
junhee.park1999.egfr_binder_7,74,91,0
julian.faust.pimurutamabxbecotatug_scfv,76,83,48
round1zeroshot.k5q_n70s_k71r_n73t_s87t_n88d_r179k_k183r_e213d_s214p,71,77,55
julie.rj0aa,56,61,5
amirm.mhosseini.seq3,53,91,45
qilin_y.test4,38,93,0
jvogt4.vogt_scfv_2470,50,45,0
akash.arunabharathi.design3,43,109,0
niklas.95b59203-b642-4754-bcd3-8e670a722c8d_l91_s349792600_mpnn19,38,36,19
markus.braun.egfr_binder_6,139,80,4
maxall4.egfr_trim_l126_s498823_mpnn2_model1_unrelaxed_rank_001_alphafold2_multimer_v3_model_1_seed_000_top1_mutation_l39g_round1_chain_a,71,111,64
aureliabustos.bce_var702,100,98,89
zhoup1366.dbz10___a,49,94,0
klima.jason.8hgo_design_4yyaf_0_0,72,121,17
chenceshi1105.steven_binder_design_l82_s44755_it100_mpnn6,70,86,59
hughy.7om4_b_a_8_rnd2_v2_full,50,51,0
fernando.meireles.design_hybrid_partial_diff_9_54_binder,75,118,24
fgndd1.fg_seq1,76,64,1
tarkhov.andrey.erithacus_rubecula_gigantus_4,84,184,0
s1995825.cotimed_egf_netsolp_usability_6,100,95,85
allongoldberg.4_44_0_refined,67,84,5
alan.blakely.16_2,129,183,97
jack.li.egfrbindingcandidate_7,55,33,0
bronte.egfr_binder_4_91,41,65,0
tarkhov.andrey.erithacus_rubecula_gigantus_7,85,163,0
merlettaia.seq0v4,50,39,0
alex.naka.venusaur,46,96,43
antorsae.ta397unsafety_2,42,91,35
deepsatflow.6aru_final_chain_a_domain_3_l142_s806907_mpnn1,69,101,64
z_peplib.pepseq_design_6,48,134,1
qilin_y.test7,40,111,0
aureliabustos.bce_var433,99,106,88
deepsatflow.6aru_final_chain_a_domain_3_l138_s466479_mpnn9,91,77,73
kerrding.seq9,34,72,2
s1995825.cotimed_egf_netsolp_usability_1,100,90,5
joaosartori2.c6,110,111,95
areddy.egfr_l169_s781475,97,141,47
markus.braun.egfr_binder_7,149,7,0
