complex,AF3_binder_Interface_size,HelixFold3_binder_interface_size,Binder_Jaccard,AF3_Target_interface_size,HelixFold3_Target_interface_size,target_jaccard,design_class,binding,binding_strength
724928537.dbz6___a,24,12,0.3333333333333333,25,14,0.0,Nanobody,False,
724928537.dbz7___a,14,15,0.0,16,18,0.0,Nanobody,False,
724928537.dbz8___a,17,23,0.1428571428571428,16,27,0.1944444444444444,Nanobody,False,
ali.rasouli.intern.model_77_142_3,22,32,0.2,23,39,0.24,Miniprotein,False,
amirm.mhosseini.seq1,36,20,0.3658536585365853,41,25,0.5,Peptide,False,
amirm.mhosseini.seq3,16,15,0.4090909090909091,18,17,0.8421052631578947,Peptide,False,
amirm.mhosseini.seq4,19,15,0.4782608695652174,16,18,0.7,Peptide,False,
amirm.mhosseini.seq9,18,15,0.4347826086956521,18,21,0.6956521739130435,Peptide,False,
human_egf,33,33,0.65,40,35,0.7857142857142857,Peptide,True,Medium
reed.harrison.model_56_119_0,20,19,0.95,32,27,0.7352941176470589,Miniprotein,False,
a.tucs.andrejs_tucs_seq1,31,31,0.9375,40,38,0.902439024390244,Peptide,True,Weak
a.tucs.andrejs_tucs_seq10,30,29,0.9032258064516128,41,40,0.9285714285714286,Peptide,False,
a.tucs.andrejs_tucs_seq2,32,32,1.0,40,41,0.8837209302325582,Peptide,False,
a.tucs.andrejs_tucs_seq3,31,31,0.9375,40,41,0.8837209302325582,Peptide,True,Weak
a.tucs.andrejs_tucs_seq4,30,32,0.8787878787878788,39,38,0.925,Peptide,False,
a.tucs.andrejs_tucs_seq5,31,29,0.935483870967742,37,36,0.9210526315789472,Peptide,True,Medium
a.tucs.andrejs_tucs_seq6,18,19,0.5416666666666666,24,31,0.5277777777777778,Peptide,False,
a.tucs.andrejs_tucs_seq7,32,20,0.4444444444444444,38,35,0.6590909090909091,Peptide,True,Weak
a.tucs.andrejs_tucs_seq8,31,32,0.96875,39,37,0.9,Peptide,True,Medium
a.tucs.andrejs_tucs_seq9,31,30,0.90625,36,36,0.8947368421052632,Peptide,False,
akash.arunabharathi.design10,15,22,0.3703703703703703,20,30,0.0,Peptide,False,
akash.arunabharathi.design3,11,17,0.1666666666666666,18,22,0.0,Peptide,False,
akash.arunabharathi.design4,14,20,0.0967741935483871,24,23,0.0,Other,False,
akash.arunabharathi.design8,19,17,0.2857142857142857,20,26,0.1794871794871795,Other,False,
akash.arunabharathi.design9,8,20,0.037037037037037,13,19,0.1034482758620689,Other,False,
alan.blakely.12_3,40,44,0.5849056603773585,41,42,0.4561403508771929,Other,True,Medium
alan.blakely.12_6,33,53,0.5925925925925926,36,54,0.5789473684210527,Other,True,Medium
alan.blakely.16_2,41,43,0.5555555555555556,45,47,0.7358490566037735,Other,True,Medium
alecl.relaxeda,32,23,0.6176470588235294,36,31,0.675,Peptide,False,
alecl.unrelaxeda,28,29,0.9,40,40,0.8604651162790697,Peptide,False,
alejandro.corrochano-navarro.eng_scfv_binder_1,22,18,0.8181818181818182,23,22,0.875,scFv,False,
alejandro.corrochano-navarro.eng_scfv_binder_2,22,19,0.782608695652174,22,20,0.8260869565217391,scFv,True,Weak
alejandro.corrochano-navarro.eng_scfv_binder_3,22,20,0.8260869565217391,23,22,0.875,scFv,False,
alessio.daddio.ad_1,31,30,0.7941176470588235,36,34,0.75,Miniprotein,False,
alessio.daddio.ad_4,30,27,0.78125,27,26,0.8928571428571429,Miniprotein,False,
alessio.daddio.ad_9,23,23,0.9166666666666666,26,26,0.925925925925926,Other,False,
alex.naka.blastoise,33,25,0.3488372093023256,41,44,0.6666666666666666,Peptide,False,
alex.naka.charizard,16,23,0.21875,23,32,0.2790697674418604,Peptide,False,
alex.naka.charmander,36,25,0.4186046511627907,43,37,0.5384615384615384,Peptide,False,
alex.naka.charmeleon,17,14,0.1071428571428571,21,20,0.0,Peptide,False,
alex.naka.ivysaur,33,24,0.3571428571428571,36,35,0.5106382978723404,Peptide,False,
alex.naka.squirtle,31,15,0.3939393939393939,44,19,0.2857142857142857,Peptide,False,
alex.naka.venusaur,15,16,0.4090909090909091,20,19,0.6956521739130435,Peptide,False,
alex.naka.wartortle,31,15,0.3529411764705882,43,18,0.3863636363636363,Peptide,False,
allongoldberg.3_52,16,13,0.0,21,16,0.0,Miniprotein,False,
allongoldberg.3_52_10_refined_ideal,20,13,0.4347826086956521,26,21,0.0,Miniprotein,False,
allongoldberg.3_52_1_refined,16,20,0.3333333333333333,23,29,0.5294117647058824,Miniprotein,False,
allongoldberg.4_44,20,21,0.1081081081081081,24,24,0.0434782608695652,Other,False,
allongoldberg.4_44_0_refined,19,22,0.64,27,27,0.6875,Other,False,
allongoldberg.4_44_14_refined_ideal,22,16,0.52,27,19,0.7037037037037037,Other,False,
amelie.schreiber.model_56_119_15,20,20,0.9047619047619048,32,27,0.84375,Miniprotein,False,
amelie.schreiber.model_60_151_9,23,20,0.72,30,28,0.7575757575757576,Miniprotein,False,
amelie.schreiber.model_83_156_16,30,29,0.84375,33,30,0.75,Other,False,
amirmhosseini47.mohammad_seq2,34,35,0.8648648648648649,39,43,0.9069767441860463,Peptide,False,
antorsae.t0.1_sample939_score0.9451_global_score1.3625_seq_recovery0.4250,13,15,0.8666666666666667,22,23,0.9565217391304348,Peptide,False,
antorsae.ta525_0_0,14,26,0.4814814814814814,22,37,0.5128205128205128,Peptide,False,
antorsae.ta_4_4,16,14,0.6666666666666666,23,17,0.3333333333333333,Peptide,False,
antorsae.ta_4_5,17,14,0.7222222222222222,22,19,0.28125,Peptide,False,
antorsae.ta_5_1,11,13,0.0909090909090909,19,17,0.0,Peptide,False,
antorsae.ta_5_2,18,14,0.5238095238095238,25,15,0.3333333333333333,Peptide,False,
antorsae.ta_5_3,16,20,0.5,22,25,0.2368421052631578,Peptide,False,
antorsae.ta397unsafety_2,11,23,0.3076923076923077,20,35,0.4102564102564102,Peptide,False,
areddy.egfr_l169_s781475,30,28,0.8709677419354839,36,33,0.8157894736842105,Other,False,
aswini.clipgen30,14,31,0.2857142857142857,15,41,0.2727272727272727,Peptide,False,
aswini.seed1,32,19,0.1590909090909091,44,29,0.0,Peptide,False,
aswini.seed1_1,26,19,0.2857142857142857,40,22,0.0,Peptide,False,
aswini.seed2_1,27,22,0.4,36,27,0.0,Peptide,False,
aswini.seed2_3,29,18,0.0930232558139534,29,20,0.0,Peptide,False,
aswinijavadi160197.8_a,10,15,0.4705882352941176,12,19,0.0,Other,False,
aureliabustos.bce_var433,31,30,0.967741935483871,37,37,0.7619047619047619,Peptide,True,Medium
aureliabustos.bce_var464,31,31,1.0,40,37,0.75,Peptide,True,Strong
aureliabustos.bce_var702,30,29,0.9666666666666668,38,36,0.85,Peptide,True,Medium
aureliabustos.wt_noised_i_scaffold_shorted_var71,34,27,0.6486486486486487,39,35,0.7209302325581395,Peptide,True,Weak
aureliabustos.wwt_noised_i_scaffold_shorted_var6640,32,33,0.4772727272727273,39,39,0.56,Peptide,True,Weak
aureliabustos.wwt_noised_i_scaffold_shorted_var7524,34,15,0.3243243243243243,37,20,0.2666666666666666,Peptide,True,Weak
aureliabustos.wwt_noised_i_scaffold_shorted_var8423,33,31,0.8823529411764706,38,40,0.6956521739130435,Peptide,True,Weak
aureliabustos.wwt_noised_i_scaffold_shorted_var9391,31,19,0.3888888888888889,38,26,0.391304347826087,Peptide,True,Weak
baptiste.roelens.ognk,23,30,0.6060606060606061,27,29,0.6,Miniprotein,False,
begonia.sp.13.egfr_l110_s478327_mpnn7_model2,28,27,0.9642857142857144,28,27,0.896551724137931,Other,False,
begonia.sp.13.egfr_l61_s456546_mpnn1_model1,21,26,0.6206896551724138,28,36,0.5609756097560976,Miniprotein,False,
begonia.sp.13.egfr_l88_s11832_mpnn1_model2,23,25,0.6,27,24,0.8214285714285714,Other,True,Medium
binom16.pocket1pep15,9,13,0.4666666666666667,18,24,0.1666666666666666,Peptide,False,
binom16.pocket2pep86,11,13,0.5,16,30,0.2777777777777778,Peptide,False,
binom16.pocket2pep89,9,11,0.5384615384615384,14,22,0.3846153846153846,Peptide,False,
binom16.pocket3pep98,12,12,0.3333333333333333,18,19,0.0,Peptide,False,
binom16.pocket7pep80,9,15,0.5,16,21,0.5416666666666666,Peptide,False,
biolucasmachado.engineered_binder_1,15,27,0.2,17,30,0.2051282051282051,Peptide,True,Weak
biolucasmachado.engineered_binder_2,19,22,0.2424242424242424,22,42,0.3617021276595745,Peptide,False,
biolucasmachado.engineered_binder_3,29,22,0.3421052631578947,41,24,0.4444444444444444,Peptide,False,
biolucasmachado.engineered_binder_4,38,31,0.5333333333333333,46,37,0.5370370370370371,Peptide,False,
biolucasmachado.engineered_binder_5,35,26,0.4523809523809524,41,37,0.6595744680851063,Peptide,False,
biolucasmachado.engineered_binder_6,36,34,0.8918918918918919,43,42,0.8478260869565217,Peptide,False,
biolucasmachado.engineered_binder_7,33,19,0.3333333333333333,41,23,0.5238095238095238,Peptide,False,
biolucasmachado.engineered_binder_8,35,26,0.4523809523809524,41,31,0.6744186046511628,Peptide,False,
biolucasmachado.engineered_binder_9,28,28,0.8064516129032258,40,37,0.8333333333333334,Peptide,False,
briannaughton.1_plus_2,30,37,0.717948717948718,29,40,0.6829268292682927,Other,True,Medium
briannaughton.1_plus_egfr,50,52,0.7586206896551724,52,53,0.8421052631578947,Other,True,Medium
briannaughton.2_plus_1,38,29,0.6341463414634146,40,30,0.75,Other,True,Medium
briannaughton.2_plus_2,56,57,0.5915492957746479,59,62,0.4069767441860465,Other,True,Weak
briannaughton.egfr_plus_egfr,37,26,0.2352941176470588,43,31,0.5416666666666666,Other,True,Weak
bronte.egfr_binder_4_91,14,25,0.56,17,28,0.4516129032258064,Miniprotein,False,
bundit.b_s18.manbaritone_seq3_egfr-binder-70-100_beta_303_dldesign_6_lenght71,29,26,0.8333333333333334,25,25,1.0,Miniprotein,False,
bundit.b_s18.manbaritone_seq5_egfr-binder-70-100_beta_303_dldesign_1_length71,28,10,0.3571428571428571,27,15,0.0,Miniprotein,False,
bundit.b_s18.manbaritone_seq6_egfr-binder-70-100_beta_778_dldesign_0_length71,25,13,0.4615384615384615,28,14,0.4,Miniprotein,False,
cameron.kroll.gertrude_gen3,29,24,0.7666666666666667,28,28,0.8064516129032258,Other,False,
cameron.kroll.gertrude_gen3_s69d_n61e,23,25,0.5,21,28,0.4848484848484848,Other,False,
cameron.kroll.gertrude_gen5,28,24,0.5757575757575758,31,24,0.7741935483870968,Other,False,
cameron.kroll.gertrude_gen6,28,26,0.6363636363636364,29,30,0.84375,Other,False,
cameron.kroll.leitner,29,25,0.5882352941176471,27,28,0.0576923076923076,Other,False,
carson.vaux.baker1_18,16,13,0.45,22,16,0.0,Miniprotein,False,
cbrown.cbrown_0005_2_egfr_l81_s801188_mpnn1_model1,25,26,0.8888888888888888,25,23,0.8461538461538461,Miniprotein,False,
ccalia.paesani_lab_design1,31,46,0.4528301886792453,30,50,0.4814814814814814,Other,False,
ccalia.paesani_lab_design2,43,56,0.4142857142857143,54,66,0.3186813186813186,Other,False,
ccalia.paesani_lab_design3,37,47,0.423728813559322,44,60,0.4857142857142857,Other,False,
ccalia.paesani_lab_design8,31,40,0.1639344262295081,30,45,0.3636363636363636,Other,False,
ccalia.paesani_lab_design9,38,59,0.5396825396825397,39,60,0.5714285714285714,Other,False,
cchallacombe.1,20,13,0.2222222222222222,24,17,0.0,Nanobody,False,
cchallacombe.4,29,22,0.275,35,26,0.0,Nanobody,False,
cchallacombe.6,18,30,0.4545454545454545,14,30,0.0,Nanobody,False,
chenceshi1105.steven_binder_design_l75_s60968_it100_mpnn0,26,27,0.9629629629629628,27,26,0.9629629629629628,Miniprotein,False,
chenceshi1105.steven_binder_design_l82_s44755_it100_mpnn6,26,28,0.7419354838709677,22,23,0.8,Miniprotein,False,
chenceshi1105.steven_binder_design_l89_s48081_it100_mpnn4,20,19,0.95,20,23,0.8695652173913043,Miniprotein,False,
christoph.gruber.binder12_1,13,26,0.1818181818181818,19,27,0.3939393939393939,Other,False,
christoph.gruber.upperbinder_scaffold1_lowerbinder,37,20,0.425,59,25,0.2727272727272727,Other,False,
christoph.gruber.upperbinder_scaffold2_lowerbinder,43,11,0.0384615384615384,64,12,0.1343283582089552,Other,False,
christoph.gruber.upperbinder_scaffold3_lowerbinder,33,19,0.3333333333333333,54,20,0.0277777777777777,Other,False,
christoph.gruber.upperbinder_xten_lowerbinder,26,33,0.3720930232558139,40,42,0.1081081081081081,Peptide,False,
chrisxushaoyong.hu_nano1_1_ff3e18,24,28,0.2682926829268293,26,31,0.2127659574468085,Nanobody,False,
chrisxushaoyong.hu_nano1_3_eef94e,15,12,0.5,20,14,0.4782608695652174,Nanobody,True,Medium
chrisxushaoyong.hu_nano1_5_559c85,13,13,0.1304347826086956,16,14,0.0,Nanobody,False,
chrisxushaoyong.hu_nano2_2_7ef96e,20,31,0.2142857142857142,26,33,0.0,Nanobody,True,Strong
chrisxushaoyong.hu_nano2_4_85252b,17,13,0.0,27,17,0.0,Nanobody,True,Strong
chuh.egfr_seg1_l58_s941869_mpnn2,15,13,0.8666666666666667,18,17,0.9444444444444444,Miniprotein,False,
chuh.egfr_seg2_l58_s53469_mpnn1,26,27,0.9629629629629628,28,28,0.9310344827586208,Miniprotein,True,Medium
chuh.egfr_seg2_l62_s244475_mpnn4,24,13,0.48,26,21,0.0,Miniprotein,False,
colby.tupegfr_001___anti-egfr_fv-like_protein_diffused_with_evodiff,38,31,0.0147058823529411,32,29,0.2708333333333333,scFv,False,
colby.tupegfr_006___anti-egfr_fv-like_protein_diffused_with_evodiff,32,40,0.1428571428571428,27,41,0.1724137931034483,scFv,False,
colby.tupegfr_010___anti-egfr_fv-like_protein_diffused_with_evodiff,18,40,0.1372549019607843,16,45,0.2448979591836734,scFv,False,
colby.tupegfr_012___anti-egfr_fv-like_protein_diffused_with_evodiff,19,47,0.03125,23,63,0.0886075949367088,scFv,True,Weak
colby.tupegfr_018___anti-egfr_fv-like_protein_diffused_with_esm3,26,15,0.0,27,24,0.4166666666666667,scFv,False,
coreyhowe99.corey82,26,24,0.8518518518518519,29,28,0.7272727272727273,Miniprotein,False,
darius.szablowski.egfr_binder_1___top_binder_1,21,22,0.7916666666666666,27,28,0.896551724137931,Other,False,
darius.szablowski.egfr_binder_2___ggggs_3_linked_top_binders_1_and_2,41,32,0.46,48,38,0.3870967741935484,Other,False,
darius.szablowski.egfr_binder_3___ggggs_3_linked_top_binders_1_rev_and_2_rev,23,10,0.1,24,14,0.0,Other,False,
darius.szablowski.egfr_binder_4___ggggs_3_linked_top_binders_1_and_2_efficiently_evolved,31,27,0.6571428571428571,39,29,0.5813953488372093,Other,False,
darius.szablowski.egfr_binder_5___ggggs_3_linked_top_binders_1_and_2_efficiently_evolved_and_sapiens_evolved,44,34,0.3220338983050847,55,36,0.4444444444444444,Other,False,
deepsatflow.6aru_final_chain_a_domain_3_l138_s466479_mpnn9,34,34,0.7435897435897436,33,38,0.4489795918367347,Other,False,
deepsatflow.6aru_final_chain_a_domain_3_l142_s806907_mpnn1,24,22,0.7692307692307693,28,23,0.8214285714285714,Other,True,Weak
deepsatflow.6aru_final_chain_a_domain_3_l147_s945609_mpnn1,24,23,0.7407407407407407,29,23,0.6774193548387096,Other,True,Weak
dre.lgdl_egfr_001,9,27,0.2,17,43,0.0,Peptide,False,
dre.lgdl_egfr_008,14,25,0.3448275862068966,17,37,0.2857142857142857,Peptide,False,
duynth29.duy_l111_mpnn14,29,31,0.875,31,31,0.8235294117647058,Other,False,
duynth29.duy_l111_mpnn14_i36m__l80m_l42m,28,35,0.8,31,30,0.6944444444444444,Other,False,
duynth29.duy_l111_mpnn14_l80m_l42m,29,31,0.7647058823529411,32,31,0.75,Other,False,
duynth29.l148_mpnn1,26,25,0.9615384615384616,30,28,0.8709677419354839,Other,False,
duynth29.l88_mpnn5,25,19,0.6296296296296297,33,21,0.5882352941176471,Other,False,
eceiiitn786.8s2,25,24,0.4,27,32,0.0,Peptide,False,
elian.elian1,31,29,0.875,29,32,0.8484848484848485,Other,False,
elian.elian2,30,29,0.7352941176470589,28,29,0.8387096774193549,Other,False,
elian.elian3,30,27,0.78125,31,26,0.8387096774193549,Other,False,
elian.elian4,30,28,0.8125,28,27,0.896551724137931,Other,False,
elian.elian5,31,30,0.90625,29,32,0.7941176470588235,Other,False,
enzo.morro.design_0_n_0_mpnn_1.117_plddt_0.713_i_ptm_0.082_i_pae_27.542_rmsd_25.669,24,8,0.0,25,9,0.3076923076923077,Other,False,
enzo.morro.design_0_n_1_mpnn_1.085_plddt_0.817_i_ptm_0.076_i_pae_28.084_rmsd_25.372,28,18,0.1219512195121951,30,18,0.2972972972972973,Other,False,
enzo.morro.design_0_n_2_mpnn_1.120_plddt_0.858_i_ptm_0.072_i_pae_28.117_rmsd_30.276,28,20,0.2,25,24,0.0,Other,False,
fernando.meireles.design_hybrid_partial_diff_4_31_binder,28,30,0.3488372093023256,36,35,0.2241379310344827,Other,False,
fernando.meireles.design_hybrid_partial_diff_7_1_binder,22,22,0.2222222222222222,30,24,0.0,Other,False,
fernando.meireles.design_hybrid_partial_diff_9_54_binder,26,22,0.1707317073170731,32,23,0.1702127659574468,Other,False,
fgndd1.fg_seq1,27,30,0.78125,31,31,0.8787878787878788,Other,False,
flowuenne.nf-proteindesign_design10,12,10,0.0,13,15,0.0,Miniprotein,False,
flowuenne.nf-proteindesign_design7,17,7,0.3333333333333333,19,12,0.4761904761904761,Miniprotein,False,
flowuenne.nf-proteindesign_design8,15,18,0.32,22,25,0.2051282051282051,Miniprotein,False,
gitter.yolo23,23,24,0.8076923076923077,28,30,0.8709677419354839,Miniprotein,False,
gitter.yolo46,27,26,0.8928571428571429,26,30,0.8666666666666667,Miniprotein,False,
gitter.yolo48,18,17,0.8421052631578947,23,25,0.92,Miniprotein,True,Weak
hughy.4krp_b_a_89_rnd3_full,11,31,0.3548387096774194,13,37,0.0,Nanobody,False,
hughy.7om4_b_a_17_rnd2_v2_full,33,34,0.4888888888888889,44,40,0.037037037037037,Nanobody,False,
hughy.7om4_b_a_180_rnd1_v1_full,15,14,0.8125,17,18,0.75,Nanobody,False,
hughy.7om4_b_a_33_rnd2_v2_full,24,16,0.4285714285714285,23,17,0.0,Nanobody,False,
hughy.7om4_b_a_8_rnd2_v2_full,20,14,0.36,22,22,0.0476190476190476,Nanobody,False,
huiyu.cai.h3_15_2431_h,20,25,0.5517241379310345,16,28,0.0,Nanobody,False,
huiyu.cai.h3_15_2847_h,21,11,0.2307692307692307,21,13,0.4782608695652174,Nanobody,False,
huiyu.cai.h3_15_3351_h,11,18,0.2608695652173913,16,21,0.0,Nanobody,False,
huiyu.cai.h3_15_4373_h,18,30,0.4545454545454545,20,33,0.358974358974359,Nanobody,False,
huiyu.cai.h3_15_877_h,26,30,0.4736842105263157,25,30,0.1458333333333333,Nanobody,False,
jack.li.egfrbindingcandidate_7,19,15,0.1724137931034483,22,16,0.0,scFv,False,
jakublala.epitope_1_20aa.pdb,11,10,0.3125,23,25,0.3714285714285714,Peptide,False,
jakublala.epitope_1_30aa.pdb,14,12,0.625,19,17,0.0,Miniprotein,False,
jakublala.epitope_2_30aa_1.pdb,9,13,0.375,15,18,0.4347826086956521,Miniprotein,False,
jakublala.full_dibinder_45aa.pdb,15,18,0.7368421052631579,17,23,0.6666666666666666,Peptide,False,
jakublala.full_dibinder_45aa_2.pdb,15,19,0.6190476190476191,17,21,0.7272727272727273,Miniprotein,False,
joaosartori2.c1,34,29,0.575,40,41,0.62,Peptide,True,Weak
joaosartori2.c3,33,26,0.4390243902439024,41,36,0.6382978723404256,Peptide,False,
joaosartori2.c4,36,26,0.4090909090909091,43,45,0.6296296296296297,Peptide,False,
joaosartori2.c6,38,30,0.5454545454545454,38,35,0.5869565217391305,Peptide,False,
joel.rf_diffusion_trim_3,19,20,0.0833333333333333,24,33,0.0,Other,False,
jude.wells.21.6b3s_necitumumab_fused_trimmed_task_211_iter_150,24,24,1.0,26,26,0.925925925925926,scFv,False,
jude.wells.21.6b3s_necitumumab_fused_trimmed_task_89_iter_216,24,23,0.9583333333333334,26,27,0.8928571428571429,scFv,False,
jude.wells.21.6b3s_necitumumab_fused_trimmed_task_98_iter_184,22,29,0.7586206896551724,26,26,0.6774193548387096,scFv,False,
jude.wells.21.panitumumab_fused_trimmed_crossbreed3,21,22,0.9545454545454546,24,24,0.8461538461538461,scFv,False,
jude.wells.21.panitumumab_fused_trimmed_task_12_iter_123,22,26,0.6551724137931034,24,33,0.6764705882352942,scFv,False,
julian.faust.becotatugxpimurutamab_scfv,24,23,0.9583333333333334,23,23,0.84,scFv,False,
julian.faust.demupitamab_mpnn_19_scfv,24,22,0.9166666666666666,25,21,0.84,scFv,False,
julian.faust.pimurutamab_mpnn_17_scfv,23,18,0.782608695652174,22,19,0.7083333333333334,scFv,True,Medium
julian.faust.pimurutamab_mpnn_18_scfv,22,11,0.1379310344827586,22,14,0.2413793103448276,scFv,True,Weak
julian.faust.pimurutamabxbecotatug_scfv,24,18,0.75,24,22,0.84,scFv,False,
julie.jg26n,17,18,0.9444444444444444,20,21,0.7083333333333334,Miniprotein,False,
julie.rj0aa,18,18,1.0,19,21,0.8181818181818182,Miniprotein,False,
julie.ryfqy,16,16,1.0,20,20,0.9047619047619048,Miniprotein,False,
junhee.park1999.egfr_binder_6,21,21,0.4482758620689655,28,19,0.0930232558139534,scFv,False,
junhee.park1999.egfr_binder_7,21,24,0.3636363636363636,28,20,0.0,scFv,False,
junhee.park1999.egfr_binder_9,20,8,0.2727272727272727,27,10,0.3214285714285714,scFv,False,
jvogt4.vogt_scfv_0128,23,19,0.4,22,23,0.3636363636363636,scFv,True,Medium
jvogt4.vogt_scfv_2009,19,15,0.6190476190476191,19,23,0.5,scFv,True,Medium
jvogt4.vogt_scfv_2143,24,15,0.1142857142857142,22,19,0.0,scFv,True,Medium
jvogt4.vogt_scfv_2279,22,15,0.6818181818181818,22,18,0.8181818181818182,scFv,True,Weak
jvogt4.vogt_scfv_2470,18,29,0.2368421052631578,17,25,0.0,scFv,True,Medium
karmanyaaggarwal.ds002542,17,22,0.625,16,20,0.3846153846153846,Nanobody,False,
karmanyaaggarwal.ds003076,18,21,0.3,20,23,0.4333333333333333,Nanobody,False,
karmanyaaggarwal.ds004729,15,23,0.3103448275862069,18,26,0.3333333333333333,Nanobody,False,
keaun.gafpvvfkadiarvsefvaigpstgylgslttmsgvnq,19,20,0.3928571428571428,21,33,0.1489361702127659,Peptide,False,
keaun.gifgvvfkadiarvsidvaidystgylgslttfsgcnq,6,27,0.1785714285714285,7,36,0.131578947368421,Peptide,False,
keaun.gwfgvvfkadiagvsekvaielsggyegslttpsgwnq,16,16,0.28,23,18,0.4137931034482758,Peptide,False,
keaun.gwfgvvfkadiardsefvailesqgylssittfsgwnq,17,16,0.375,23,24,0.7407407407407407,Peptide,False,
keaun.gwfgvvfkadiarvsefvaiglstgplgsestfsiwrq,14,12,0.625,22,17,0.6956521739130435,Miniprotein,False,
kerrding.seq5,31,29,0.875,37,36,0.9210526315789472,Peptide,True,Weak
kerrding.seq6,33,33,0.9411764705882352,38,40,0.8571428571428571,Peptide,True,Weak
kerrding.seq7,32,28,0.6666666666666666,42,37,0.6808510638297872,Peptide,False,
kerrding.seq8,34,26,0.5,45,34,0.5192307692307693,Peptide,False,
kerrding.seq9,12,15,0.125,16,16,0.0,Peptide,False,
klima.jason.8hgo_design_4yyaf_0_0,24,41,0.3829787234042553,31,56,0.1756756756756756,Other,False,
klima.jason.8hgo_design_8gswy_1_2,34,31,0.1607142857142857,42,28,0.25,Other,False,
klima.jason.8hgo_design_94eja_1_5,15,25,0.1428571428571428,21,42,0.2352941176470588,Other,False,
klima.jason.8hgo_design_jt8s1_0_3_proteinmpnn_20,50,13,0.0161290322580645,44,17,0.2978723404255319,Other,False,
klima.jason.8hgo_design_vdcjs_1_2,24,26,0.1363636363636363,29,34,0.0677966101694915,Other,False,
kurumida.yoichi.mg_05,15,16,0.8235294117647058,16,18,0.8888888888888888,Miniprotein,True,Medium
lennart.nickel.egfr_l114_s69310_mpnn7,22,24,0.7037037037037037,24,23,0.8076923076923077,Other,False,
lennart.nickel.egfr_l139_s63093_mpnn2,23,23,0.84,24,22,0.84,Other,False,
lennart.nickel.egfr_l170_s20625_mpnn10,32,29,0.90625,32,30,0.8235294117647058,Other,True,Weak
lennart.nickel.egfr_l179_s82283_mpnn1,20,20,0.9047619047619048,19,20,0.95,Other,True,Medium
lennart.nickel.egfr_l98_s70756_mpnn3,20,12,0.032258064516129,25,15,0.0,Other,False,
lhallee.lhallee_128_driveid_1_2,29,27,0.1428571428571428,44,27,0.2033898305084746,Other,False,
lhallee.lhallee_128_driveid_3_4,16,24,0.081081081081081,21,31,0.1818181818181818,Other,False,
lhallee.lhallee_20_on_target_2000,11,11,0.375,17,15,0.0,Miniprotein,False,
lhallee.lhallee_40_full_driveid_8_9,11,24,0.3461538461538461,15,34,0.225,Peptide,False,
lhallee.lhallee_40_target_driveid_10,14,28,0.4,19,41,0.2765957446808511,Peptide,False,
lyu.1,33,30,0.8,30,30,0.875,Other,False,
lyu.2,33,30,0.9090909090909092,29,30,0.9032258064516128,Other,False,
lyu.3,28,26,0.4210526315789473,27,31,0.0,Other,False,
markus.braun.egfr_binder_1,49,43,0.84,47,45,0.9166666666666666,Other,False,
markus.braun.egfr_binder_3,64,19,0.0246913580246913,48,16,0.0666666666666666,Other,False,
markus.braun.egfr_binder_6,54,42,0.6551724137931034,48,45,0.7547169811320755,Other,False,
markus.braun.egfr_binder_7,51,11,0.087719298245614,47,17,0.0158730158730158,Other,False,
markus.braun.egfr_binder_8,50,29,0.0821917808219178,50,32,0.0933333333333333,Other,False,
martin.egfr_l111_s89744_mpnn1,18,21,0.6956521739130435,18,19,0.6818181818181818,Other,False,
martin.egfr_l121_s46924_mpnn18,31,17,0.0,27,22,0.2894736842105263,Other,False,
martin.egfr_l142_s75963_mpnn1,31,30,0.0517241379310344,28,37,0.2745098039215686,Other,False,
martin.egfr_l165_s31019_mpnn3,26,24,0.8518518518518519,25,24,0.96,Other,False,
martin.egfr_l177_s77884_mpnn7,22,14,0.1612903225806451,21,12,0.0,Other,False,
maxall4.egfr_ed_binder_l124_s860500_mpnn1_model1_unrelaxed_rank_001_alphafold2_multimer_v3_model_1_seed_000_top1_mutation_d81n_round1_chain_a,33,36,0.8648648648648649,32,35,0.8611111111111112,Other,False,
maxall4.egfr_ed_binder_l132_s581930_mpnn1_model1_unrelaxed_rank_001_alphafold2_multimer_v3_model_1_seed_000_top1_mutation_r79a_round1_chain_a,29,21,0.7241379310344828,28,23,0.8214285714285714,Other,False,
maxall4.egfr_ed_binder_l134_s906486_mpnn2_model1_unrelaxed_rank_001_alphafold2_multimer_v3_model_1_seed_000_top1_mutation_g108s_round1_y80d_chain_a,21,22,0.7916666666666666,25,26,0.8214285714285714,Other,False,
maxall4.egfr_ed_binder_l134_s906486_mpnn2_model1_unrelaxed_rank_001_alphafold2_multimer_v3_model_1_seed_000_top1_mutation_g108s_round1_chain_a,22,21,0.8695652173913043,27,25,0.7931034482758621,Other,False,
maxall4.egfr_trim_l126_s498823_mpnn2_model1_unrelaxed_rank_001_alphafold2_multimer_v3_model_1_seed_000_top1_mutation_l39g_round1_chain_a,26,27,0.8928571428571429,30,32,0.8235294117647058,Other,False,
mchrnwsk.marta_chronowska_dom1_l99_s666690_mpnn16,20,15,0.75,26,22,0.7142857142857143,Other,False,
merlettaia.seq0v3,32,25,0.3255813953488372,33,32,0.0,Nanobody,False,
merlettaia.seq0v4,15,17,0.5238095238095238,19,17,0.7142857142857143,Nanobody,False,
merlettaia.seq52v3,14,15,0.2608695652173913,25,17,0.0,Nanobody,False,
merlettaia.seq6v4,9,32,0.2424242424242424,10,35,0.2162162162162162,Nanobody,False,
merlettaia.seq70v3,20,28,0.4117647058823529,21,24,0.0,Nanobody,False,
minji.lee.111,31,14,0.3235294117647059,31,15,0.0,Miniprotein,False,
minji.lee.3458,15,14,0.5263157894736842,17,20,0.0,Other,False,
minji.lee.386,12,11,0.5333333333333333,11,12,0.0,Miniprotein,False,
minji.lee.3995,12,12,0.4117647058823529,18,19,0.0,Miniprotein,False,
minji.lee.459,18,12,0.5,19,14,0.65,Miniprotein,False,
mlange05.a,27,14,0.1081081081081081,25,19,0.0,Other,False,
mlange05.b,31,22,0.2045454545454545,31,25,0.217391304347826,Other,False,
mlange05.c,15,14,0.0,23,15,0.0,Other,False,
mosquitolkfo.nab_design_1,19,19,0.2666666666666666,26,21,0.0,Nanobody,False,
mosquitolkfo.nab_design_3,19,14,0.2692307692307692,26,18,0.0,Nanobody,True,Weak
mosquitolkfo.nab_design_6,18,32,0.0416666666666666,27,41,0.0,Nanobody,False,
mosquitolkfo.nab_design_7,19,28,0.2702702702702703,24,25,0.0,Nanobody,False,
mosquitolkfo.nab_design_9,20,12,0.28,27,15,0.0,Nanobody,False,
nhaas.2,25,23,0.4117647058823529,27,21,0.0,scFv,False,
nhaas.3,21,15,0.6363636363636364,29,21,0.6129032258064516,scFv,False,
nhaas.4,22,33,0.1458333333333333,25,23,0.0,scFv,False,
nhaas.6,17,14,0.0,18,17,0.0,scFv,False,
nhaas.8,25,13,0.4615384615384615,24,13,0.0,scFv,False,
nicholas-schnicker.schnick_04,21,19,0.8181818181818182,25,25,0.9230769230769232,Other,False,
niklas.7a72d922-1677-4fc8-9315-d7996ba05d8e_l150_s530325711_mpnn12,20,23,0.6538461538461539,26,29,0.5277777777777778,Other,False,
niklas.95b59203-b642-4754-bcd3-8e670a722c8d_l91_s349792600_mpnn19,14,12,0.8571428571428571,15,17,0.7777777777777778,Other,False,
niklas.95b59203-b642-4754-bcd3-8e670a722c8d_l91_s349792600_mpnn2,16,16,0.8823529411764706,16,17,0.8333333333333334,Other,False,
niklas.e5a28fa3-3501-41c2-922c-ec848e0bc020_l81_s514858345_mpnn4,26,27,0.8928571428571429,29,28,0.9655172413793104,Miniprotein,False,
niklas.ee4629a9-322f-48f0-884d-8f4418db9bce_l151_s241659642_mpnn11,35,29,0.7297297297297297,38,29,0.717948717948718,Other,False,
nitesh.mishra3.stepwise_egf_based_egfr_binder_3,16,31,0.46875,17,38,0.2222222222222222,Peptide,False,
nitesh.mishra3.stepwise_rfdiff_egfr_binder_1,17,15,0.7777777777777778,24,22,0.9166666666666666,Peptide,False,
nitesh.mishra3.stepwise_scaffold_egfr_binder_6,17,17,0.8888888888888888,24,22,0.9166666666666666,Peptide,False,
noah.holzleitner.noah_egfr-binder_1,21,21,0.9090909090909092,28,25,0.8275862068965517,Miniprotein,False,
noah.holzleitner.noah_egfr-binder_2,21,23,0.9130434782608696,29,29,1.0,Miniprotein,False,
noah.holzleitner.noah_egfr-binder_3,23,21,0.9130434782608696,29,29,0.8709677419354839,Miniprotein,False,
noah.holzleitner.noah_egfr-binder_4,16,24,0.6,18,30,0.0,Miniprotein,False,
noah.holzleitner.noah_egfr-binder_8,23,22,0.5,29,29,0.1372549019607843,Miniprotein,False,
pastei5.egfr_binder_01,19,29,0.1707317073170731,16,44,0.0,Peptide,False,
paulafcfranklin.synth_rosetta_1,34,25,0.4390243902439024,42,34,0.5833333333333334,Peptide,True,Weak
paulafcfranklin.synth_rosetta_10,36,35,0.868421052631579,43,41,0.8666666666666667,Peptide,False,
paulafcfranklin.synth_rosetta_2,33,12,0.3235294117647059,41,19,0.4285714285714285,Peptide,False,
paulafcfranklin.synth_rosetta_3,35,21,0.4,42,30,0.6363636363636364,Peptide,False,
paulafcfranklin.synth_rosetta_4,35,14,0.3611111111111111,39,20,0.4390243902439024,Peptide,False,
paulafcfranklin.synth_rosetta_5,33,33,0.6097560975609756,43,44,0.359375,Peptide,False,
paulafcfranklin.synth_rosetta_6,36,20,0.3658536585365853,42,24,0.4347826086956521,Peptide,False,
paulafcfranklin.synth_rosetta_7,36,25,0.525,39,40,0.6808510638297872,Peptide,False,
paulafcfranklin.synth_rosetta_8,34,34,0.3333333333333333,44,46,0.5517241379310345,Peptide,False,
paulafcfranklin.synth_rosetta_9,34,25,0.3409090909090909,42,33,0.6666666666666666,Peptide,False,
praghava531.seq2,13,28,0.4137931034482758,15,28,0.3870967741935484,Other,False,
qilin_y.test4,14,26,0.5384615384615384,18,32,0.0,Miniprotein,False,
qilin_y.test5,18,27,0.25,23,33,0.2727272727272727,Miniprotein,False,
qilin_y.test6,22,25,0.1463414634146341,17,37,0.1489361702127659,Other,False,
qilin_y.test7,11,19,0.25,21,20,0.1388888888888889,Peptide,False,
qilin_y.test8,8,20,0.2727272727272727,12,26,0.0,Peptide,False,
qxy615.s1_rfd_base_46_60,15,19,0.6190476190476191,16,24,0.0,Miniprotein,False,
qxy615.s1_rfd_base_46_94,19,20,0.95,24,25,0.6896551724137931,Miniprotein,False,
qxy615.s1_rfd_comp_beta_782_81,13,15,0.0769230769230769,19,19,0.0,Miniprotein,False,
qy.qilin.yu.10-13-21_sample267_complex_42_complex,19,18,0.85,24,19,0.6538461538461539,Peptide,False,
revoli.mutated_nab_5,34,25,0.2291666666666666,41,27,0.0,Nanobody,False,
revoli.mutated_nab_8,40,17,0.2391304347826087,47,17,0.0,Nanobody,False,
revoli.mutated_nab_9,35,22,0.3255813953488372,38,29,0.0151515151515151,Nanobody,False,
rohith.mohan.model_67_69_2,22,12,0.2142857142857142,25,18,0.0,Miniprotein,False,
round1zeroshot.k5q_n70s_k71r_n73t_s87t_n88d_r179k_k183r_e213d_s214p,23,22,0.9565217391304348,23,21,0.8333333333333334,scFv,True,Strong
s1995825.cotimed_egf_netsolp_usability_1,32,10,0.3125,39,12,0.2439024390243902,Peptide,False,
s1995825.cotimed_egf_netsolp_usability_2,32,18,0.5151515151515151,39,20,0.3720930232558139,Peptide,False,
s1995825.cotimed_egf_netsolp_usability_3,32,30,0.9375,39,37,0.9,Peptide,False,
s1995825.cotimed_egf_netsolp_usability_4,33,29,0.8787878787878788,38,38,0.8536585365853658,Peptide,False,
s1995825.cotimed_egf_netsolp_usability_5,33,13,0.3529411764705882,37,18,0.4473684210526316,Peptide,True,Weak
s1995825.cotimed_egf_netsolp_usability_6,32,18,0.3513513513513513,37,28,0.4444444444444444,Peptide,False,
s1995825.cotimed_egf_netsolp_usability_7,25,20,0.4516129032258064,22,29,0.0,Peptide,False,
s1995825.cotimed_egf_netsolp_usability_8,32,28,0.8181818181818182,38,37,0.7045454545454546,Peptide,False,
s1995825.timed_egf_netsolp_usability_consensus_1,32,29,0.90625,38,34,0.8,Peptide,False,
s1995825.timed_egf_netsolp_usability_consensus_2,32,21,0.4722222222222222,37,35,0.6744186046511628,Peptide,False,
salireza111.seq119_3_001_8,14,21,0.2068965517241379,15,19,0.0,Miniprotein,False,
salireza111.seq166_1_001_7,17,12,0.3181818181818182,18,12,0.3636363636363636,Miniprotein,False,
salireza111.seq166_3_002_4,15,15,1.0,19,19,0.7272727272727273,Miniprotein,False,
salireza111.seq166_7_003_9,17,14,0.8235294117647058,18,17,0.75,Miniprotein,False,
salireza111.seq206_1_001_6,22,19,0.28125,22,20,0.0,Peptide,False,
silvia.toscani.b_egfr_6,21,16,0.6086956521739131,27,17,0.0,Miniprotein,False,
spacecruiser42.d2_prompt_binder_t0.8_42,10,12,0.6923076923076923,15,19,0.0,Miniprotein,False,
spacecruiser42.d2_prompt_binder_t0.8_88,11,16,0.6875,15,32,0.3055555555555556,Miniprotein,False,
spacecruiser42.d2_prompt_binder_t1.0_139,15,13,0.4736842105263157,22,24,0.0,Miniprotein,False,
spacecruiser42.d2_prompt_binder_t1.0_22,13,11,0.7142857142857143,20,24,0.5172413793103449,Miniprotein,False,
spacecruiser42.d2_prompt_binder_t1.0_37,11,15,0.625,20,35,0.0,Miniprotein,False,
ssomani.17,16,15,0.8235294117647058,16,20,0.6363636363636364,Other,False,
stocco.filippo.1.3.3.18_13_0_iteration12_1.0279718223732435,14,20,0.3076923076923077,22,32,0.3846153846153846,Peptide,False,
stocco.filippo.1.3.3.18_37_0_iteration3_1.024851931427025,15,21,0.44,21,31,0.4054054054054054,Peptide,False,
stocco.filippo.1.3.3.18_40_0_iteration12_1.0321554292304749,35,16,0.2439024390243902,42,18,0.3043478260869565,Peptide,True,Medium
stocco.filippo.1.3.3.18_4_2_iteration0_1.0407930462953479,36,25,0.3260869565217391,40,34,0.574468085106383,Peptide,True,Medium
stocco.filippo.1.3.3.18_51_2_iteration3_1.0356664070457622,32,14,0.3142857142857143,41,21,0.4418604651162791,Peptide,False,
stocco.filippo.1.3.3.18_65_0_iteration3_1.028317065130863,33,17,0.282051282051282,43,19,0.2653061224489796,Peptide,True,Medium
tadaskluonis.cotimed_egf_bcseq_0,30,20,0.3513513513513513,39,31,0.627906976744186,Peptide,False,
tadaskluonis.cotimed_egf_bcseq_1,33,26,0.6388888888888888,39,39,0.6956521739130435,Peptide,False,
tadaskluonis.cotimed_egf_bcseq_2,33,20,0.2619047619047619,40,29,0.5681818181818182,Peptide,False,
tadej.satler.egfr_binder_3,31,27,0.8125,26,27,0.8928571428571429,Other,False,
tarkhov.andrey.erithacus_rubecula_gigantus_1,27,57,0.2727272727272727,27,53,0.3114754098360656,Other,False,
tarkhov.andrey.erithacus_rubecula_gigantus_4,25,78,0.0198019801980198,35,97,0.2,Other,False,
tarkhov.andrey.erithacus_rubecula_gigantus_7,26,31,0.0754716981132075,37,39,0.4074074074074074,Other,False,
tarkhov.andrey.erithacus_rubecula_gigantus_8,33,25,0.0943396226415094,32,30,0.1481481481481481,Other,False,
tarkhov.andrey.erithacus_rubecula_gigantus_9,16,36,0.0,19,45,0.3617021276595745,Other,False,
tiejun.wei.egfr_binder_design_208_dldesign_10_af2pred.pdb_a,32,29,0.6486486486486487,48,40,0.543859649122807,Miniprotein,False,
tim.silica_corpora_regions_sampled_epitope_0_generated_variant_6_rank_7_phase_2,11,16,0.5,12,19,0.3478260869565217,Nanobody,False,
tim.silica_corpora_regions_sampled_epitope_2_generated_variant_8_rank_3_phase_2,33,19,0.4444444444444444,33,24,0.0,Nanobody,False,
tim.silica_corpora_sampled_epitope_0_generated_variant_1_rank_8_phase_2,21,15,0.5,17,19,0.0,Nanobody,False,
tim.silica_corpora_sampled_epitope_0_generated_variant_8_rank_1_phase_2,21,13,0.3076923076923077,20,15,0.4583333333333333,Nanobody,False,
tim.silica_corpora_sampled_epitope_2_generated_variant_9_rank_6_phase_2,19,14,0.32,24,17,0.5185185185185185,Nanobody,False,
toluwase.fatoki.toluwase_sequence3_119,10,22,0.1428571428571428,14,25,0.56,Other,False,
toluwase.fatoki.toluwase_sequence4_148,28,25,0.1041666666666666,27,33,0.3333333333333333,Other,False,
toluwase.fatoki.toluwase_sequence6_112,21,28,0.225,23,28,0.0,Other,False,
wtj19921231.egfr_binder_design_208_dldesign_0_cycle1_run5_af2pred.pdb_a,20,15,0.4,23,21,0.2941176470588235,Miniprotein,False,
x.rustamov.p_vhh_partial_1_32,16,17,0.2222222222222222,19,17,0.0285714285714285,Nanobody,False,
x.rustamov.traj_11_8_model_5_0,23,20,0.1621621621621621,22,21,0.0238095238095238,Nanobody,False,
x.rustamov.traj_4_8_model_1_5,24,13,0.3214285714285714,28,17,0.0,Nanobody,False,
x.rustamov.traj_6_1_model_1_8,24,20,0.5714285714285714,23,18,0.5769230769230769,Nanobody,False,
x.rustamov.traj_9_8_model_1_0,14,35,0.3611111111111111,18,34,0.0,Nanobody,False,
xiuming_li2015.eureka_seq_1,21,22,0.8695652173913043,24,21,0.8,scFv,False,
xiuming_li2015.eureka_seq_3,23,21,0.76,23,20,0.7916666666666666,scFv,False,
xiuming_li2015.eureka_seq_4,21,21,0.8260869565217391,23,20,0.8695652173913043,scFv,False,
youngsuko2000.fast4,37,23,0.4285714285714285,42,37,0.5490196078431373,Peptide,False,
youngsuko2000.last,38,20,0.3488372093023256,48,26,0.3703703703703703,Peptide,False,
youngsuko2000.queen,37,27,0.5238095238095238,45,35,0.5686274509803921,Peptide,True,Medium
z_peplib.pepseq_design_6,13,26,0.1470588235294117,22,29,0.3076923076923077,Peptide,False,
z_peplib.pepseq_design_8,11,15,0.04,16,18,0.0,Miniprotein,False,
z_peplib.pepseq_design_9,19,10,0.16,33,11,0.0,Peptide,False,
zalavi.shortrustamov_ggg_zalavi3,54,40,0.4029850746268656,58,45,0.6612903225806451,Other,False,
zalavi.zalavi3_ggg_shortpacesa,27,25,0.7931034482758621,26,23,0.8846153846153846,Other,False,
zalavi.zalavi3_mergedaltered_rustamov,53,42,0.5079365079365079,59,54,0.765625,Other,False,
zhoup1366.dbz1___a,19,12,0.4761904761904761,16,15,0.631578947368421,Nanobody,False,
zhoup1366.dbz10___a,17,16,0.2222222222222222,17,22,0.0,Nanobody,False,
zhoup1366.dbz6___a,16,37,0.1041666666666666,19,37,0.3333333333333333,Nanobody,False,
zhoup1366.dbz7___a,20,24,0.5714285714285714,25,24,0.0,Nanobody,False,
zhoup1366.dbz8___a,15,29,0.3333333333333333,21,29,0.0,Nanobody,False,
zulfatmi.pocket1pep78,13,13,0.7333333333333333,32,34,0.0153846153846153,Peptide,False,
zulfatmi.pocket2pep63,7,14,0.2352941176470588,14,20,0.5454545454545454,Peptide,False,
zulfatmi.pocket7pep42,11,12,0.7692307692307693,17,15,0.0,Peptide,False,
