complex,AF3_binder_Interface_size,Boltz_binder_interface_size,Binder_Jaccard,AF3_Target_interface_size,Boltz_Target_interface_size,target_jaccard,design_class,binding,binding_strength
paulafcfranklin.synth_rosetta_1,34,33,0.8108108108108109,42,41,0.8863636363636364,Peptide,True,Weak
merlettaia.seq0v3,32,24,0.3333333333333333,33,33,0.0,Nanobody,False,
minji.lee.459,18,19,0.48,19,18,0.0277777777777777,Miniprotein,False,
spacecruiser42.d2_prompt_binder_t1.0_22,13,15,0.6470588235294118,20,32,0.3333333333333333,Miniprotein,False,
deepsatflow.6aru_final_chain_a_domain_3_l147_s945609_mpnn1,24,28,0.625,29,33,0.631578947368421,Other,True,Weak
qxy615.s1_rfd_base_46_94,19,25,0.5714285714285714,24,38,0.3478260869565217,Miniprotein,False,
youngsuko2000.ysar,34,35,0.9166666666666666,41,44,0.8085106382978723,,,
christoph.gruber.binder12_1,13,41,0.2272727272727272,19,57,0.1692307692307692,Other,False,
merlettaia.seq52v3,14,17,0.2916666666666667,25,25,0.0,Nanobody,False,
briannaughton.1_plus_2,30,57,0.5,29,60,0.4833333333333333,Other,True,Medium
cchallacombe.4,29,29,0.2608695652173913,35,30,0.015625,Nanobody,False,
allongoldberg.4_44_14_refined_ideal,22,10,0.391304347826087,27,14,0.0,Other,False,
tarkhov.andrey.erithacus_rubecula_gigantus_1,27,64,0.034090909090909,27,70,0.2933333333333333,Other,False,
paulafcfranklin.synth_rosetta_4,35,34,0.9166666666666666,39,43,0.8636363636363636,Peptide,False,
klima.jason.8hgo_design_jt8s1_0_3_proteinmpnn_20,50,52,0.2592592592592592,44,60,0.2682926829268293,Other,False,
amelie.schreiber.model_56_119_15,20,19,0.8571428571428571,32,28,0.8181818181818182,Miniprotein,False,
chenceshi1105.steven_binder_design_l89_s48081_it100_mpnn4,20,26,0.6428571428571429,20,28,0.4545454545454545,Miniprotein,False,
aswini.seed2_1,27,24,0.3783783783783784,36,39,0.0,Peptide,False,
x.rustamov.traj_4_8_model_1_5,24,14,0.0857142857142857,28,15,0.0,Nanobody,False,
ccalia.paesani_lab_design9,38,59,0.4264705882352941,39,67,0.4520547945205479,Other,False,
minji.lee.111,31,23,0.4210526315789473,31,31,0.0,Miniprotein,False,
a.tucs.andrejs_tucs_seq8,31,29,0.935483870967742,39,38,0.925,Peptide,True,Medium
merlettaia.seq70v3,20,25,0.5517241379310345,21,26,0.0444444444444444,Nanobody,False,
s1995825.cotimed_egf_netsolp_usability_8,32,33,0.9117647058823528,38,41,0.8372093023255814,Peptide,False,
lhallee.lhallee_20_on_target_2000,11,17,0.5555555555555556,17,33,0.1904761904761904,Miniprotein,False,
aureliabustos.wwt_noised_i_scaffold_shorted_var7524,34,32,0.9411764705882352,37,41,0.8571428571428571,Peptide,True,Weak
alex.naka.ivysaur,33,32,0.7567567567567568,36,38,0.8048780487804879,Peptide,False,
huiyu.cai.h3_15_4373_h,18,13,0.1071428571428571,20,13,0.1785714285714285,Nanobody,False,
ccalia.paesani_lab_design2,43,47,0.0588235294117647,54,52,0.1157894736842105,Other,False,
keaun.gwfgvvfkadiardsefvailesqgylssittfsgwnq,17,22,0.2580645161290322,23,31,0.2,Peptide,False,
salireza111.seq206_1_001_6,22,31,0.358974358974359,22,39,0.173076923076923,Peptide,False,
cchallacombe.6,18,19,0.6086956521739131,14,20,0.0,Nanobody,False,
zulfatmi.pocket2pep63,7,12,0.5833333333333334,14,24,0.3571428571428571,Peptide,False,
junhee.park1999.egfr_binder_9,20,30,0.6129032258064516,27,36,0.6153846153846154,scFv,False,
huiyu.cai.h3_15_2847_h,21,36,0.0555555555555555,21,35,0.3333333333333333,Nanobody,False,
aureliabustos.wwt_noised_i_scaffold_shorted_var9391,31,31,0.8787878787878788,38,40,0.8571428571428571,Peptide,True,Weak
duynth29.duy_l111_mpnn14_l80m_l42m,29,34,0.6153846153846154,32,39,0.4791666666666667,Other,False,
merlettaia.seq6v4,9,24,0.2692307692307692,10,32,0.2,Nanobody,False,
lhallee.lhallee_128_driveid_3_4,16,39,0.1702127659574468,21,50,0.2678571428571428,Other,False,
noah.holzleitner.noah_egfr-binder_4,16,16,0.7777777777777778,18,17,0.9444444444444444,Miniprotein,False,
paulafcfranklin.synth_rosetta_9,34,34,0.8378378378378378,42,42,0.8260869565217391,Peptide,False,
xiuming_li2015.eureka_seq_1,21,26,0.7407407407407407,24,25,0.5806451612903226,scFv,False,
christoph.gruber.upperbinder_scaffold3_lowerbinder,33,31,0.2549019607843137,54,35,0.141025641025641,Other,False,
joel.rf_diffusion_trim_3,19,23,0.2,24,29,0.0,Other,False,
jude.wells.21.panitumumab_fused_trimmed_task_12_iter_123,22,26,0.6551724137931034,24,28,0.7333333333333333,scFv,False,
stocco.filippo.1.3.3.18_13_0_iteration12_1.0279718223732435,14,28,0.5,22,42,0.4222222222222222,Peptide,False,
nhaas.4,22,32,0.5882352941176471,25,33,0.4871794871794871,scFv,False,
s1995825.cotimed_egf_netsolp_usability_2,32,29,0.8484848484848485,39,39,0.813953488372093,Peptide,False,
minji.lee.3458,15,19,0.4782608695652174,17,21,0.0,Other,False,
kerrding.seq8,34,30,0.8823529411764706,45,36,0.7608695652173914,Peptide,False,
julie.ryfqy,16,17,0.9411764705882352,20,21,0.8636363636363636,Miniprotein,False,
keaun.gwfgvvfkadiagvsekvaielsggyegslttpsgwnq,16,28,0.375,23,36,0.3409090909090909,Peptide,False,
junhee.park1999.egfr_binder_6,21,32,0.5588235294117647,28,29,0.4615384615384615,scFv,False,
darius.szablowski.egfr_binder_2___ggggs_3_linked_top_binders_1_and_2,41,38,0.3859649122807017,48,38,0.3230769230769231,Other,False,
stocco.filippo.1.3.3.18_65_0_iteration3_1.028317065130863,33,34,0.8108108108108109,43,41,0.8260869565217391,Peptide,True,Medium
spacecruiser42.d2_prompt_binder_t0.8_88,11,15,0.7333333333333333,15,39,0.2857142857142857,Miniprotein,False,
duynth29.l88_mpnn5,25,24,0.8148148148148148,33,34,0.7631578947368421,Other,False,
julian.faust.pimurutamab_mpnn_17_scfv,23,32,0.6666666666666666,22,41,0.5365853658536586,scFv,True,Medium
s1995825.cotimed_egf_netsolp_usability_7,25,27,0.625,22,37,0.0,Peptide,False,
tim.silica_corpora_sampled_epitope_0_generated_variant_1_rank_8_phase_2,21,10,0.24,17,15,0.0,Nanobody,False,
a.tucs.andrejs_tucs_seq3,31,30,0.90625,40,41,0.9285714285714286,Peptide,True,Weak
aswini.seed1,32,32,0.6842105263157895,44,43,0.0235294117647058,Peptide,False,
elian.elian2,30,39,0.5681818181818182,28,40,0.5813953488372093,Other,False,
aureliabustos.bce_var464,31,30,0.967741935483871,40,42,0.8222222222222222,Peptide,True,Strong
qxy615.s1_rfd_base_46_60,15,26,0.3666666666666666,16,34,0.0,Miniprotein,False,
antorsae.ta_5_2,18,22,0.4814814814814814,25,33,0.2083333333333333,Peptide,False,
lennart.nickel.egfr_l98_s70756_mpnn3,20,32,0.4054054054054054,25,36,0.3863636363636363,Other,False,
aureliabustos.wwt_noised_i_scaffold_shorted_var6640,32,31,0.8529411764705882,39,39,0.902439024390244,Peptide,True,Weak
gitter.yolo46,27,26,0.6060606060606061,26,30,0.0769230769230769,Miniprotein,False,
dre.lgdl_egfr_001,9,31,0.25,17,50,0.34,Peptide,False,
paulafcfranklin.synth_rosetta_3,35,33,0.9428571428571428,42,40,0.8222222222222222,Peptide,False,
flowuenne.nf-proteindesign_design7,17,21,0.4074074074074074,19,29,0.3714285714285714,Miniprotein,False,
spacecruiser42.d2_prompt_binder_t0.8_42,10,14,0.6,15,33,0.3333333333333333,Miniprotein,False,
z_peplib.pepseq_design_9,19,22,0.28125,33,27,0.0,Peptide,False,
begonia.sp.13.egfr_l61_s456546_mpnn1_model1,21,25,0.5333333333333333,28,41,0.5681818181818182,Miniprotein,False,
s1995825.cotimed_egf_netsolp_usability_3,32,31,0.9090909090909092,39,39,0.902439024390244,Peptide,False,
jvogt4.vogt_scfv_2143,24,35,0.3409090909090909,22,40,0.1272727272727272,scFv,True,Medium
jvogt4.vogt_scfv_2279,22,23,0.5,22,24,0.0,scFv,True,Weak
tim.silica_corpora_sampled_epitope_0_generated_variant_8_rank_1_phase_2,21,20,0.1081081081081081,20,22,0.0,Nanobody,False,
begonia.sp.13.egfr_l88_s11832_mpnn1_model2,23,36,0.475,27,36,0.5365853658536586,Other,True,Medium
aswinijavadi160197.8_a,10,11,0.0,12,8,0.0,Other,False,
xiuming_li2015.eureka_seq_4,21,26,0.8076923076923077,23,26,0.6333333333333333,scFv,False,
mosquitolkfo.nab_design_1,19,19,0.4615384615384615,26,28,0.0,Nanobody,False,
klima.jason.8hgo_design_8gswy_1_2,34,45,0.4363636363636363,42,53,0.2337662337662337,Other,False,
chuh.egfr_seg2_l58_s53469_mpnn1,26,27,0.7666666666666667,28,34,0.8235294117647058,Miniprotein,True,Medium
ccalia.paesani_lab_design8,31,64,0.144578313253012,30,72,0.275,Other,False,
zulfatmi.pocket1pep78,13,16,0.8125,32,35,0.0151515151515151,Peptide,False,
darius.szablowski.egfr_binder_5___ggggs_3_linked_top_binders_1_and_2_efficiently_evolved_and_sapiens_evolved,44,32,0.2258064516129032,55,41,0.5737704918032787,Other,False,
akash.arunabharathi.design8,19,57,0.027027027027027,20,68,0.073170731707317,Other,False,
x.rustamov.traj_11_8_model_5_0,23,21,0.2571428571428571,22,20,0.0,Nanobody,False,
cameron.kroll.gertrude_gen5,28,20,0.2631578947368421,31,20,0.0,Other,False,
zhoup1366.dbz6___a,16,14,0.5,19,18,0.0,Nanobody,False,
colby.tupegfr_010___anti-egfr_fv-like_protein_diffused_with_evodiff,18,68,0.1466666666666666,16,63,0.2153846153846154,scFv,False,
stocco.filippo.1.3.3.18_51_2_iteration3_1.0356664070457622,32,34,0.8857142857142857,41,40,0.8409090909090909,Peptide,False,
jvogt4.vogt_scfv_2009,19,17,0.5,19,20,0.0263157894736842,scFv,True,Medium
alecl.relaxeda,32,31,0.9090909090909092,36,32,0.8888888888888888,Peptide,False,
724928537.dbz7___a,14,30,0.4193548387096774,16,31,0.3823529411764705,Nanobody,False,
toluwase.fatoki.toluwase_sequence6_112,21,35,0.1914893617021276,23,47,0.0,Other,False,
ssomani.17,16,18,0.0,16,17,0.0,Other,False,
gitter.yolo48,18,19,0.85,23,26,0.8846153846153846,Miniprotein,True,Weak
nhaas.6,17,16,0.375,18,21,0.56,scFv,False,
nhaas.3,21,29,0.3888888888888889,29,35,0.4883720930232558,scFv,False,
a.tucs.andrejs_tucs_seq6,18,30,0.6,24,37,0.4186046511627907,Peptide,False,
martin.egfr_l165_s31019_mpnn3,26,27,0.358974358974359,25,34,0.3111111111111111,Other,False,
724928537.dbz8___a,17,31,0.4117647058823529,16,43,0.3720930232558139,Nanobody,False,
chrisxushaoyong.hu_nano1_3_eef94e,15,28,0.2647058823529412,20,30,0.25,Nanobody,True,Medium
x.rustamov.p_vhh_partial_1_32,16,15,0.7222222222222222,19,19,0.5833333333333334,Nanobody,False,
amirm.mhosseini.seq4,19,33,0.5294117647058824,16,45,0.3555555555555555,Peptide,False,
cchallacombe.1,20,24,0.4666666666666667,24,30,0.0,Nanobody,False,
coreyhowe99.corey82,26,25,0.9615384615384616,29,28,0.9,Miniprotein,False,
antorsae.ta_4_4,16,20,0.5,23,31,0.2272727272727272,Peptide,False,
cameron.kroll.gertrude_gen3_s69d_n61e,23,26,0.4848484848484848,21,28,0.4411764705882353,Other,False,
qy.qilin.yu.10-13-21_sample267_complex_42_complex,19,31,0.4285714285714285,24,38,0.3777777777777777,Peptide,False,
markus.braun.egfr_binder_8,50,46,0.2,50,49,0.1123595505617977,Other,False,
biolucasmachado.engineered_binder_7,33,34,0.8611111111111112,41,41,0.8636363636363636,Peptide,False,
briannaughton.2_plus_1,38,49,0.6111111111111112,40,46,0.5925925925925926,Other,True,Medium
kerrding.seq6,33,33,0.9411764705882352,38,41,0.8809523809523809,Peptide,True,Weak
tim.silica_corpora_regions_sampled_epitope_0_generated_variant_6_rank_7_phase_2,11,22,0.4347826086956521,12,27,0.1818181818181818,Nanobody,False,
maxall4.egfr_ed_binder_l134_s906486_mpnn2_model1_unrelaxed_rank_001_alphafold2_multimer_v3_model_1_seed_000_top1_mutation_g108s_round1_y80d_chain_a,21,22,0.8695652173913043,25,25,0.8518518518518519,Other,False,
kerrding.seq5,31,34,0.8571428571428571,37,40,0.8780487804878049,Peptide,True,Weak
biolucasmachado.engineered_binder_2,19,28,0.119047619047619,22,38,0.3043478260869565,Peptide,False,
s1995825.cotimed_egf_netsolp_usability_5,33,30,0.9090909090909092,37,36,0.8717948717948718,Peptide,True,Weak
binom16.pocket2pep89,9,15,0.5,14,30,0.1891891891891892,Peptide,False,
alex.naka.charmeleon,17,33,0.4705882352941176,21,39,0.4634146341463415,Peptide,False,
nitesh.mishra3.stepwise_egf_based_egfr_binder_3,16,29,0.5,17,42,0.2553191489361702,Peptide,False,
alejandro.corrochano-navarro.eng_scfv_binder_3,22,28,0.5625,23,28,0.59375,scFv,False,
keaun.gwfgvvfkadiarvsefvaiglstgplgsestfsiwrq,14,32,0.4375,22,48,0.2962962962962963,Miniprotein,False,
salireza111.seq166_3_002_4,15,18,0.2692307692307692,19,19,0.3571428571428571,Miniprotein,False,
cetuximab_scfv,22,28,0.7241379310344828,23,28,0.6451612903225806,,,
julian.faust.becotatugxpimurutamab_scfv,24,32,0.5555555555555556,23,32,0.6176470588235294,scFv,False,
akash.arunabharathi.design4,14,19,0.7368421052631579,24,25,0.0,Other,False,
mosquitolkfo.nab_design_3,19,17,0.3846153846153846,26,25,0.0,Nanobody,True,Weak
allongoldberg.3_52_10_refined_ideal,20,25,0.1842105263157894,26,31,0.1176470588235294,Miniprotein,False,
huiyu.cai.h3_15_3351_h,11,15,0.3,16,20,0.125,Nanobody,False,
baptiste.roelens.ognk,23,31,0.5882352941176471,27,33,0.6216216216216216,Miniprotein,False,
tadaskluonis.cotimed_egf_bcseq_2,33,32,0.9696969696969696,40,41,0.8837209302325582,Peptide,False,
elian.elian1,31,28,0.84375,29,28,0.8387096774193549,Other,False,
rohith.mohan.model_67_69_2,22,30,0.5294117647058824,25,34,0.5945945945945946,Miniprotein,False,
paulafcfranklin.synth_rosetta_6,36,37,0.7804878048780488,42,43,0.7708333333333334,Peptide,False,
biolucasmachado.engineered_binder_6,36,33,0.7692307692307693,43,44,0.851063829787234,Peptide,False,
antorsae.ta_4_5,17,19,0.5652173913043478,22,31,0.1777777777777777,Peptide,False,
biolucasmachado.engineered_binder_5,35,35,0.9444444444444444,41,44,0.9318181818181818,Peptide,False,
jvogt4.vogt_scfv_0128,23,23,0.5862068965517241,22,16,0.0,scFv,True,Medium
joaosartori2.c1,34,34,0.8378378378378378,40,45,0.8478260869565217,Peptide,True,Weak
kurumida.yoichi.mg_05,15,27,0.4482758620689655,16,35,0.3421052631578947,Miniprotein,True,Medium
nicholas-schnicker.schnick_04,21,28,0.75,25,36,0.6486486486486487,Other,False,
youngsuko2000.fast4,37,26,0.575,42,38,0.7391304347826086,Peptide,False,
christoph.gruber.upperbinder_scaffold1_lowerbinder,37,37,0.15625,59,38,0.0898876404494382,Other,False,
lennart.nickel.egfr_l179_s82283_mpnn1,20,23,0.6538461538461539,19,21,0.7391304347826086,Other,True,Medium
ccalia.paesani_lab_design3,37,53,0.40625,44,58,0.4782608695652174,Other,False,
zalavi.zalavi3_mergedaltered_rustamov,53,56,0.8793103448275862,59,58,0.8571428571428571,Other,False,
zhoup1366.dbz7___a,20,35,0.375,25,45,0.0,Nanobody,False,
x.rustamov.traj_9_8_model_1_0,14,19,0.32,18,18,0.0285714285714285,Nanobody,False,
jude.wells.21.6b3s_necitumumab_fused_trimmed_task_211_iter_150,24,32,0.6470588235294118,26,32,0.6111111111111112,scFv,False,
qilin_y.test5,18,34,0.5294117647058824,23,44,0.4565217391304347,Miniprotein,False,
joaosartori2.c4,36,32,0.7,43,36,0.6122448979591837,Peptide,False,
maxall4.egfr_ed_binder_l132_s581930_mpnn1_model1_unrelaxed_rank_001_alphafold2_multimer_v3_model_1_seed_000_top1_mutation_r79a_round1_chain_a,29,26,0.896551724137931,28,25,0.8928571428571429,Other,False,
keaun.gafpvvfkadiarvsefvaigpstgylgslttmsgvnq,19,25,0.375,21,47,0.1333333333333333,Peptide,False,
christoph.gruber.upperbinder_xten_lowerbinder,26,44,0.2962962962962963,40,57,0.1686746987951807,Peptide,False,
ccalia.paesani_lab_design1,31,39,0.09375,30,32,0.087719298245614,Other,False,
stocco.filippo.1.3.3.18_40_0_iteration12_1.0321554292304749,35,37,0.945945945945946,42,42,0.8260869565217391,Peptide,True,Medium
salireza111.seq166_7_003_9,17,30,0.5666666666666667,18,33,0.5,Miniprotein,False,
christoph.gruber.upperbinder_scaffold2_lowerbinder,43,29,0.3090909090909091,64,41,0.1931818181818181,Other,False,
enzo.morro.design_0_n_0_mpnn_1.117_plddt_0.713_i_ptm_0.082_i_pae_27.542_rmsd_25.669,24,34,0.2608695652173913,25,43,0.2363636363636363,Other,False,
jakublala.epitope_1_20aa.pdb,11,20,0.55,23,42,0.2745098039215686,Peptide,False,
enzo.morro.design_0_n_1_mpnn_1.085_plddt_0.817_i_ptm_0.076_i_pae_28.084_rmsd_25.372,28,10,0.2258064516129032,30,13,0.303030303030303,Other,False,
jakublala.full_dibinder_45aa.pdb,15,31,0.4838709677419355,17,40,0.3255813953488372,Peptide,False,
antorsae.ta525_0_0,14,28,0.5,22,40,0.4761904761904761,Peptide,False,
amelie.schreiber.model_60_151_9,23,20,0.7916666666666666,30,28,0.7575757575757576,Miniprotein,False,
stocco.filippo.1.3.3.18_37_0_iteration3_1.024851931427025,15,25,0.4814814814814814,21,37,0.4871794871794871,Peptide,False,
tim.silica_corpora_regions_sampled_epitope_2_generated_variant_8_rank_3_phase_2,33,25,0.45,33,35,0.0,Nanobody,False,
alex.naka.blastoise,33,33,0.8333333333333334,41,38,0.7555555555555555,Peptide,False,
binom16.pocket2pep86,11,13,0.5,16,22,0.4074074074074074,Peptide,False,
begonia.sp.13.egfr_l110_s478327_mpnn7_model2,28,41,0.6428571428571429,28,42,0.5909090909090909,Other,False,
allongoldberg.3_52_1_refined,16,26,0.3548387096774194,23,40,0.4651162790697674,Miniprotein,False,
huiyu.cai.h3_15_2431_h,20,15,0.1666666666666666,16,13,0.0,Nanobody,False,
amelie.schreiber.model_83_156_16,30,25,0.7741935483870968,33,28,0.7428571428571429,Other,False,
briannaughton.1_plus_egfr,50,57,0.6984126984126984,52,57,0.7301587301587301,Other,True,Medium
lhallee.lhallee_40_full_driveid_8_9,11,28,0.1142857142857142,15,46,0.173076923076923,Peptide,False,
x.rustamov.traj_6_1_model_1_8,24,18,0.68,23,18,0.64,Nanobody,False,
julie.jg26n,17,24,0.7083333333333334,20,29,0.5806451612903226,Miniprotein,False,
human_egf,33,27,0.6216216216216216,40,41,0.8,Peptide,True,Medium
lennart.nickel.egfr_l114_s69310_mpnn7,22,35,0.5833333333333334,24,36,0.5384615384615384,Other,False,
youngsuko2000.last,38,37,0.9230769230769232,48,47,0.7924528301886793,Peptide,False,
zhoup1366.dbz8___a,15,23,0.2666666666666666,21,26,0.0,Nanobody,False,
huiyu.cai.h3_15_877_h,26,13,0.3448275862068966,25,17,0.2,Nanobody,False,
tadaskluonis.cotimed_egf_bcseq_1,33,33,1.0,39,40,0.8809523809523809,Peptide,False,
alan.blakely.12_3,40,78,0.4216867469879518,41,81,0.2842105263157894,Other,True,Medium
a.tucs.andrejs_tucs_seq4,30,32,0.8787878787878788,39,41,0.9047619047619048,Peptide,False,
martin.egfr_l121_s46924_mpnn18,31,38,0.3018867924528302,27,45,0.3584905660377358,Other,False,
qilin_y.test6,22,27,0.4848484848484848,17,29,0.1794871794871795,Other,False,
niklas.7a72d922-1677-4fc8-9315-d7996ba05d8e_l150_s530325711_mpnn12,20,21,0.64,26,26,0.6774193548387096,Other,False,
lhallee.lhallee_40_target_driveid_10,14,28,0.4,19,33,0.4054054054054054,Peptide,False,
youngsuko2000.queen,37,38,0.8292682926829268,45,48,0.8235294117647058,Peptide,True,Medium
alecl.unrelaxeda,28,30,0.8125,40,35,0.7857142857142857,Peptide,False,
lennart.nickel.egfr_l170_s20625_mpnn10,32,31,0.6578947368421053,32,37,0.6428571428571429,Other,True,Weak
bundit.b_s18.manbaritone_seq3_egfr-binder-70-100_beta_303_dldesign_6_lenght71,29,38,0.7631578947368421,25,38,0.6578947368421053,Miniprotein,False,
lyu.3,28,34,0.7714285714285715,27,37,0.6410256410256411,Other,False,
alessio.daddio.ad_1,31,35,0.7837837837837838,36,43,0.6808510638297872,Miniprotein,False,
revoli.mutated_nab_8,40,23,0.2115384615384615,47,25,0.0,Nanobody,False,
nitesh.mishra3.stepwise_scaffold_egfr_binder_6,17,21,0.1176470588235294,24,21,0.2857142857142857,Peptide,False,
karmanyaaggarwal.ds003076,18,18,0.1612903225806451,20,18,0.3571428571428571,Nanobody,False,
biolucasmachado.engineered_binder_4,38,38,0.9,46,45,0.8571428571428571,Peptide,False,
fernando.meireles.design_hybrid_partial_diff_7_1_binder,22,41,0.4651162790697674,30,51,0.2461538461538461,Other,False,
724928537.dbz6___a,24,12,0.2857142857142857,25,15,0.0,Nanobody,False,
lyu.2,33,28,0.8484848484848485,29,31,0.875,Other,False,
antorsae.ta_5_3,16,21,0.48,22,33,0.1956521739130435,Peptide,False,
alex.naka.charizard,16,29,0.5,23,44,0.5227272727272727,Peptide,False,
amirm.mhosseini.seq9,18,32,0.5151515151515151,18,37,0.375,Peptide,False,
klima.jason.8hgo_design_94eja_1_5,15,48,0.125,21,54,0.2295081967213114,Other,False,
toluwase.fatoki.toluwase_sequence3_119,10,47,0.1176470588235294,14,52,0.2452830188679245,Other,False,
duynth29.duy_l111_mpnn14_i36m__l80m_l42m,28,24,0.7333333333333333,31,24,0.6176470588235294,Other,False,
noah.holzleitner.noah_egfr-binder_3,23,27,0.5151515151515151,29,31,0.2244897959183673,Miniprotein,False,
pastei5.egfr_binder_01,19,25,0.4666666666666667,16,24,0.0,Peptide,False,
paulafcfranklin.synth_rosetta_7,36,29,0.8055555555555556,39,37,0.8536585365853658,Peptide,False,
fernando.meireles.design_hybrid_partial_diff_4_31_binder,28,38,0.5348837209302325,36,49,0.2878787878787879,Other,False,
a.tucs.andrejs_tucs_seq7,32,30,0.9375,38,42,0.8604651162790697,Peptide,True,Weak
biolucasmachado.engineered_binder_3,29,31,0.875,41,37,0.813953488372093,Peptide,False,
cbrown.cbrown_0005_2_egfr_l81_s801188_mpnn1_model1,25,25,0.9230769230769232,25,25,0.9230769230769232,Miniprotein,False,
aureliabustos.wt_noised_i_scaffold_shorted_var71,34,29,0.8,39,37,0.9,Peptide,True,Weak
tadej.satler.egfr_binder_3,31,39,0.5555555555555556,26,39,0.5476190476190477,Other,False,
aswini.seed2_3,29,30,0.3720930232558139,29,43,0.0,Peptide,False,
a.tucs.andrejs_tucs_seq2,32,31,0.96875,40,45,0.8478260869565217,Peptide,False,
bundit.b_s18.manbaritone_seq6_egfr-binder-70-100_beta_778_dldesign_0_length71,25,24,0.96,28,22,0.7241379310344828,Miniprotein,False,
binom16.pocket7pep80,9,17,0.5294117647058824,16,29,0.125,Peptide,False,
binom16.pocket1pep15,9,12,0.5,18,29,0.2368421052631578,Peptide,False,
s1995825.cotimed_egf_netsolp_usability_4,33,30,0.9090909090909092,38,37,0.8292682926829268,Peptide,False,
elian.elian5,31,29,0.8181818181818182,29,27,0.8064516129032258,Other,False,
martin.egfr_l142_s75963_mpnn1,31,19,0.4285714285714285,28,20,0.0666666666666666,Other,False,
praghava531.seq2,13,30,0.4333333333333333,15,37,0.3333333333333333,Other,False,
hughy.4krp_b_a_89_rnd3_full,11,24,0.3461538461538461,13,27,0.0,Nanobody,False,
a.tucs.andrejs_tucs_seq10,30,30,1.0,41,41,0.8636363636363636,Peptide,False,
niklas.e5a28fa3-3501-41c2-922c-ec848e0bc020_l81_s514858345_mpnn4,26,37,0.6578947368421053,29,41,0.7073170731707317,Miniprotein,False,
mchrnwsk.marta_chronowska_dom1_l99_s666690_mpnn16,20,30,0.6666666666666666,26,37,0.575,Other,False,
hughy.7om4_b_a_180_rnd1_v1_full,15,15,0.6666666666666666,17,18,0.0294117647058823,Nanobody,False,
alan.blakely.12_6,33,74,0.4266666666666667,36,72,0.4794520547945205,Other,True,Medium
minji.lee.386,12,22,0.36,11,22,0.0,Miniprotein,False,
revoli.mutated_nab_5,34,21,0.1702127659574468,41,24,0.0,Nanobody,False,
allongoldberg.4_44,20,27,0.4242424242424242,24,37,0.4186046511627907,Other,False,
tadaskluonis.cotimed_egf_bcseq_0,30,32,0.8235294117647058,39,43,0.782608695652174,Peptide,False,
biolucasmachado.engineered_binder_1,15,36,0.3783783783783784,17,46,0.3695652173913043,Peptide,True,Weak
kerrding.seq7,32,34,0.8333333333333334,42,42,0.8260869565217391,Peptide,False,
duynth29.l148_mpnn1,26,27,0.9629629629629628,30,30,0.8181818181818182,Other,False,
hughy.7om4_b_a_17_rnd2_v2_full,33,16,0.3611111111111111,44,16,0.0,Nanobody,False,
spacecruiser42.d2_prompt_binder_t1.0_37,11,16,0.5,20,23,0.0,Miniprotein,False,
martin.egfr_l177_s77884_mpnn7,22,37,0.3409090909090909,21,46,0.2181818181818181,Other,False,
darius.szablowski.egfr_binder_3___ggggs_3_linked_top_binders_1_rev_and_2_rev,23,40,0.0327868852459016,24,45,0.078125,Other,False,
chrisxushaoyong.hu_nano1_5_559c85,13,23,0.1612903225806451,16,25,0.0,Nanobody,False,
paulafcfranklin.synth_rosetta_8,34,36,0.8421052631578947,44,45,0.8936170212765957,Peptide,False,
mlange05.b,31,33,0.7777777777777778,31,35,0.7837837837837838,Other,False,
antorsae.ta_5_1,11,23,0.4782608695652174,19,37,0.4736842105263157,Peptide,False,
tim.silica_corpora_sampled_epitope_2_generated_variant_9_rank_6_phase_2,19,17,0.0909090909090909,24,18,0.3125,Nanobody,False,
wtj19921231.egfr_binder_design_208_dldesign_0_cycle1_run5_af2pred.pdb_a,20,28,0.3714285714285714,23,32,0.2222222222222222,Miniprotein,False,
chuh.egfr_seg1_l58_s941869_mpnn2,15,19,0.6190476190476191,18,26,0.6923076923076923,Miniprotein,False,
jude.wells.21.6b3s_necitumumab_fused_trimmed_task_89_iter_216,24,29,0.7666666666666667,26,28,0.7419354838709677,scFv,False,
jakublala.epitope_1_30aa.pdb,14,15,0.5263157894736842,19,24,0.303030303030303,Miniprotein,False,
paulafcfranklin.synth_rosetta_10,36,34,0.7948717948717948,43,43,0.8297872340425532,Peptide,False,
a.tucs.andrejs_tucs_seq9,31,30,0.8484848484848485,36,39,0.875,Peptide,False,
chuh.egfr_seg2_l62_s244475_mpnn4,24,29,0.7096774193548387,26,36,0.6756756756756757,Miniprotein,False,
zalavi.zalavi3_ggg_shortpacesa,27,50,0.3275862068965517,26,56,0.4137931034482758,Other,False,
paulafcfranklin.synth_rosetta_5,33,37,0.8421052631578947,43,48,0.75,Peptide,False,
stocco.filippo.1.3.3.18_4_2_iteration0_1.0407930462953479,36,34,0.9444444444444444,40,41,0.8409090909090909,Peptide,True,Medium
julian.faust.pimurutamab_mpnn_18_scfv,22,33,0.4864864864864865,22,38,0.5,scFv,True,Weak
dre.lgdl_egfr_008,14,27,0.28125,17,45,0.2653061224489796,Peptide,False,
darius.szablowski.egfr_binder_4___ggggs_3_linked_top_binders_1_and_2_efficiently_evolved,31,41,0.6363636363636364,39,46,0.7708333333333334,Other,False,
markus.braun.egfr_binder_3,64,26,0.1842105263157894,48,22,0.0,Other,False,
mosquitolkfo.nab_design_7,19,20,0.5,24,25,0.0888888888888888,Nanobody,False,
klima.jason.8hgo_design_vdcjs_1_2,24,39,0.1052631578947368,29,56,0.1333333333333333,Other,False,
allongoldberg.3_52,16,10,0.1818181818181818,21,13,0.0303030303030303,Miniprotein,False,
jude.wells.21.panitumumab_fused_trimmed_crossbreed3,21,32,0.6060606060606061,24,33,0.5833333333333334,scFv,False,
bundit.b_s18.manbaritone_seq5_egfr-binder-70-100_beta_303_dldesign_1_length71,28,25,0.5588235294117647,27,30,0.2666666666666666,Miniprotein,False,
qilin_y.test8,8,21,0.3181818181818182,12,35,0.0,Peptide,False,
spacecruiser42.d2_prompt_binder_t1.0_139,15,17,0.6842105263157895,22,33,0.0,Miniprotein,False,
biolucasmachado.engineered_binder_9,28,30,0.8709677419354839,40,42,0.9069767441860463,Peptide,False,
darius.szablowski.egfr_binder_1___top_binder_1,21,31,0.6774193548387096,27,37,0.5238095238095238,Other,False,
lhallee.lhallee_128_driveid_1_2,29,40,0.1311475409836065,44,46,0.1842105263157894,Other,False,
alessio.daddio.ad_4,30,34,0.7777777777777778,27,35,0.7222222222222222,Miniprotein,False,
aswini.clipgen30,14,27,0.2424242424242424,15,39,0.3170731707317073,Peptide,False,
alessio.daddio.ad_9,23,38,0.6052631578947368,26,40,0.6097560975609756,Other,False,
zhoup1366.dbz1___a,19,22,0.0512820512820512,16,24,0.0,Nanobody,False,
cameron.kroll.leitner,29,24,0.358974358974359,27,26,0.0,Other,False,
gitter.yolo23,23,26,0.75,28,38,0.7368421052631579,Miniprotein,False,
biolucasmachado.engineered_binder_8,35,39,0.8974358974358975,41,45,0.9111111111111112,Peptide,False,
maxall4.egfr_ed_binder_l124_s860500_mpnn1_model1_unrelaxed_rank_001_alphafold2_multimer_v3_model_1_seed_000_top1_mutation_d81n_round1_chain_a,33,27,0.7142857142857143,32,26,0.6571428571428571,Other,False,
chrisxushaoyong.hu_nano2_4_85252b,17,21,0.3103448275862069,27,27,0.0,Nanobody,True,Strong
mosquitolkfo.nab_design_9,20,12,0.4545454545454545,27,18,0.0975609756097561,Nanobody,False,
eceiiitn786.8s2,25,31,0.3333333333333333,27,48,0.0,Peptide,False,
mlange05.a,27,28,0.4473684210526316,25,31,0.12,Other,False,
z_peplib.pepseq_design_8,11,27,0.1875,16,38,0.0,Miniprotein,False,
keaun.gifgvvfkadiarvsidvaidystgylgslttfsgcnq,6,27,0.2222222222222222,7,36,0.131578947368421,Peptide,False,
chrisxushaoyong.hu_nano1_1_ff3e18,24,21,0.40625,26,22,0.3714285714285714,Nanobody,False,
colby.tupegfr_001___anti-egfr_fv-like_protein_diffused_with_evodiff,38,33,0.0142857142857142,32,31,0.1454545454545454,scFv,False,
nhaas.2,25,33,0.5263157894736842,27,38,0.625,scFv,False,
noah.holzleitner.noah_egfr-binder_2,21,11,0.5238095238095238,29,17,0.0,Miniprotein,False,
briannaughton.2_plus_2,56,51,0.5285714285714286,59,55,0.3734939759036144,Other,True,Weak
qxy615.s1_rfd_comp_beta_782_81,13,25,0.4074074074074074,19,28,0.1463414634146341,Miniprotein,False,
carson.vaux.baker1_18,16,25,0.5185185185185185,22,34,0.6470588235294118,Miniprotein,False,
alex.naka.charmander,36,34,0.8918918918918919,43,39,0.9069767441860463,Peptide,False,
jakublala.epitope_2_30aa_1.pdb,9,20,0.3809523809523809,15,35,0.1904761904761904,Miniprotein,False,
julian.faust.demupitamab_mpnn_19_scfv,24,34,0.3181818181818182,25,27,0.3,scFv,False,
tiejun.wei.egfr_binder_design_208_dldesign_10_af2pred.pdb_a,32,26,0.5675675675675675,48,47,0.7272727272727273,Miniprotein,False,
antorsae.t0.1_sample939_score0.9451_global_score1.3625_seq_recovery0.4250,13,29,0.4482758620689655,22,36,0.4871794871794871,Peptide,False,
alex.naka.wartortle,31,31,0.7714285714285715,43,37,0.8181818181818182,Peptide,False,
salireza111.seq119_3_001_8,14,21,0.4583333333333333,15,22,0.0,Miniprotein,False,
karmanyaaggarwal.ds004729,15,14,0.0,18,11,0.0,Nanobody,False,
jakublala.full_dibinder_45aa_2.pdb,15,28,0.4333333333333333,17,45,0.2156862745098039,Miniprotein,False,
enzo.morro.design_0_n_2_mpnn_1.120_plddt_0.858_i_ptm_0.072_i_pae_28.117_rmsd_30.276,28,23,0.0851063829787234,25,25,0.0,Other,False,
salireza111.seq166_1_001_7,17,27,0.5172413793103449,18,30,0.3714285714285714,Miniprotein,False,
colby.tupegfr_006___anti-egfr_fv-like_protein_diffused_with_evodiff,32,39,0.42,27,41,0.1525423728813559,scFv,False,
duynth29.duy_l111_mpnn14,29,39,0.7,31,28,0.3720930232558139,Other,False,
alex.naka.squirtle,31,33,0.8823529411764706,44,37,0.8409090909090909,Peptide,False,
zalavi.shortrustamov_ggg_zalavi3,54,65,0.7761194029850746,58,63,0.7794117647058824,Other,False,
zulfatmi.pocket7pep42,11,11,0.6923076923076923,17,28,0.0,Peptide,False,
karmanyaaggarwal.ds002542,17,17,0.2592592592592592,16,17,0.03125,Nanobody,False,
ali.rasouli.intern.model_77_142_3,22,28,0.3157894736842105,23,30,0.0816326530612244,Miniprotein,False,
tarkhov.andrey.erithacus_rubecula_gigantus_9,16,51,0.0151515151515151,19,53,0.0588235294117647,Other,False,
hughy.7om4_b_a_33_rnd2_v2_full,24,12,0.2,23,10,0.0,Nanobody,False,
elian.elian4,30,40,0.7073170731707317,28,43,0.6511627906976745,Other,False,
akash.arunabharathi.design9,8,49,0.0,13,61,0.1384615384615384,Other,False,
toluwase.fatoki.toluwase_sequence4_148,28,49,0.1159420289855072,27,55,0.3666666666666666,Other,False,
a.tucs.andrejs_tucs_seq1,31,32,0.9090909090909092,40,40,0.8604651162790697,Peptide,True,Weak
briannaughton.egfr_plus_egfr,37,58,0.3013698630136986,43,81,0.4761904761904761,Other,True,Weak
s1995825.timed_egf_netsolp_usability_consensus_1,32,27,0.7878787878787878,38,38,0.7674418604651163,Peptide,False,
lennart.nickel.egfr_l139_s63093_mpnn2,23,25,0.5483870967741935,24,34,0.4146341463414634,Other,False,
silvia.toscani.b_egfr_6,21,23,0.4666666666666667,27,27,0.2,Miniprotein,False,
mosquitolkfo.nab_design_6,18,19,0.6818181818181818,27,19,0.0222222222222222,Nanobody,False,
maxall4.egfr_ed_binder_l134_s906486_mpnn2_model1_unrelaxed_rank_001_alphafold2_multimer_v3_model_1_seed_000_top1_mutation_g108s_round1_chain_a,22,22,0.8333333333333334,27,27,0.7419354838709677,Other,False,
martin.egfr_l111_s89744_mpnn1,18,18,0.44,18,19,0.0,Other,False,
colby.tupegfr_018___anti-egfr_fv-like_protein_diffused_with_esm3,26,21,0.3428571428571428,27,29,0.12,scFv,False,
noah.holzleitner.noah_egfr-binder_8,23,27,0.5625,29,29,0.2340425531914893,Miniprotein,False,
aureliabustos.wwt_noised_i_scaffold_shorted_var8423,33,33,0.9411764705882352,38,41,0.8809523809523809,Peptide,True,Weak
xiuming_li2015.eureka_seq_3,23,28,0.7,23,26,0.6333333333333333,scFv,False,
nhaas.8,25,32,0.5833333333333334,24,40,0.5238095238095238,scFv,False,
jude.wells.21.6b3s_necitumumab_fused_trimmed_task_98_iter_184,22,34,0.6,26,33,0.7352941176470589,scFv,False,
tarkhov.andrey.erithacus_rubecula_gigantus_8,33,52,0.2142857142857142,32,53,0.3934426229508196,Other,False,
cameron.kroll.gertrude_gen6,28,22,0.3888888888888889,29,24,0.0,Other,False,
akash.arunabharathi.design10,15,26,0.1081081081081081,20,35,0.0,Peptide,False,
joaosartori2.c3,33,35,0.7894736842105263,41,41,0.7446808510638298,Peptide,False,
niklas.95b59203-b642-4754-bcd3-8e670a722c8d_l91_s349792600_mpnn2,16,16,0.7777777777777778,16,21,0.6818181818181818,Other,False,
chenceshi1105.steven_binder_design_l75_s60968_it100_mpnn0,26,60,0.4098360655737705,27,73,0.3157894736842105,Miniprotein,False,
amirm.mhosseini.seq1,36,38,0.85,41,49,0.8,Peptide,False,
alejandro.corrochano-navarro.eng_scfv_binder_2,22,27,0.5806451612903226,22,27,0.75,scFv,True,Weak
flowuenne.nf-proteindesign_design8,15,21,0.5652173913043478,22,23,0.2162162162162162,Miniprotein,False,
colby.tupegfr_012___anti-egfr_fv-like_protein_diffused_with_evodiff,19,61,0.1267605633802817,23,69,0.2432432432432432,scFv,True,Weak
s1995825.timed_egf_netsolp_usability_consensus_2,32,16,0.3333333333333333,37,25,0.2916666666666667,Peptide,False,
paulafcfranklin.synth_rosetta_2,33,30,0.8529411764705882,41,40,0.9285714285714286,Peptide,False,
reed.harrison.model_56_119_0,20,25,0.6071428571428571,32,35,0.425531914893617,Miniprotein,False,
noah.holzleitner.noah_egfr-binder_1,21,24,0.5517241379310345,28,30,0.16,Miniprotein,False,
chrisxushaoyong.hu_nano2_2_7ef96e,20,12,0.4545454545454545,26,18,0.0,Nanobody,True,Strong
minji.lee.3995,12,17,0.2083333333333333,18,25,0.1621621621621621,Miniprotein,False,
cameron.kroll.gertrude_gen3,29,34,0.7027027027027027,28,36,0.5609756097560976,Other,False,
markus.braun.egfr_binder_1,49,46,0.7592592592592593,47,42,0.78,Other,False,
amirmhosseini47.mohammad_seq2,34,38,0.8,39,47,0.7916666666666666,Peptide,False,
elian.elian3,30,30,0.935483870967742,31,29,0.8181818181818182,Other,False,
revoli.mutated_nab_9,35,27,0.3777777777777777,38,26,0.032258064516129,Nanobody,False,
niklas.ee4629a9-322f-48f0-884d-8f4418db9bce_l151_s241659642_mpnn11,35,33,0.8378378378378378,38,32,0.8421052631578947,Other,False,
flowuenne.nf-proteindesign_design10,12,16,0.037037037037037,13,17,0.0,Miniprotein,False,
nitesh.mishra3.stepwise_rfdiff_egfr_binder_1,17,20,0.088235294117647,24,26,0.3157894736842105,Peptide,False,
a.tucs.andrejs_tucs_seq5,31,31,1.0,37,39,0.9,Peptide,True,Medium
alejandro.corrochano-navarro.eng_scfv_binder_1,22,27,0.6333333333333333,23,27,0.6666666666666666,scFv,False,
binom16.pocket3pep98,12,19,0.4761904761904761,18,32,0.2195121951219512,Peptide,False,
lyu.1,33,34,0.7631578947368421,30,33,0.75,Other,False,
mlange05.c,15,28,0.2285714285714285,23,26,0.4,Other,False,
aswini.seed1_1,26,30,0.4,40,38,0.0,Peptide,False,
junhee.park1999.egfr_binder_7,21,33,0.4210526315789473,28,30,0.0,scFv,False,
julian.faust.pimurutamabxbecotatug_scfv,24,27,0.59375,24,30,0.6875,scFv,False,
round1zeroshot.k5q_n70s_k71r_n73t_s87t_n88d_r179k_k183r_e213d_s214p,23,24,0.6785714285714286,23,26,0.6333333333333333,scFv,True,Strong
julie.rj0aa,18,19,0.48,19,21,0.4285714285714285,Miniprotein,False,
amirm.mhosseini.seq3,16,31,0.4242424242424242,18,38,0.4358974358974359,Peptide,False,
qilin_y.test4,14,31,0.40625,18,43,0.0,Miniprotein,False,
jvogt4.vogt_scfv_2470,18,22,0.4814814814814814,17,18,0.0,scFv,True,Medium
akash.arunabharathi.design3,11,28,0.1818181818181818,18,48,0.0,Peptide,False,
niklas.95b59203-b642-4754-bcd3-8e670a722c8d_l91_s349792600_mpnn19,14,14,0.6470588235294118,15,16,0.4761904761904761,Other,False,
markus.braun.egfr_binder_6,54,28,0.2238805970149253,48,26,0.1384615384615384,Other,False,
maxall4.egfr_trim_l126_s498823_mpnn2_model1_unrelaxed_rank_001_alphafold2_multimer_v3_model_1_seed_000_top1_mutation_l39g_round1_chain_a,26,35,0.6052631578947368,30,39,0.725,Other,False,
aureliabustos.bce_var702,30,31,0.967741935483871,38,38,0.8536585365853658,Peptide,True,Medium
zhoup1366.dbz10___a,17,30,0.4242424242424242,17,33,0.0,Nanobody,False,
klima.jason.8hgo_design_4yyaf_0_0,24,31,0.375,31,45,0.4901960784313725,Other,False,
chenceshi1105.steven_binder_design_l82_s44755_it100_mpnn6,26,32,0.7058823529411765,22,30,0.7333333333333333,Miniprotein,False,
hughy.7om4_b_a_8_rnd2_v2_full,20,19,0.3,22,23,0.0,Nanobody,False,
fernando.meireles.design_hybrid_partial_diff_9_54_binder,26,40,0.4666666666666667,32,48,0.2698412698412698,Other,False,
fgndd1.fg_seq1,27,24,0.0625,31,25,0.1428571428571428,Other,False,
tarkhov.andrey.erithacus_rubecula_gigantus_4,25,54,0.0128205128205128,35,59,0.46875,Other,False,
s1995825.cotimed_egf_netsolp_usability_6,32,30,0.9375,37,36,0.8717948717948718,Peptide,False,
allongoldberg.4_44_0_refined,19,33,0.4444444444444444,27,31,0.2083333333333333,Other,False,
alan.blakely.16_2,41,66,0.5285714285714286,45,60,0.5909090909090909,Other,True,Medium
jack.li.egfrbindingcandidate_7,19,10,0.1153846153846153,22,11,0.0,scFv,False,
bronte.egfr_binder_4_91,14,19,0.1785714285714285,17,23,0.2903225806451613,Miniprotein,False,
tarkhov.andrey.erithacus_rubecula_gigantus_7,26,46,0.125,37,47,0.0,Other,False,
merlettaia.seq0v4,15,17,0.6,19,16,0.0,Nanobody,False,
alex.naka.venusaur,15,29,0.4666666666666667,20,38,0.4871794871794871,Peptide,False,
antorsae.ta397unsafety_2,11,23,0.4782608695652174,20,38,0.4871794871794871,Peptide,False,
deepsatflow.6aru_final_chain_a_domain_3_l142_s806907_mpnn1,24,34,0.6571428571428571,28,40,0.7,Other,True,Weak
z_peplib.pepseq_design_6,13,33,0.0697674418604651,22,49,0.3396226415094339,Peptide,False,
qilin_y.test7,11,31,0.2352941176470588,21,41,0.0508474576271186,Peptide,False,
aureliabustos.bce_var433,31,31,1.0,37,43,0.8181818181818182,Peptide,True,Medium
deepsatflow.6aru_final_chain_a_domain_3_l138_s466479_mpnn9,34,25,0.7352941176470589,33,28,0.7941176470588235,Other,False,
kerrding.seq9,12,16,0.0769230769230769,16,27,0.34375,Peptide,False,
s1995825.cotimed_egf_netsolp_usability_1,32,25,0.425,39,37,0.6521739130434783,Peptide,False,
joaosartori2.c6,38,38,0.8536585365853658,38,40,0.7727272727272727,Peptide,False,
areddy.egfr_l169_s781475,30,48,0.5294117647058824,36,52,0.3538461538461538,Other,False,
markus.braun.egfr_binder_7,51,3,0.0384615384615384,47,3,0.0416666666666666,Other,False,
