complex_id,af3_contacts,helixfold_contacts,overlap_contacts,design_class,binding,binding_strength
724928537.dbz6___a,69,39,0,Nanobody,False,
724928537.dbz7___a,42,46,0,Nanobody,False,
724928537.dbz8___a,44,74,6,Nanobody,False,
ali.rasouli.intern.model_77_142_3,60,94,2,Miniprotein,False,
amirm.mhosseini.seq1,118,65,6,Peptide,False,
amirm.mhosseini.seq3,53,44,24,Peptide,False,
amirm.mhosseini.seq4,57,52,32,Peptide,False,
amirm.mhosseini.seq9,53,54,34,Peptide,False,
human_egf,101,104,61,Peptide,True,Medium
reed.harrison.model_56_119_0,74,63,52,Miniprotein,False,
a.tucs.andrejs_tucs_seq1,104,98,93,Peptide,True,Weak
a.tucs.andrejs_tucs_seq10,100,99,94,Peptide,False,
a.tucs.andrejs_tucs_seq2,110,104,96,Peptide,False,
a.tucs.andrejs_tucs_seq3,107,104,97,Peptide,True,Weak
a.tucs.andrejs_tucs_seq4,99,104,87,Peptide,False,
a.tucs.andrejs_tucs_seq5,98,95,87,Peptide,True,Medium
a.tucs.andrejs_tucs_seq6,53,66,17,Peptide,False,
a.tucs.andrejs_tucs_seq7,100,83,23,Peptide,True,Weak
a.tucs.andrejs_tucs_seq8,101,105,96,Peptide,True,Medium
a.tucs.andrejs_tucs_seq9,101,96,89,Peptide,False,
akash.arunabharathi.design10,48,71,0,Peptide,False,
akash.arunabharathi.design3,43,52,0,Peptide,False,
akash.arunabharathi.design4,51,57,0,Other,False,
akash.arunabharathi.design8,50,63,0,Other,False,
akash.arunabharathi.design9,25,55,0,Other,False,
alan.blakely.12_3,114,128,75,Other,True,Medium
alan.blakely.12_6,99,163,75,Other,True,Medium
alan.blakely.16_2,129,125,80,Other,True,Medium
alecl.relaxeda,102,71,33,Peptide,False,
alecl.unrelaxeda,99,98,83,Peptide,False,
alejandro.corrochano-navarro.eng_scfv_binder_1,65,60,56,scFv,False,
alejandro.corrochano-navarro.eng_scfv_binder_2,63,60,53,scFv,True,Weak
alejandro.corrochano-navarro.eng_scfv_binder_3,65,64,59,scFv,False,
alessio.daddio.ad_1,91,87,78,Miniprotein,False,
alessio.daddio.ad_4,81,67,56,Miniprotein,False,
alessio.daddio.ad_9,62,65,59,Other,False,
alex.naka.blastoise,115,103,11,Peptide,False,
alex.naka.charizard,53,83,4,Peptide,False,
alex.naka.charmander,122,81,2,Peptide,False,
alex.naka.charmeleon,53,47,0,Peptide,False,
alex.naka.ivysaur,110,77,7,Peptide,False,
alex.naka.squirtle,104,49,1,Peptide,False,
alex.naka.venusaur,46,50,20,Peptide,False,
alex.naka.wartortle,100,47,8,Peptide,False,
allongoldberg.3_52,51,41,0,Miniprotein,False,
allongoldberg.3_52_10_refined_ideal,74,47,0,Miniprotein,False,
allongoldberg.3_52_1_refined,55,63,22,Miniprotein,False,
allongoldberg.4_44,60,60,0,Other,False,
allongoldberg.4_44_0_refined,67,73,45,Other,False,
allongoldberg.4_44_14_refined_ideal,76,46,25,Other,False,
amelie.schreiber.model_56_119_15,77,69,58,Miniprotein,False,
amelie.schreiber.model_60_151_9,78,58,53,Miniprotein,False,
amelie.schreiber.model_83_156_16,87,89,70,Other,False,
amirmhosseini47.mohammad_seq2,107,113,95,Peptide,False,
antorsae.t0.1_sample939_score0.9451_global_score1.3625_seq_recovery0.4250,50,51,47,Peptide,False,
antorsae.ta525_0_0,50,92,41,Peptide,False,
antorsae.ta_4_4,52,46,2,Peptide,False,
antorsae.ta_4_5,56,45,2,Peptide,False,
antorsae.ta_5_1,40,41,0,Peptide,False,
antorsae.ta_5_2,56,45,3,Peptide,False,
antorsae.ta_5_3,50,73,1,Peptide,False,
antorsae.ta397unsafety_2,42,89,5,Peptide,False,
areddy.egfr_l169_s781475,97,88,74,Other,False,
aswini.clipgen30,39,107,0,Peptide,False,
aswini.seed1,98,68,0,Peptide,False,
aswini.seed1_1,84,66,0,Peptide,False,
aswini.seed2_1,80,74,0,Peptide,False,
aswini.seed2_3,70,43,0,Peptide,False,
aswinijavadi160197.8_a,36,39,0,Other,False,
aureliabustos.bce_var433,99,102,84,Peptide,True,Medium
aureliabustos.bce_var464,103,105,88,Peptide,True,Strong
aureliabustos.bce_var702,100,93,83,Peptide,True,Medium
aureliabustos.wt_noised_i_scaffold_shorted_var71,109,91,48,Peptide,True,Weak
aureliabustos.wwt_noised_i_scaffold_shorted_var6640,103,106,20,Peptide,True,Weak
aureliabustos.wwt_noised_i_scaffold_shorted_var7524,102,43,6,Peptide,True,Weak
aureliabustos.wwt_noised_i_scaffold_shorted_var8423,109,113,47,Peptide,True,Weak
aureliabustos.wwt_noised_i_scaffold_shorted_var9391,102,62,8,Peptide,True,Weak
baptiste.roelens.ognk,68,80,47,Miniprotein,False,
begonia.sp.13.egfr_l110_s478327_mpnn7_model2,87,81,77,Other,False,
begonia.sp.13.egfr_l61_s456546_mpnn1_model1,64,79,47,Miniprotein,False,
begonia.sp.13.egfr_l88_s11832_mpnn1_model2,71,68,55,Other,True,Medium
binom16.pocket1pep15,39,59,0,Peptide,False,
binom16.pocket2pep86,37,60,7,Peptide,False,
binom16.pocket2pep89,37,43,15,Peptide,False,
binom16.pocket3pep98,37,43,0,Peptide,False,
binom16.pocket7pep80,34,44,5,Peptide,False,
biolucasmachado.engineered_binder_1,43,83,3,Peptide,True,Weak
biolucasmachado.engineered_binder_2,60,88,0,Peptide,False,
biolucasmachado.engineered_binder_3,100,59,7,Peptide,False,
biolucasmachado.engineered_binder_4,118,100,2,Peptide,False,
biolucasmachado.engineered_binder_5,114,85,29,Peptide,False,
biolucasmachado.engineered_binder_6,118,106,92,Peptide,False,
biolucasmachado.engineered_binder_7,110,50,1,Peptide,False,
biolucasmachado.engineered_binder_8,119,81,25,Peptide,False,
biolucasmachado.engineered_binder_9,101,95,86,Peptide,False,
briannaughton.1_plus_2,86,119,78,Other,True,Medium
briannaughton.1_plus_egfr,147,154,122,Other,True,Medium
briannaughton.2_plus_1,114,92,74,Other,True,Medium
briannaughton.2_plus_2,162,165,84,Other,True,Weak
briannaughton.egfr_plus_egfr,113,89,1,Other,True,Weak
bronte.egfr_binder_4_91,41,62,27,Miniprotein,False,
bundit.b_s18.manbaritone_seq3_egfr-binder-70-100_beta_303_dldesign_6_lenght71,80,78,71,Miniprotein,False,
bundit.b_s18.manbaritone_seq5_egfr-binder-70-100_beta_303_dldesign_1_length71,75,36,0,Miniprotein,False,
bundit.b_s18.manbaritone_seq6_egfr-binder-70-100_beta_778_dldesign_0_length71,69,37,4,Miniprotein,False,
cameron.kroll.gertrude_gen3,75,76,64,Other,False,
cameron.kroll.gertrude_gen3_s69d_n61e,57,74,6,Other,False,
cameron.kroll.gertrude_gen5,73,66,46,Other,False,
cameron.kroll.gertrude_gen6,75,79,52,Other,False,
cameron.kroll.leitner,78,73,2,Other,False,
carson.vaux.baker1_18,45,43,0,Miniprotein,False,
cbrown.cbrown_0005_2_egfr_l81_s801188_mpnn1_model1,64,62,57,Miniprotein,False,
ccalia.paesani_lab_design1,86,130,66,Other,False,
ccalia.paesani_lab_design2,141,168,64,Other,False,
ccalia.paesani_lab_design3,111,156,71,Other,False,
ccalia.paesani_lab_design8,83,127,0,Other,False,
ccalia.paesani_lab_design9,102,167,87,Other,False,
cchallacombe.1,71,50,0,Nanobody,False,
cchallacombe.4,99,75,0,Nanobody,False,
cchallacombe.6,45,105,0,Nanobody,False,
chenceshi1105.steven_binder_design_l75_s60968_it100_mpnn0,77,76,72,Miniprotein,False,
chenceshi1105.steven_binder_design_l82_s44755_it100_mpnn6,70,67,48,Miniprotein,False,
chenceshi1105.steven_binder_design_l89_s48081_it100_mpnn4,54,59,52,Miniprotein,False,
christoph.gruber.binder12_1,48,72,1,Other,False,
christoph.gruber.upperbinder_scaffold1_lowerbinder,160,65,45,Other,False,
christoph.gruber.upperbinder_scaffold2_lowerbinder,190,35,2,Other,False,
christoph.gruber.upperbinder_scaffold3_lowerbinder,147,46,1,Other,False,
christoph.gruber.upperbinder_xten_lowerbinder,101,102,5,Peptide,False,
chrisxushaoyong.hu_nano1_1_ff3e18,73,78,0,Nanobody,False,
chrisxushaoyong.hu_nano1_3_eef94e,51,41,31,Nanobody,True,Medium
chrisxushaoyong.hu_nano1_5_559c85,46,38,0,Nanobody,False,
chrisxushaoyong.hu_nano2_2_7ef96e,64,90,0,Nanobody,True,Strong
chrisxushaoyong.hu_nano2_4_85252b,66,43,0,Nanobody,True,Strong
chuh.egfr_seg1_l58_s941869_mpnn2,43,41,41,Miniprotein,False,
chuh.egfr_seg2_l58_s53469_mpnn1,65,68,59,Miniprotein,True,Medium
chuh.egfr_seg2_l62_s244475_mpnn4,68,54,0,Miniprotein,False,
colby.tupegfr_001___anti-egfr_fv-like_protein_diffused_with_evodiff,97,85,0,scFv,False,
colby.tupegfr_006___anti-egfr_fv-like_protein_diffused_with_evodiff,79,107,0,scFv,False,
colby.tupegfr_010___anti-egfr_fv-like_protein_diffused_with_evodiff,51,116,9,scFv,False,
colby.tupegfr_012___anti-egfr_fv-like_protein_diffused_with_evodiff,63,181,0,scFv,True,Weak
colby.tupegfr_018___anti-egfr_fv-like_protein_diffused_with_esm3,85,53,0,scFv,False,
coreyhowe99.corey82,76,76,63,Miniprotein,False,
darius.szablowski.egfr_binder_1___top_binder_1,72,67,64,Other,False,
darius.szablowski.egfr_binder_2___ggggs_3_linked_top_binders_1_and_2,127,96,0,Other,False,
darius.szablowski.egfr_binder_3___ggggs_3_linked_top_binders_1_rev_and_2_rev,56,30,0,Other,False,
darius.szablowski.egfr_binder_4___ggggs_3_linked_top_binders_1_and_2_efficiently_evolved,95,79,63,Other,False,
darius.szablowski.egfr_binder_5___ggggs_3_linked_top_binders_1_and_2_efficiently_evolved_and_sapiens_evolved,145,99,0,Other,False,
deepsatflow.6aru_final_chain_a_domain_3_l138_s466479_mpnn9,91,92,21,Other,False,
deepsatflow.6aru_final_chain_a_domain_3_l142_s806907_mpnn1,69,57,54,Other,True,Weak
deepsatflow.6aru_final_chain_a_domain_3_l147_s945609_mpnn1,70,64,51,Other,True,Weak
dre.lgdl_egfr_001,39,110,0,Peptide,False,
dre.lgdl_egfr_008,41,91,1,Peptide,False,
duynth29.duy_l111_mpnn14,91,86,70,Other,False,
duynth29.duy_l111_mpnn14_i36m__l80m_l42m,88,97,68,Other,False,
duynth29.duy_l111_mpnn14_l80m_l42m,89,86,66,Other,False,
duynth29.l148_mpnn1,74,71,67,Other,False,
duynth29.l88_mpnn5,79,49,8,Other,False,
eceiiitn786.8s2,71,69,0,Peptide,False,
elian.elian1,87,81,73,Other,False,
elian.elian2,78,88,67,Other,False,
elian.elian3,81,70,67,Other,False,
elian.elian4,78,75,67,Other,False,
elian.elian5,87,84,67,Other,False,
enzo.morro.design_0_n_0_mpnn_1.117_plddt_0.713_i_ptm_0.082_i_pae_27.542_rmsd_25.669,71,29,0,Other,False,
enzo.morro.design_0_n_1_mpnn_1.085_plddt_0.817_i_ptm_0.076_i_pae_28.084_rmsd_25.372,86,44,0,Other,False,
enzo.morro.design_0_n_2_mpnn_1.120_plddt_0.858_i_ptm_0.072_i_pae_28.117_rmsd_30.276,75,58,0,Other,False,
fernando.meireles.design_hybrid_partial_diff_4_31_binder,85,89,2,Other,False,
fernando.meireles.design_hybrid_partial_diff_7_1_binder,75,70,0,Other,False,
fernando.meireles.design_hybrid_partial_diff_9_54_binder,75,61,4,Other,False,
fgndd1.fg_seq1,76,84,68,Other,False,
flowuenne.nf-proteindesign_design10,39,43,0,Miniprotein,False,
flowuenne.nf-proteindesign_design7,51,29,12,Miniprotein,False,
flowuenne.nf-proteindesign_design8,60,56,1,Miniprotein,False,
gitter.yolo23,72,78,60,Miniprotein,False,
gitter.yolo46,74,81,67,Miniprotein,False,
gitter.yolo48,56,55,47,Miniprotein,True,Weak
hughy.4krp_b_a_89_rnd3_full,31,95,0,Nanobody,False,
hughy.7om4_b_a_17_rnd2_v2_full,108,95,0,Nanobody,False,
hughy.7om4_b_a_180_rnd1_v1_full,45,43,35,Nanobody,False,
hughy.7om4_b_a_33_rnd2_v2_full,57,44,0,Nanobody,False,
hughy.7om4_b_a_8_rnd2_v2_full,50,46,1,Nanobody,False,
huiyu.cai.h3_15_2431_h,44,83,0,Nanobody,False,
huiyu.cai.h3_15_2847_h,55,40,22,Nanobody,False,
huiyu.cai.h3_15_3351_h,36,67,0,Nanobody,False,
huiyu.cai.h3_15_4373_h,57,87,1,Nanobody,False,
huiyu.cai.h3_15_877_h,82,81,4,Nanobody,False,
jack.li.egfrbindingcandidate_7,55,42,0,scFv,False,
jakublala.epitope_1_20aa.pdb,50,51,1,Peptide,False,
jakublala.epitope_1_30aa.pdb,48,35,0,Miniprotein,False,
jakublala.epitope_2_30aa_1.pdb,31,43,3,Miniprotein,False,
jakublala.full_dibinder_45aa.pdb,49,61,43,Peptide,False,
jakublala.full_dibinder_45aa_2.pdb,45,57,41,Miniprotein,False,
joaosartori2.c1,111,109,28,Peptide,True,Weak
joaosartori2.c3,108,76,6,Peptide,False,
joaosartori2.c4,122,101,2,Peptide,False,
joaosartori2.c6,110,99,23,Peptide,False,
joel.rf_diffusion_trim_3,61,73,0,Other,False,
jude.wells.21.6b3s_necitumumab_fused_trimmed_task_211_iter_150,72,72,66,scFv,False,
jude.wells.21.6b3s_necitumumab_fused_trimmed_task_89_iter_216,73,72,67,scFv,False,
jude.wells.21.6b3s_necitumumab_fused_trimmed_task_98_iter_184,73,85,63,scFv,False,
jude.wells.21.panitumumab_fused_trimmed_crossbreed3,67,67,62,scFv,False,
jude.wells.21.panitumumab_fused_trimmed_task_12_iter_123,67,75,53,scFv,False,
julian.faust.becotatugxpimurutamab_scfv,80,73,68,scFv,False,
julian.faust.demupitamab_mpnn_19_scfv,73,64,61,scFv,False,
julian.faust.pimurutamab_mpnn_17_scfv,73,47,39,scFv,True,Medium
julian.faust.pimurutamab_mpnn_18_scfv,71,36,2,scFv,True,Weak
julian.faust.pimurutamabxbecotatug_scfv,76,65,61,scFv,False,
julie.jg26n,53,58,42,Miniprotein,False,
julie.rj0aa,56,57,52,Miniprotein,False,
julie.ryfqy,51,48,46,Miniprotein,False,
junhee.park1999.egfr_binder_6,73,45,0,scFv,False,
junhee.park1999.egfr_binder_7,74,50,0,scFv,False,
junhee.park1999.egfr_binder_9,72,23,17,scFv,False,
jvogt4.vogt_scfv_0128,64,61,5,scFv,True,Medium
jvogt4.vogt_scfv_2009,45,52,15,scFv,True,Medium
jvogt4.vogt_scfv_2143,68,43,0,scFv,True,Medium
jvogt4.vogt_scfv_2279,60,45,39,scFv,True,Weak
jvogt4.vogt_scfv_2470,50,71,0,scFv,True,Medium
karmanyaaggarwal.ds002542,45,55,32,Nanobody,False,
karmanyaaggarwal.ds003076,48,63,16,Nanobody,False,
karmanyaaggarwal.ds004729,46,70,21,Nanobody,False,
keaun.gafpvvfkadiarvsefvaigpstgylgslttmsgvnq,59,73,2,Peptide,False,
keaun.gifgvvfkadiarvsidvaidystgylgslttfsgcnq,18,91,2,Peptide,False,
keaun.gwfgvvfkadiagvsekvaielsggyegslttpsgwnq,54,48,2,Peptide,False,
keaun.gwfgvvfkadiardsefvailesqgylssittfsgwnq,51,55,14,Peptide,False,
keaun.gwfgvvfkadiarvsefvaiglstgplgsestfsiwrq,47,41,17,Miniprotein,False,
kerrding.seq5,101,95,84,Peptide,True,Weak
kerrding.seq6,100,102,81,Peptide,True,Weak
kerrding.seq7,109,96,39,Peptide,False,
kerrding.seq8,113,78,14,Peptide,False,
kerrding.seq9,34,41,0,Peptide,False,
klima.jason.8hgo_design_4yyaf_0_0,72,141,5,Other,False,
klima.jason.8hgo_design_8gswy_1_2,98,91,2,Other,False,
klima.jason.8hgo_design_94eja_1_5,40,87,0,Other,False,
klima.jason.8hgo_design_jt8s1_0_3_proteinmpnn_20,131,42,1,Other,False,
klima.jason.8hgo_design_vdcjs_1_2,71,86,3,Other,False,
kurumida.yoichi.mg_05,53,51,46,Miniprotein,True,Medium
lennart.nickel.egfr_l114_s69310_mpnn7,71,68,58,Other,False,
lennart.nickel.egfr_l139_s63093_mpnn2,64,64,45,Other,False,
lennart.nickel.egfr_l170_s20625_mpnn10,83,83,70,Other,True,Weak
lennart.nickel.egfr_l179_s82283_mpnn1,55,52,48,Other,True,Medium
lennart.nickel.egfr_l98_s70756_mpnn3,66,35,0,Other,False,
lhallee.lhallee_128_driveid_1_2,76,71,1,Other,False,
lhallee.lhallee_128_driveid_3_4,53,68,0,Other,False,
lhallee.lhallee_20_on_target_2000,41,38,0,Miniprotein,False,
lhallee.lhallee_40_full_driveid_8_9,35,86,0,Peptide,False,
lhallee.lhallee_40_target_driveid_10,42,103,19,Peptide,False,
lyu.1,82,80,66,Other,False,
lyu.2,90,87,79,Other,False,
lyu.3,75,73,0,Other,False,
markus.braun.egfr_binder_1,136,117,112,Other,False,
markus.braun.egfr_binder_3,163,41,0,Other,False,
markus.braun.egfr_binder_6,139,128,106,Other,False,
markus.braun.egfr_binder_7,149,34,0,Other,False,
markus.braun.egfr_binder_8,160,86,0,Other,False,
martin.egfr_l111_s89744_mpnn1,47,54,28,Other,False,
martin.egfr_l121_s46924_mpnn18,88,52,0,Other,False,
martin.egfr_l142_s75963_mpnn1,75,87,0,Other,False,
martin.egfr_l165_s31019_mpnn3,73,64,59,Other,False,
martin.egfr_l177_s77884_mpnn7,55,31,0,Other,False,
maxall4.egfr_ed_binder_l124_s860500_mpnn1_model1_unrelaxed_rank_001_alphafold2_multimer_v3_model_1_seed_000_top1_mutation_d81n_round1_chain_a,99,105,87,Other,False,
maxall4.egfr_ed_binder_l132_s581930_mpnn1_model1_unrelaxed_rank_001_alphafold2_multimer_v3_model_1_seed_000_top1_mutation_r79a_round1_chain_a,74,66,63,Other,False,
maxall4.egfr_ed_binder_l134_s906486_mpnn2_model1_unrelaxed_rank_001_alphafold2_multimer_v3_model_1_seed_000_top1_mutation_g108s_round1_y80d_chain_a,73,77,63,Other,False,
maxall4.egfr_ed_binder_l134_s906486_mpnn2_model1_unrelaxed_rank_001_alphafold2_multimer_v3_model_1_seed_000_top1_mutation_g108s_round1_chain_a,74,72,62,Other,False,
maxall4.egfr_trim_l126_s498823_mpnn2_model1_unrelaxed_rank_001_alphafold2_multimer_v3_model_1_seed_000_top1_mutation_l39g_round1_chain_a,71,77,63,Other,False,
mchrnwsk.marta_chronowska_dom1_l99_s666690_mpnn16,66,56,48,Other,False,
merlettaia.seq0v3,105,68,0,Nanobody,False,
merlettaia.seq0v4,50,48,25,Nanobody,False,
merlettaia.seq52v3,51,43,0,Nanobody,False,
merlettaia.seq6v4,23,91,0,Nanobody,False,
merlettaia.seq70v3,62,62,0,Nanobody,False,
minji.lee.111,83,51,0,Miniprotein,False,
minji.lee.3458,48,42,0,Other,False,
minji.lee.386,31,34,0,Miniprotein,False,
minji.lee.3995,47,41,0,Miniprotein,False,
minji.lee.459,56,40,29,Miniprotein,False,
mlange05.a,72,45,0,Other,False,
mlange05.b,89,62,1,Other,False,
mlange05.c,52,37,0,Other,False,
mosquitolkfo.nab_design_1,69,58,0,Nanobody,False,
mosquitolkfo.nab_design_3,68,38,0,Nanobody,True,Weak
mosquitolkfo.nab_design_6,67,104,0,Nanobody,False,
mosquitolkfo.nab_design_7,69,77,0,Nanobody,False,
mosquitolkfo.nab_design_9,73,33,0,Nanobody,False,
nhaas.2,80,58,0,scFv,False,
nhaas.3,75,54,40,scFv,False,
nhaas.4,68,93,0,scFv,False,
nhaas.6,52,34,0,scFv,False,
nhaas.8,74,33,0,scFv,False,
nicholas-schnicker.schnick_04,68,63,60,Other,False,
niklas.7a72d922-1677-4fc8-9315-d7996ba05d8e_l150_s530325711_mpnn12,61,74,45,Other,False,
niklas.95b59203-b642-4754-bcd3-8e670a722c8d_l91_s349792600_mpnn19,38,40,35,Other,False,
niklas.95b59203-b642-4754-bcd3-8e670a722c8d_l91_s349792600_mpnn2,45,44,37,Other,False,
niklas.e5a28fa3-3501-41c2-922c-ec848e0bc020_l81_s514858345_mpnn4,82,76,74,Miniprotein,False,
niklas.ee4629a9-322f-48f0-884d-8f4418db9bce_l151_s241659642_mpnn11,95,77,65,Other,False,
nitesh.mishra3.stepwise_egf_based_egfr_binder_3,44,102,6,Peptide,False,
nitesh.mishra3.stepwise_rfdiff_egfr_binder_1,51,53,46,Peptide,False,
nitesh.mishra3.stepwise_scaffold_egfr_binder_6,52,50,44,Peptide,False,
noah.holzleitner.noah_egfr-binder_1,67,58,55,Miniprotein,False,
noah.holzleitner.noah_egfr-binder_2,62,65,56,Miniprotein,False,
noah.holzleitner.noah_egfr-binder_3,74,77,66,Miniprotein,False,
noah.holzleitner.noah_egfr-binder_4,49,77,0,Miniprotein,False,
noah.holzleitner.noah_egfr-binder_8,73,72,0,Miniprotein,False,
pastei5.egfr_binder_01,42,114,0,Peptide,False,
paulafcfranklin.synth_rosetta_1,113,81,4,Peptide,True,Weak
paulafcfranklin.synth_rosetta_10,112,113,101,Peptide,False,
paulafcfranklin.synth_rosetta_2,112,40,15,Peptide,False,
paulafcfranklin.synth_rosetta_3,115,68,20,Peptide,False,
paulafcfranklin.synth_rosetta_4,112,46,12,Peptide,False,
paulafcfranklin.synth_rosetta_5,113,103,49,Peptide,False,
paulafcfranklin.synth_rosetta_6,114,54,15,Peptide,False,
paulafcfranklin.synth_rosetta_7,115,100,21,Peptide,False,
paulafcfranklin.synth_rosetta_8,114,109,3,Peptide,False,
paulafcfranklin.synth_rosetta_9,113,87,5,Peptide,False,
praghava531.seq2,33,73,23,Other,False,
qilin_y.test4,38,68,0,Miniprotein,False,
qilin_y.test5,57,91,10,Miniprotein,False,
qilin_y.test6,54,98,9,Other,False,
qilin_y.test7,40,58,0,Peptide,False,
qilin_y.test8,27,69,0,Peptide,False,
qxy615.s1_rfd_base_46_60,35,68,0,Miniprotein,False,
qxy615.s1_rfd_base_46_94,54,65,48,Miniprotein,False,
qxy615.s1_rfd_comp_beta_782_81,43,48,0,Miniprotein,False,
qy.qilin.yu.10-13-21_sample267_complex_42_complex,60,53,42,Peptide,False,
revoli.mutated_nab_5,105,61,0,Nanobody,False,
revoli.mutated_nab_8,121,39,0,Nanobody,False,
revoli.mutated_nab_9,100,58,0,Nanobody,False,
rohith.mohan.model_67_69_2,61,42,0,Miniprotein,False,
round1zeroshot.k5q_n70s_k71r_n73t_s87t_n88d_r179k_k183r_e213d_s214p,71,66,62,scFv,True,Strong
s1995825.cotimed_egf_netsolp_usability_1,100,30,8,Peptide,False,
s1995825.cotimed_egf_netsolp_usability_2,102,51,43,Peptide,False,
s1995825.cotimed_egf_netsolp_usability_3,98,94,86,Peptide,False,
s1995825.cotimed_egf_netsolp_usability_4,105,100,85,Peptide,False,
s1995825.cotimed_egf_netsolp_usability_5,97,44,28,Peptide,True,Weak
s1995825.cotimed_egf_netsolp_usability_6,100,60,6,Peptide,False,
s1995825.cotimed_egf_netsolp_usability_7,62,68,0,Peptide,False,
s1995825.cotimed_egf_netsolp_usability_8,101,96,54,Peptide,False,
s1995825.timed_egf_netsolp_usability_consensus_1,100,87,83,Peptide,False,
s1995825.timed_egf_netsolp_usability_consensus_2,98,85,31,Peptide,False,
salireza111.seq119_3_001_8,32,58,0,Miniprotein,False,
salireza111.seq166_1_001_7,59,40,7,Miniprotein,False,
salireza111.seq166_3_002_4,54,55,47,Miniprotein,False,
salireza111.seq166_7_003_9,55,52,40,Miniprotein,False,
salireza111.seq206_1_001_6,61,64,0,Peptide,False,
silvia.toscani.b_egfr_6,70,40,0,Miniprotein,False,
spacecruiser42.d2_prompt_binder_t0.8_42,35,35,0,Miniprotein,False,
spacecruiser42.d2_prompt_binder_t0.8_88,36,72,27,Miniprotein,False,
spacecruiser42.d2_prompt_binder_t1.0_139,43,46,0,Miniprotein,False,
spacecruiser42.d2_prompt_binder_t1.0_22,45,45,8,Miniprotein,False,
spacecruiser42.d2_prompt_binder_t1.0_37,34,72,0,Miniprotein,False,
ssomani.17,50,57,40,Other,False,
stocco.filippo.1.3.3.18_13_0_iteration12_1.0279718223732435,49,81,9,Peptide,False,
stocco.filippo.1.3.3.18_37_0_iteration3_1.024851931427025,49,77,12,Peptide,False,
stocco.filippo.1.3.3.18_40_0_iteration12_1.0321554292304749,113,41,2,Peptide,True,Medium
stocco.filippo.1.3.3.18_4_2_iteration0_1.0407930462953479,113,83,6,Peptide,True,Medium
stocco.filippo.1.3.3.18_51_2_iteration3_1.0356664070457622,108,52,12,Peptide,False,
stocco.filippo.1.3.3.18_65_0_iteration3_1.028317065130863,112,54,2,Peptide,True,Medium
tadaskluonis.cotimed_egf_bcseq_0,100,70,6,Peptide,False,
tadaskluonis.cotimed_egf_bcseq_1,106,96,11,Peptide,False,
tadaskluonis.cotimed_egf_bcseq_2,99,64,5,Peptide,False,
tadej.satler.egfr_binder_3,75,71,62,Other,False,
tarkhov.andrey.erithacus_rubecula_gigantus_1,78,169,56,Other,False,
tarkhov.andrey.erithacus_rubecula_gigantus_4,84,289,1,Other,False,
tarkhov.andrey.erithacus_rubecula_gigantus_7,85,87,0,Other,False,
tarkhov.andrey.erithacus_rubecula_gigantus_8,89,69,0,Other,False,
tarkhov.andrey.erithacus_rubecula_gigantus_9,38,110,0,Other,False,
tiejun.wei.egfr_binder_design_208_dldesign_10_af2pred.pdb_a,120,98,51,Miniprotein,False,
tim.silica_corpora_regions_sampled_epitope_0_generated_variant_6_rank_7_phase_2,28,50,1,Nanobody,False,
tim.silica_corpora_regions_sampled_epitope_2_generated_variant_8_rank_3_phase_2,96,54,0,Nanobody,False,
tim.silica_corpora_sampled_epitope_0_generated_variant_1_rank_8_phase_2,50,46,0,Nanobody,False,
tim.silica_corpora_sampled_epitope_0_generated_variant_8_rank_1_phase_2,49,43,19,Nanobody,False,
tim.silica_corpora_sampled_epitope_2_generated_variant_9_rank_6_phase_2,64,45,21,Nanobody,False,
toluwase.fatoki.toluwase_sequence3_119,33,58,2,Other,False,
toluwase.fatoki.toluwase_sequence4_148,75,80,0,Other,False,
toluwase.fatoki.toluwase_sequence6_112,61,70,0,Other,False,
wtj19921231.egfr_binder_design_208_dldesign_0_cycle1_run5_af2pred.pdb_a,66,46,1,Miniprotein,False,
x.rustamov.p_vhh_partial_1_32,51,48,0,Nanobody,False,
x.rustamov.traj_11_8_model_5_0,62,54,0,Nanobody,False,
x.rustamov.traj_4_8_model_1_5,64,46,0,Nanobody,False,
x.rustamov.traj_6_1_model_1_8,77,53,34,Nanobody,False,
x.rustamov.traj_9_8_model_1_0,40,97,0,Nanobody,False,
xiuming_li2015.eureka_seq_1,76,71,67,scFv,False,
xiuming_li2015.eureka_seq_3,77,72,66,scFv,False,
xiuming_li2015.eureka_seq_4,76,65,63,scFv,False,
youngsuko2000.fast4,120,77,0,Peptide,False,
youngsuko2000.last,123,63,2,Peptide,False,
youngsuko2000.queen,124,88,15,Peptide,True,Medium
z_peplib.pepseq_design_6,48,92,0,Peptide,False,
z_peplib.pepseq_design_8,34,46,0,Miniprotein,False,
z_peplib.pepseq_design_9,66,38,0,Peptide,False,
zalavi.shortrustamov_ggg_zalavi3,158,131,74,Other,False,
zalavi.zalavi3_ggg_shortpacesa,75,69,63,Other,False,
zalavi.zalavi3_mergedaltered_rustamov,152,134,72,Other,False,
zhoup1366.dbz1___a,50,45,26,Nanobody,False,
zhoup1366.dbz10___a,49,47,0,Nanobody,False,
zhoup1366.dbz6___a,46,104,4,Nanobody,False,
zhoup1366.dbz7___a,50,72,0,Nanobody,False,
zhoup1366.dbz8___a,49,85,0,Nanobody,False,
zulfatmi.pocket1pep78,71,69,1,Peptide,False,
zulfatmi.pocket2pep63,24,44,2,Peptide,False,
zulfatmi.pocket7pep42,34,49,0,Peptide,False,
