complex_id,af3_contacts,protenix_contacts,overlap_contacts,design_class,binding,binding_strength
paulafcfranklin.synth_rosetta_1,113,313,0,Peptide,True,Weak
merlettaia.seq0v3,105,247,1,Nanobody,False,
minji.lee.459,56,94,2,Miniprotein,False,
spacecruiser42.d2_prompt_binder_t1.0_22,45,169,1,Miniprotein,False,
deepsatflow.6aru_final_chain_a_domain_3_l147_s945609_mpnn1,70,171,1,Other,True,Weak
qxy615.s1_rfd_base_46_94,54,196,0,Miniprotein,False,
youngsuko2000.ysar,113,257,0,,,
christoph.gruber.binder12_1,48,183,0,Other,False,
merlettaia.seq52v3,51,312,0,Nanobody,False,
briannaughton.1_plus_2,86,229,1,Other,True,Medium
cchallacombe.4,99,185,0,Nanobody,False,
allongoldberg.4_44_14_refined_ideal,76,196,0,Other,False,
tarkhov.andrey.erithacus_rubecula_gigantus_1,78,391,0,Other,False,
paulafcfranklin.synth_rosetta_4,112,227,3,Peptide,False,
klima.jason.8hgo_design_jt8s1_0_3_proteinmpnn_20,131,340,5,Other,False,
amelie.schreiber.model_56_119_15,77,162,0,Miniprotein,False,
chenceshi1105.steven_binder_design_l89_s48081_it100_mpnn4,54,191,0,Miniprotein,False,
aswini.seed2_1,80,268,2,Peptide,False,
x.rustamov.traj_4_8_model_1_5,64,261,1,Nanobody,False,
ccalia.paesani_lab_design9,102,427,1,Other,False,
minji.lee.111,83,153,0,Miniprotein,False,
a.tucs.andrejs_tucs_seq8,101,162,2,Peptide,True,Medium
merlettaia.seq70v3,62,251,0,Nanobody,False,
s1995825.cotimed_egf_netsolp_usability_8,101,106,0,Peptide,False,
lhallee.lhallee_20_on_target_2000,41,167,0,Miniprotein,False,
aureliabustos.wwt_noised_i_scaffold_shorted_var7524,102,237,4,Peptide,True,Weak
alex.naka.ivysaur,110,164,0,Peptide,False,
huiyu.cai.h3_15_4373_h,57,238,0,Nanobody,False,
ccalia.paesani_lab_design2,141,420,0,Other,False,
keaun.gwfgvvfkadiardsefvailesqgylssittfsgwnq,51,209,4,Peptide,False,
salireza111.seq206_1_001_6,61,145,0,Peptide,False,
cchallacombe.6,45,212,0,Nanobody,False,
zulfatmi.pocket2pep63,24,117,1,Peptide,False,
junhee.park1999.egfr_binder_9,72,380,0,scFv,False,
huiyu.cai.h3_15_2847_h,55,154,0,Nanobody,False,
aureliabustos.wwt_noised_i_scaffold_shorted_var9391,102,207,5,Peptide,True,Weak
duynth29.duy_l111_mpnn14_l80m_l42m,89,220,0,Other,False,
merlettaia.seq6v4,23,311,0,Nanobody,False,
lhallee.lhallee_128_driveid_3_4,53,328,0,Other,False,
noah.holzleitner.noah_egfr-binder_4,49,80,0,Miniprotein,False,
paulafcfranklin.synth_rosetta_9,113,279,2,Peptide,False,
xiuming_li2015.eureka_seq_1,76,312,2,scFv,False,
christoph.gruber.upperbinder_scaffold3_lowerbinder,147,292,0,Other,False,
joel.rf_diffusion_trim_3,61,184,0,Other,False,
jude.wells.21.panitumumab_fused_trimmed_task_12_iter_123,67,339,0,scFv,False,
stocco.filippo.1.3.3.18_13_0_iteration12_1.0279718223732435,49,219,0,Peptide,False,
nhaas.4,68,313,0,scFv,False,
s1995825.cotimed_egf_netsolp_usability_2,102,278,0,Peptide,False,
minji.lee.3458,48,123,1,Other,False,
kerrding.seq8,113,158,0,Peptide,False,
julie.ryfqy,51,97,1,Miniprotein,False,
keaun.gwfgvvfkadiagvsekvaielsggyegslttpsgwnq,54,319,1,Peptide,False,
junhee.park1999.egfr_binder_6,73,288,0,scFv,False,
darius.szablowski.egfr_binder_2___ggggs_3_linked_top_binders_1_and_2,127,218,4,Other,False,
stocco.filippo.1.3.3.18_65_0_iteration3_1.028317065130863,112,168,0,Peptide,True,Medium
spacecruiser42.d2_prompt_binder_t0.8_88,36,151,1,Miniprotein,False,
duynth29.l88_mpnn5,79,109,0,Other,False,
julian.faust.pimurutamab_mpnn_17_scfv,73,425,0,scFv,True,Medium
s1995825.cotimed_egf_netsolp_usability_7,62,181,0,Peptide,False,
tim.silica_corpora_sampled_epitope_0_generated_variant_1_rank_8_phase_2,50,236,12,Nanobody,False,
a.tucs.andrejs_tucs_seq3,107,235,1,Peptide,True,Weak
aswini.seed1,98,322,2,Peptide,False,
elian.elian2,78,175,0,Other,False,
aureliabustos.bce_var464,103,247,0,Peptide,True,Strong
qxy615.s1_rfd_base_46_60,35,117,0,Miniprotein,False,
antorsae.ta_5_2,56,197,5,Peptide,False,
lennart.nickel.egfr_l98_s70756_mpnn3,66,101,0,Other,False,
aureliabustos.wwt_noised_i_scaffold_shorted_var6640,103,316,0,Peptide,True,Weak
gitter.yolo46,74,110,0,Miniprotein,False,
dre.lgdl_egfr_001,39,295,0,Peptide,False,
paulafcfranklin.synth_rosetta_3,115,285,4,Peptide,False,
flowuenne.nf-proteindesign_design7,51,152,0,Miniprotein,False,
spacecruiser42.d2_prompt_binder_t0.8_42,35,191,2,Miniprotein,False,
z_peplib.pepseq_design_9,66,186,0,Peptide,False,
begonia.sp.13.egfr_l61_s456546_mpnn1_model1,64,90,0,Miniprotein,False,
s1995825.cotimed_egf_netsolp_usability_3,98,157,0,Peptide,False,
jvogt4.vogt_scfv_2143,68,188,2,scFv,True,Medium
jvogt4.vogt_scfv_2279,60,452,1,scFv,True,Weak
tim.silica_corpora_sampled_epitope_0_generated_variant_8_rank_1_phase_2,49,304,0,Nanobody,False,
begonia.sp.13.egfr_l88_s11832_mpnn1_model2,71,176,0,Other,True,Medium
aswinijavadi160197.8_a,36,34,0,Other,False,
xiuming_li2015.eureka_seq_4,76,416,0,scFv,False,
mosquitolkfo.nab_design_1,69,242,0,Nanobody,False,
klima.jason.8hgo_design_8gswy_1_2,98,322,1,Other,False,
chuh.egfr_seg2_l58_s53469_mpnn1,65,124,0,Miniprotein,True,Medium
ccalia.paesani_lab_design8,83,361,1,Other,False,
zulfatmi.pocket1pep78,71,119,0,Peptide,False,
darius.szablowski.egfr_binder_5___ggggs_3_linked_top_binders_1_and_2_efficiently_evolved_and_sapiens_evolved,145,215,0,Other,False,
akash.arunabharathi.design8,50,222,0,Other,False,
x.rustamov.traj_11_8_model_5_0,62,212,2,Nanobody,False,
cameron.kroll.gertrude_gen5,73,161,0,Other,False,
zhoup1366.dbz6___a,46,212,0,Nanobody,False,
colby.tupegfr_010___anti-egfr_fv-like_protein_diffused_with_evodiff,51,442,0,scFv,False,
stocco.filippo.1.3.3.18_51_2_iteration3_1.0356664070457622,108,172,2,Peptide,False,
jvogt4.vogt_scfv_2009,45,241,0,scFv,True,Medium
alecl.relaxeda,102,160,3,Peptide,False,
724928537.dbz7___a,42,236,5,Nanobody,False,
toluwase.fatoki.toluwase_sequence6_112,61,361,0,Other,False,
ssomani.17,50,192,0,Other,False,
gitter.yolo48,56,106,0,Miniprotein,True,Weak
nhaas.6,52,582,0,scFv,False,
nhaas.3,75,531,1,scFv,False,
a.tucs.andrejs_tucs_seq6,53,145,0,Peptide,False,
martin.egfr_l165_s31019_mpnn3,73,185,2,Other,False,
724928537.dbz8___a,44,321,2,Nanobody,False,
chrisxushaoyong.hu_nano1_3_eef94e,51,241,0,Nanobody,True,Medium
x.rustamov.p_vhh_partial_1_32,51,248,0,Nanobody,False,
amirm.mhosseini.seq4,57,181,0,Peptide,False,
cchallacombe.1,71,178,2,Nanobody,False,
coreyhowe99.corey82,76,98,0,Miniprotein,False,
antorsae.ta_4_4,52,86,0,Peptide,False,
cameron.kroll.gertrude_gen3_s69d_n61e,57,196,0,Other,False,
qy.qilin.yu.10-13-21_sample267_complex_42_complex,60,111,0,Peptide,False,
markus.braun.egfr_binder_8,160,255,0,Other,False,
biolucasmachado.engineered_binder_7,110,297,7,Peptide,False,
briannaughton.2_plus_1,114,318,4,Other,True,Medium
kerrding.seq6,100,194,1,Peptide,True,Weak
tim.silica_corpora_regions_sampled_epitope_0_generated_variant_6_rank_7_phase_2,28,269,2,Nanobody,False,
maxall4.egfr_ed_binder_l134_s906486_mpnn2_model1_unrelaxed_rank_001_alphafold2_multimer_v3_model_1_seed_000_top1_mutation_g108s_round1_y80d_chain_a,73,141,0,Other,False,
kerrding.seq5,101,134,0,Peptide,True,Weak
biolucasmachado.engineered_binder_2,60,264,0,Peptide,False,
s1995825.cotimed_egf_netsolp_usability_5,97,141,0,Peptide,True,Weak
binom16.pocket2pep89,37,189,1,Peptide,False,
alex.naka.charmeleon,53,191,0,Peptide,False,
nitesh.mishra3.stepwise_egf_based_egfr_binder_3,44,251,3,Peptide,False,
alejandro.corrochano-navarro.eng_scfv_binder_3,65,270,0,scFv,False,
keaun.gwfgvvfkadiarvsefvaiglstgplgsestfsiwrq,47,243,3,Miniprotein,False,
salireza111.seq166_3_002_4,54,148,0,Miniprotein,False,
cetuximab_scfv,76,337,0,,,
julian.faust.becotatugxpimurutamab_scfv,80,157,9,scFv,False,
akash.arunabharathi.design4,51,374,0,Other,False,
mosquitolkfo.nab_design_3,68,373,0,Nanobody,True,Weak
allongoldberg.3_52_10_refined_ideal,74,137,0,Miniprotein,False,
huiyu.cai.h3_15_3351_h,36,223,0,Nanobody,False,
baptiste.roelens.ognk,68,155,0,Miniprotein,False,
tadaskluonis.cotimed_egf_bcseq_2,99,202,1,Peptide,False,
elian.elian1,87,194,0,Other,False,
rohith.mohan.model_67_69_2,61,119,0,Miniprotein,False,
paulafcfranklin.synth_rosetta_6,114,193,0,Peptide,False,
biolucasmachado.engineered_binder_6,118,261,7,Peptide,False,
antorsae.ta_4_5,56,141,1,Peptide,False,
biolucasmachado.engineered_binder_5,114,194,1,Peptide,False,
joaosartori2.c1,111,251,0,Peptide,True,Weak
kurumida.yoichi.mg_05,53,105,0,Miniprotein,True,Medium
nicholas-schnicker.schnick_04,68,148,1,Other,False,
youngsuko2000.fast4,120,267,0,Peptide,False,
christoph.gruber.upperbinder_scaffold1_lowerbinder,160,265,0,Other,False,
lennart.nickel.egfr_l179_s82283_mpnn1,55,192,0,Other,True,Medium
ccalia.paesani_lab_design3,111,311,0,Other,False,
zhoup1366.dbz7___a,50,388,0,Nanobody,False,
x.rustamov.traj_9_8_model_1_0,40,234,0,Nanobody,False,
jude.wells.21.6b3s_necitumumab_fused_trimmed_task_211_iter_150,72,556,0,scFv,False,
qilin_y.test5,57,208,0,Miniprotein,False,
joaosartori2.c4,122,197,0,Peptide,False,
maxall4.egfr_ed_binder_l132_s581930_mpnn1_model1_unrelaxed_rank_001_alphafold2_multimer_v3_model_1_seed_000_top1_mutation_r79a_round1_chain_a,74,240,0,Other,False,
keaun.gafpvvfkadiarvsefvaigpstgylgslttmsgvnq,59,318,8,Peptide,False,
christoph.gruber.upperbinder_xten_lowerbinder,101,173,0,Peptide,False,
ccalia.paesani_lab_design1,86,324,0,Other,False,
stocco.filippo.1.3.3.18_40_0_iteration12_1.0321554292304749,113,288,0,Peptide,True,Medium
salireza111.seq166_7_003_9,55,172,0,Miniprotein,False,
christoph.gruber.upperbinder_scaffold2_lowerbinder,190,246,5,Other,False,
enzo.morro.design_0_n_0_mpnn_1.117_plddt_0.713_i_ptm_0.082_i_pae_27.542_rmsd_25.669,71,223,0,Other,False,
jakublala.epitope_1_20aa.pdb,50,226,5,Peptide,False,
enzo.morro.design_0_n_1_mpnn_1.085_plddt_0.817_i_ptm_0.076_i_pae_28.084_rmsd_25.372,86,202,0,Other,False,
jakublala.full_dibinder_45aa.pdb,49,257,0,Peptide,False,
antorsae.ta525_0_0,50,100,0,Peptide,False,
amelie.schreiber.model_60_151_9,78,108,0,Miniprotein,False,
stocco.filippo.1.3.3.18_37_0_iteration3_1.024851931427025,49,180,0,Peptide,False,
tim.silica_corpora_regions_sampled_epitope_2_generated_variant_8_rank_3_phase_2,96,261,0,Nanobody,False,
alex.naka.blastoise,115,152,0,Peptide,False,
binom16.pocket2pep86,37,102,0,Peptide,False,
begonia.sp.13.egfr_l110_s478327_mpnn7_model2,87,208,2,Other,False,
allongoldberg.3_52_1_refined,55,142,0,Miniprotein,False,
huiyu.cai.h3_15_2431_h,44,193,0,Nanobody,False,
amelie.schreiber.model_83_156_16,87,192,0,Other,False,
briannaughton.1_plus_egfr,147,410,0,Other,True,Medium
lhallee.lhallee_40_full_driveid_8_9,35,329,0,Peptide,False,
x.rustamov.traj_6_1_model_1_8,77,212,3,Nanobody,False,
julie.jg26n,53,114,0,Miniprotein,False,
human_egf,101,223,0,Peptide,True,Medium
lennart.nickel.egfr_l114_s69310_mpnn7,71,168,0,Other,False,
youngsuko2000.last,123,340,2,Peptide,False,
zhoup1366.dbz8___a,49,221,0,Nanobody,False,
huiyu.cai.h3_15_877_h,82,160,0,Nanobody,False,
tadaskluonis.cotimed_egf_bcseq_1,106,380,5,Peptide,False,
alan.blakely.12_3,114,304,0,Other,True,Medium
a.tucs.andrejs_tucs_seq4,99,74,0,Peptide,False,
martin.egfr_l121_s46924_mpnn18,88,183,0,Other,False,
qilin_y.test6,54,249,9,Other,False,
niklas.7a72d922-1677-4fc8-9315-d7996ba05d8e_l150_s530325711_mpnn12,61,211,0,Other,False,
lhallee.lhallee_40_target_driveid_10,42,312,1,Peptide,False,
youngsuko2000.queen,124,254,1,Peptide,True,Medium
alecl.unrelaxeda,99,292,0,Peptide,False,
lennart.nickel.egfr_l170_s20625_mpnn10,83,193,0,Other,True,Weak
bundit.b_s18.manbaritone_seq3_egfr-binder-70-100_beta_303_dldesign_6_lenght71,80,140,0,Miniprotein,False,
lyu.3,75,174,0,Other,False,
alessio.daddio.ad_1,91,190,2,Miniprotein,False,
revoli.mutated_nab_8,121,456,0,Nanobody,False,
nitesh.mishra3.stepwise_scaffold_egfr_binder_6,52,72,0,Peptide,False,
karmanyaaggarwal.ds003076,48,150,0,Nanobody,False,
biolucasmachado.engineered_binder_4,118,159,0,Peptide,False,
fernando.meireles.design_hybrid_partial_diff_7_1_binder,75,189,0,Other,False,
724928537.dbz6___a,69,177,0,Nanobody,False,
lyu.2,90,198,1,Other,False,
antorsae.ta_5_3,50,128,0,Peptide,False,
alex.naka.charizard,53,233,0,Peptide,False,
amirm.mhosseini.seq9,53,163,0,Peptide,False,
klima.jason.8hgo_design_94eja_1_5,40,465,0,Other,False,
toluwase.fatoki.toluwase_sequence3_119,33,398,1,Other,False,
duynth29.duy_l111_mpnn14_i36m__l80m_l42m,88,172,0,Other,False,
noah.holzleitner.noah_egfr-binder_3,74,94,0,Miniprotein,False,
pastei5.egfr_binder_01,42,422,0,Peptide,False,
paulafcfranklin.synth_rosetta_7,115,187,0,Peptide,False,
fernando.meireles.design_hybrid_partial_diff_4_31_binder,85,241,0,Other,False,
a.tucs.andrejs_tucs_seq7,100,173,0,Peptide,True,Weak
biolucasmachado.engineered_binder_3,100,309,2,Peptide,False,
cbrown.cbrown_0005_2_egfr_l81_s801188_mpnn1_model1,64,189,0,Miniprotein,False,
aureliabustos.wt_noised_i_scaffold_shorted_var71,109,258,0,Peptide,True,Weak
tadej.satler.egfr_binder_3,75,245,5,Other,False,
aswini.seed2_3,70,252,1,Peptide,False,
a.tucs.andrejs_tucs_seq2,110,130,4,Peptide,False,
bundit.b_s18.manbaritone_seq6_egfr-binder-70-100_beta_778_dldesign_0_length71,69,116,0,Miniprotein,False,
binom16.pocket7pep80,34,158,0,Peptide,False,
binom16.pocket1pep15,39,137,0,Peptide,False,
s1995825.cotimed_egf_netsolp_usability_4,105,149,2,Peptide,False,
elian.elian5,87,223,0,Other,False,
martin.egfr_l142_s75963_mpnn1,75,169,0,Other,False,
praghava531.seq2,33,130,0,Other,False,
hughy.4krp_b_a_89_rnd3_full,31,272,0,Nanobody,False,
a.tucs.andrejs_tucs_seq10,100,174,0,Peptide,False,
niklas.e5a28fa3-3501-41c2-922c-ec848e0bc020_l81_s514858345_mpnn4,82,147,0,Miniprotein,False,
mchrnwsk.marta_chronowska_dom1_l99_s666690_mpnn16,66,154,0,Other,False,
hughy.7om4_b_a_180_rnd1_v1_full,45,156,0,Nanobody,False,
alan.blakely.12_6,99,374,2,Other,True,Medium
minji.lee.386,31,152,0,Miniprotein,False,
revoli.mutated_nab_5,105,258,0,Nanobody,False,
allongoldberg.4_44,60,193,1,Other,False,
tadaskluonis.cotimed_egf_bcseq_0,100,349,2,Peptide,False,
biolucasmachado.engineered_binder_1,43,229,2,Peptide,True,Weak
kerrding.seq7,109,162,0,Peptide,False,
duynth29.l148_mpnn1,74,165,0,Other,False,
hughy.7om4_b_a_17_rnd2_v2_full,108,221,0,Nanobody,False,
spacecruiser42.d2_prompt_binder_t1.0_37,34,123,0,Miniprotein,False,
martin.egfr_l177_s77884_mpnn7,55,196,0,Other,False,
darius.szablowski.egfr_binder_3___ggggs_3_linked_top_binders_1_rev_and_2_rev,56,280,0,Other,False,
chrisxushaoyong.hu_nano1_5_559c85,46,275,0,Nanobody,False,
paulafcfranklin.synth_rosetta_8,114,251,1,Peptide,False,
mlange05.b,89,151,0,Other,False,
antorsae.ta_5_1,40,104,2,Peptide,False,
tim.silica_corpora_sampled_epitope_2_generated_variant_9_rank_6_phase_2,64,224,1,Nanobody,False,
wtj19921231.egfr_binder_design_208_dldesign_0_cycle1_run5_af2pred.pdb_a,66,165,0,Miniprotein,False,
chuh.egfr_seg1_l58_s941869_mpnn2,43,87,0,Miniprotein,False,
jude.wells.21.6b3s_necitumumab_fused_trimmed_task_89_iter_216,73,426,0,scFv,False,
jakublala.epitope_1_30aa.pdb,48,178,2,Miniprotein,False,
paulafcfranklin.synth_rosetta_10,112,262,1,Peptide,False,
a.tucs.andrejs_tucs_seq9,101,177,0,Peptide,False,
chuh.egfr_seg2_l62_s244475_mpnn4,68,100,0,Miniprotein,False,
zalavi.zalavi3_ggg_shortpacesa,75,194,6,Other,False,
paulafcfranklin.synth_rosetta_5,113,196,2,Peptide,False,
stocco.filippo.1.3.3.18_4_2_iteration0_1.0407930462953479,113,197,9,Peptide,True,Medium
julian.faust.pimurutamab_mpnn_18_scfv,71,280,0,scFv,True,Weak
dre.lgdl_egfr_008,41,314,5,Peptide,False,
darius.szablowski.egfr_binder_4___ggggs_3_linked_top_binders_1_and_2_efficiently_evolved,95,286,2,Other,False,
markus.braun.egfr_binder_3,163,327,0,Other,False,
mosquitolkfo.nab_design_7,69,220,0,Nanobody,False,
klima.jason.8hgo_design_vdcjs_1_2,71,311,2,Other,False,
allongoldberg.3_52,51,143,1,Miniprotein,False,
jude.wells.21.panitumumab_fused_trimmed_crossbreed3,67,656,0,scFv,False,
bundit.b_s18.manbaritone_seq5_egfr-binder-70-100_beta_303_dldesign_1_length71,75,123,0,Miniprotein,False,
qilin_y.test8,27,226,0,Peptide,False,
spacecruiser42.d2_prompt_binder_t1.0_139,43,161,0,Miniprotein,False,
biolucasmachado.engineered_binder_9,101,205,1,Peptide,False,
darius.szablowski.egfr_binder_1___top_binder_1,72,163,0,Other,False,
lhallee.lhallee_128_driveid_1_2,76,467,2,Other,False,
alessio.daddio.ad_4,81,219,0,Miniprotein,False,
aswini.clipgen30,39,241,0,Peptide,False,
alessio.daddio.ad_9,62,258,0,Other,False,
zhoup1366.dbz1___a,50,280,0,Nanobody,False,
cameron.kroll.leitner,78,172,0,Other,False,
gitter.yolo23,72,130,0,Miniprotein,False,
biolucasmachado.engineered_binder_8,119,189,0,Peptide,False,
maxall4.egfr_ed_binder_l124_s860500_mpnn1_model1_unrelaxed_rank_001_alphafold2_multimer_v3_model_1_seed_000_top1_mutation_d81n_round1_chain_a,99,177,0,Other,False,
chrisxushaoyong.hu_nano2_4_85252b,66,264,0,Nanobody,True,Strong
mosquitolkfo.nab_design_9,73,190,0,Nanobody,False,
eceiiitn786.8s2,71,177,1,Peptide,False,
mlange05.a,72,200,2,Other,False,
z_peplib.pepseq_design_8,34,149,1,Miniprotein,False,
keaun.gifgvvfkadiarvsidvaidystgylgslttfsgcnq,18,254,1,Peptide,False,
chrisxushaoyong.hu_nano1_1_ff3e18,73,237,0,Nanobody,False,
colby.tupegfr_001___anti-egfr_fv-like_protein_diffused_with_evodiff,97,857,1,scFv,False,
nhaas.2,80,421,0,scFv,False,
noah.holzleitner.noah_egfr-binder_2,62,121,0,Miniprotein,False,
briannaughton.2_plus_2,162,480,1,Other,True,Weak
qxy615.s1_rfd_comp_beta_782_81,43,126,0,Miniprotein,False,
carson.vaux.baker1_18,45,88,2,Miniprotein,False,
alex.naka.charmander,122,152,0,Peptide,False,
jakublala.epitope_2_30aa_1.pdb,31,203,0,Miniprotein,False,
julian.faust.demupitamab_mpnn_19_scfv,73,400,0,scFv,False,
tiejun.wei.egfr_binder_design_208_dldesign_10_af2pred.pdb_a,120,127,1,Miniprotein,False,
antorsae.t0.1_sample939_score0.9451_global_score1.3625_seq_recovery0.4250,50,130,0,Peptide,False,
alex.naka.wartortle,100,163,0,Peptide,False,
salireza111.seq119_3_001_8,32,134,0,Miniprotein,False,
karmanyaaggarwal.ds004729,46,174,2,Nanobody,False,
jakublala.full_dibinder_45aa_2.pdb,45,297,0,Miniprotein,False,
enzo.morro.design_0_n_2_mpnn_1.120_plddt_0.858_i_ptm_0.072_i_pae_28.117_rmsd_30.276,75,273,11,Other,False,
salireza111.seq166_1_001_7,59,106,0,Miniprotein,False,
duynth29.duy_l111_mpnn14,91,162,0,Other,False,
alex.naka.squirtle,104,150,0,Peptide,False,
zalavi.shortrustamov_ggg_zalavi3,158,289,0,Other,False,
zulfatmi.pocket7pep42,34,116,0,Peptide,False,
karmanyaaggarwal.ds002542,45,183,0,Nanobody,False,
ali.rasouli.intern.model_77_142_3,60,172,0,Miniprotein,False,
tarkhov.andrey.erithacus_rubecula_gigantus_9,38,367,0,Other,False,
hughy.7om4_b_a_33_rnd2_v2_full,57,238,0,Nanobody,False,
elian.elian4,78,198,0,Other,False,
akash.arunabharathi.design9,25,378,0,Other,False,
toluwase.fatoki.toluwase_sequence4_148,75,269,0,Other,False,
a.tucs.andrejs_tucs_seq1,104,173,0,Peptide,True,Weak
briannaughton.egfr_plus_egfr,113,232,5,Other,True,Weak
s1995825.timed_egf_netsolp_usability_consensus_1,100,144,0,Peptide,False,
lennart.nickel.egfr_l139_s63093_mpnn2,64,139,6,Other,False,
silvia.toscani.b_egfr_6,70,97,0,Miniprotein,False,
mosquitolkfo.nab_design_6,67,391,2,Nanobody,False,
maxall4.egfr_ed_binder_l134_s906486_mpnn2_model1_unrelaxed_rank_001_alphafold2_multimer_v3_model_1_seed_000_top1_mutation_g108s_round1_chain_a,74,160,2,Other,False,
martin.egfr_l111_s89744_mpnn1,47,121,1,Other,False,
colby.tupegfr_018___anti-egfr_fv-like_protein_diffused_with_esm3,85,491,0,scFv,False,
noah.holzleitner.noah_egfr-binder_8,73,128,0,Miniprotein,False,
aureliabustos.wwt_noised_i_scaffold_shorted_var8423,109,245,0,Peptide,True,Weak
xiuming_li2015.eureka_seq_3,77,301,0,scFv,False,
nhaas.8,74,428,7,scFv,False,
jude.wells.21.6b3s_necitumumab_fused_trimmed_task_98_iter_184,73,342,0,scFv,False,
tarkhov.andrey.erithacus_rubecula_gigantus_8,89,556,0,Other,False,
cameron.kroll.gertrude_gen6,75,175,0,Other,False,
akash.arunabharathi.design10,48,198,0,Peptide,False,
joaosartori2.c3,108,198,1,Peptide,False,
niklas.95b59203-b642-4754-bcd3-8e670a722c8d_l91_s349792600_mpnn2,45,114,6,Other,False,
chenceshi1105.steven_binder_design_l75_s60968_it100_mpnn0,77,117,0,Miniprotein,False,
amirm.mhosseini.seq1,118,314,2,Peptide,False,
alejandro.corrochano-navarro.eng_scfv_binder_2,63,287,0,scFv,True,Weak
flowuenne.nf-proteindesign_design8,60,163,1,Miniprotein,False,
colby.tupegfr_012___anti-egfr_fv-like_protein_diffused_with_evodiff,63,555,1,scFv,True,Weak
s1995825.timed_egf_netsolp_usability_consensus_2,98,166,0,Peptide,False,
paulafcfranklin.synth_rosetta_2,112,258,1,Peptide,False,
reed.harrison.model_56_119_0,74,119,0,Miniprotein,False,
noah.holzleitner.noah_egfr-binder_1,67,75,0,Miniprotein,False,
chrisxushaoyong.hu_nano2_2_7ef96e,64,254,0,Nanobody,True,Strong
minji.lee.3995,47,83,0,Miniprotein,False,
cameron.kroll.gertrude_gen3,75,114,0,Other,False,
markus.braun.egfr_binder_1,136,239,0,Other,False,
amirmhosseini47.mohammad_seq2,107,224,2,Peptide,False,
elian.elian3,81,198,0,Other,False,
revoli.mutated_nab_9,100,445,2,Nanobody,False,
niklas.ee4629a9-322f-48f0-884d-8f4418db9bce_l151_s241659642_mpnn11,95,360,0,Other,False,
flowuenne.nf-proteindesign_design10,39,204,10,Miniprotein,False,
nitesh.mishra3.stepwise_rfdiff_egfr_binder_1,51,154,1,Peptide,False,
a.tucs.andrejs_tucs_seq5,98,225,0,Peptide,True,Medium
alejandro.corrochano-navarro.eng_scfv_binder_1,65,328,1,scFv,False,
binom16.pocket3pep98,37,151,0,Peptide,False,
lyu.1,82,130,0,Other,False,
mlange05.c,52,247,0,Other,False,
aswini.seed1_1,84,306,0,Peptide,False,
junhee.park1999.egfr_binder_7,74,273,2,scFv,False,
julian.faust.pimurutamabxbecotatug_scfv,76,198,4,scFv,False,
round1zeroshot.k5q_n70s_k71r_n73t_s87t_n88d_r179k_k183r_e213d_s214p,71,537,2,scFv,True,Strong
julie.rj0aa,56,57,2,Miniprotein,False,
amirm.mhosseini.seq3,53,239,0,Peptide,False,
qilin_y.test4,38,201,1,Miniprotein,False,
jvogt4.vogt_scfv_2470,50,418,0,scFv,True,Medium
akash.arunabharathi.design3,43,306,0,Peptide,False,
niklas.95b59203-b642-4754-bcd3-8e670a722c8d_l91_s349792600_mpnn19,38,129,0,Other,False,
markus.braun.egfr_binder_6,139,218,3,Other,False,
maxall4.egfr_trim_l126_s498823_mpnn2_model1_unrelaxed_rank_001_alphafold2_multimer_v3_model_1_seed_000_top1_mutation_l39g_round1_chain_a,71,141,0,Other,False,
aureliabustos.bce_var702,100,238,0,Peptide,True,Medium
zhoup1366.dbz10___a,49,240,2,Nanobody,False,
klima.jason.8hgo_design_4yyaf_0_0,72,268,0,Other,False,
chenceshi1105.steven_binder_design_l82_s44755_it100_mpnn6,70,123,0,Miniprotein,False,
hughy.7om4_b_a_8_rnd2_v2_full,50,308,0,Nanobody,False,
fernando.meireles.design_hybrid_partial_diff_9_54_binder,75,140,10,Other,False,
fgndd1.fg_seq1,76,199,0,Other,False,
tarkhov.andrey.erithacus_rubecula_gigantus_4,84,664,0,Other,False,
s1995825.cotimed_egf_netsolp_usability_6,100,162,0,Peptide,False,
allongoldberg.4_44_0_refined,67,216,0,Other,False,
alan.blakely.16_2,129,368,0,Other,True,Medium
jack.li.egfrbindingcandidate_7,55,582,1,scFv,False,
bronte.egfr_binder_4_91,41,120,0,Miniprotein,False,
tarkhov.andrey.erithacus_rubecula_gigantus_7,85,524,0,Other,False,
merlettaia.seq0v4,50,222,0,Nanobody,False,
alex.naka.venusaur,46,181,0,Peptide,False,
antorsae.ta397unsafety_2,42,253,2,Peptide,False,
deepsatflow.6aru_final_chain_a_domain_3_l142_s806907_mpnn1,69,137,0,Other,True,Weak
z_peplib.pepseq_design_6,48,246,0,Peptide,False,
qilin_y.test7,40,362,2,Peptide,False,
aureliabustos.bce_var433,99,215,6,Peptide,True,Medium
deepsatflow.6aru_final_chain_a_domain_3_l138_s466479_mpnn9,91,174,0,Other,False,
kerrding.seq9,34,149,0,Peptide,False,
s1995825.cotimed_egf_netsolp_usability_1,100,180,0,Peptide,False,
joaosartori2.c6,110,342,1,Peptide,False,
areddy.egfr_l169_s781475,97,251,0,Other,False,
markus.braun.egfr_binder_7,149,243,9,Other,False,
