complex_id,af3_contacts,af2_contacts,overlap_contacts,design_class,binding,binding_strength
724928537.dbz6___a,69,44,0,Nanobody,False,
724928537.dbz7___a,42,74,9,Nanobody,False,
724928537.dbz8___a,44,82,12,Nanobody,False,
ali.rasouli.intern.model_77_142_3,60,82,52,Miniprotein,False,
amirm.mhosseini.seq1,118,122,109,Peptide,False,
amirm.mhosseini.seq3,53,53,51,Peptide,False,
amirm.mhosseini.seq4,57,55,52,Peptide,False,
amirm.mhosseini.seq9,53,107,51,Peptide,False,
human_egf,101,109,89,Peptide,True,Medium
reed.harrison.model_56_119_0,74,71,60,Miniprotein,False,
a.tucs.andrejs_tucs_seq1,104,108,95,Peptide,True,Weak
a.tucs.andrejs_tucs_seq10,100,104,95,Peptide,False,
a.tucs.andrejs_tucs_seq2,110,112,98,Peptide,False,
a.tucs.andrejs_tucs_seq3,107,103,94,Peptide,True,Weak
a.tucs.andrejs_tucs_seq4,99,102,87,Peptide,False,
a.tucs.andrejs_tucs_seq5,98,100,88,Peptide,True,Medium
a.tucs.andrejs_tucs_seq6,53,57,53,Peptide,False,
a.tucs.andrejs_tucs_seq7,100,104,95,Peptide,True,Weak
a.tucs.andrejs_tucs_seq8,101,105,90,Peptide,True,Medium
a.tucs.andrejs_tucs_seq9,101,103,90,Peptide,False,
akash.arunabharathi.design10,48,106,0,Peptide,False,
akash.arunabharathi.design3,43,87,0,Peptide,False,
akash.arunabharathi.design4,51,99,0,Other,False,
akash.arunabharathi.design8,50,153,2,Other,False,
akash.arunabharathi.design9,25,63,0,Other,False,
alan.blakely.12_3,114,83,72,Other,True,Medium
alan.blakely.12_6,99,122,75,Other,True,Medium
alan.blakely.16_2,129,86,75,Other,True,Medium
alecl.relaxeda,102,108,94,Peptide,False,
alecl.unrelaxeda,99,106,86,Peptide,False,
alejandro.corrochano-navarro.eng_scfv_binder_1,65,70,64,scFv,False,
alejandro.corrochano-navarro.eng_scfv_binder_2,63,67,59,scFv,True,Weak
alejandro.corrochano-navarro.eng_scfv_binder_3,65,70,63,scFv,False,
alessio.daddio.ad_1,91,93,81,Miniprotein,False,
alessio.daddio.ad_4,81,77,62,Miniprotein,False,
alessio.daddio.ad_9,62,64,60,Other,False,
alex.naka.blastoise,115,111,98,Peptide,False,
alex.naka.charizard,53,106,50,Peptide,False,
alex.naka.charmander,122,112,98,Peptide,False,
alex.naka.charmeleon,53,119,49,Peptide,False,
alex.naka.ivysaur,110,115,96,Peptide,False,
alex.naka.squirtle,104,106,95,Peptide,False,
alex.naka.venusaur,46,51,45,Peptide,False,
alex.naka.wartortle,100,106,91,Peptide,False,
allongoldberg.3_52,51,56,0,Miniprotein,False,
allongoldberg.3_52_10_refined_ideal,74,33,0,Miniprotein,False,
allongoldberg.3_52_1_refined,55,62,49,Miniprotein,False,
allongoldberg.4_44,60,93,0,Other,False,
allongoldberg.4_44_0_refined,67,59,48,Other,False,
allongoldberg.4_44_14_refined_ideal,76,61,52,Other,False,
amelie.schreiber.model_56_119_15,77,80,69,Miniprotein,False,
amelie.schreiber.model_60_151_9,78,71,64,Miniprotein,False,
amelie.schreiber.model_83_156_16,87,80,65,Other,False,
amirmhosseini47.mohammad_seq2,107,129,100,Peptide,False,
antorsae.t0.1_sample939_score0.9451_global_score1.3625_seq_recovery0.4250,50,48,46,Peptide,False,
antorsae.ta525_0_0,50,80,47,Peptide,False,
antorsae.ta_4_4,52,74,2,Peptide,False,
antorsae.ta_4_5,56,31,2,Peptide,False,
antorsae.ta_5_1,40,88,37,Peptide,False,
antorsae.ta_5_2,56,79,3,Peptide,False,
antorsae.ta_5_3,50,52,1,Peptide,False,
antorsae.ta397unsafety_2,42,89,36,Peptide,False,
areddy.egfr_l169_s781475,97,94,74,Other,False,
aswini.clipgen30,39,100,2,Peptide,False,
aswini.seed1,98,98,0,Peptide,False,
aswini.seed1_1,84,104,0,Peptide,False,
aswini.seed2_1,80,87,0,Peptide,False,
aswini.seed2_3,70,106,0,Peptide,False,
aswinijavadi160197.8_a,36,59,0,Other,False,
aureliabustos.bce_var433,99,102,90,Peptide,True,Medium
aureliabustos.bce_var464,103,116,94,Peptide,True,Strong
aureliabustos.bce_var702,100,108,91,Peptide,True,Medium
aureliabustos.wt_noised_i_scaffold_shorted_var71,109,111,100,Peptide,True,Weak
aureliabustos.wwt_noised_i_scaffold_shorted_var6640,103,113,97,Peptide,True,Weak
aureliabustos.wwt_noised_i_scaffold_shorted_var7524,102,111,98,Peptide,True,Weak
aureliabustos.wwt_noised_i_scaffold_shorted_var8423,109,111,101,Peptide,True,Weak
aureliabustos.wwt_noised_i_scaffold_shorted_var9391,102,114,92,Peptide,True,Weak
baptiste.roelens.ognk,68,100,59,Miniprotein,False,
begonia.sp.13.egfr_l110_s478327_mpnn7_model2,87,86,78,Other,False,
begonia.sp.13.egfr_l61_s456546_mpnn1_model1,64,64,51,Miniprotein,False,
begonia.sp.13.egfr_l88_s11832_mpnn1_model2,71,73,59,Other,True,Medium
binom16.pocket1pep15,39,51,8,Peptide,False,
binom16.pocket2pep86,37,62,0,Peptide,False,
binom16.pocket2pep89,37,47,0,Peptide,False,
binom16.pocket3pep98,37,61,0,Peptide,False,
binom16.pocket7pep80,34,52,0,Peptide,False,
biolucasmachado.engineered_binder_1,43,115,38,Peptide,True,Weak
biolucasmachado.engineered_binder_2,60,99,41,Peptide,False,
biolucasmachado.engineered_binder_3,100,84,60,Peptide,False,
biolucasmachado.engineered_binder_4,118,117,112,Peptide,False,
biolucasmachado.engineered_binder_5,114,118,112,Peptide,False,
biolucasmachado.engineered_binder_6,118,124,113,Peptide,False,
biolucasmachado.engineered_binder_7,110,112,103,Peptide,False,
biolucasmachado.engineered_binder_8,119,116,110,Peptide,False,
biolucasmachado.engineered_binder_9,101,83,54,Peptide,False,
briannaughton.1_plus_2,86,123,0,Other,True,Medium
briannaughton.1_plus_egfr,147,172,51,Other,True,Medium
briannaughton.2_plus_1,114,118,94,Other,True,Medium
briannaughton.2_plus_2,162,96,1,Other,True,Weak
briannaughton.egfr_plus_egfr,113,96,51,Other,True,Weak
bronte.egfr_binder_4_91,41,49,35,Miniprotein,False,
bundit.b_s18.manbaritone_seq3_egfr-binder-70-100_beta_303_dldesign_6_lenght71,80,81,74,Miniprotein,False,
bundit.b_s18.manbaritone_seq5_egfr-binder-70-100_beta_303_dldesign_1_length71,75,85,73,Miniprotein,False,
bundit.b_s18.manbaritone_seq6_egfr-binder-70-100_beta_778_dldesign_0_length71,69,65,62,Miniprotein,False,
cameron.kroll.gertrude_gen3,75,77,67,Other,False,
cameron.kroll.gertrude_gen3_s69d_n61e,57,43,0,Other,False,
cameron.kroll.gertrude_gen5,73,47,0,Other,False,
cameron.kroll.gertrude_gen6,75,40,0,Other,False,
cameron.kroll.leitner,78,76,2,Other,False,
carson.vaux.baker1_18,45,51,42,Miniprotein,False,
cbrown.cbrown_0005_2_egfr_l81_s801188_mpnn1_model1,64,67,61,Miniprotein,False,
ccalia.paesani_lab_design1,86,81,70,Other,False,
ccalia.paesani_lab_design2,141,104,68,Other,False,
ccalia.paesani_lab_design3,111,108,2,Other,False,
ccalia.paesani_lab_design8,83,92,69,Other,False,
ccalia.paesani_lab_design9,102,87,64,Other,False,
cchallacombe.1,71,94,0,Nanobody,False,
cchallacombe.4,99,111,0,Nanobody,False,
cchallacombe.6,45,114,0,Nanobody,False,
chenceshi1105.steven_binder_design_l75_s60968_it100_mpnn0,77,78,73,Miniprotein,False,
chenceshi1105.steven_binder_design_l82_s44755_it100_mpnn6,70,71,57,Miniprotein,False,
chenceshi1105.steven_binder_design_l89_s48081_it100_mpnn4,54,57,51,Miniprotein,False,
christoph.gruber.binder12_1,48,53,28,Other,False,
christoph.gruber.upperbinder_scaffold1_lowerbinder,160,30,0,Other,False,
christoph.gruber.upperbinder_scaffold2_lowerbinder,190,65,2,Other,False,
christoph.gruber.upperbinder_scaffold3_lowerbinder,147,104,32,Other,False,
christoph.gruber.upperbinder_xten_lowerbinder,101,83,37,Peptide,False,
chrisxushaoyong.hu_nano1_1_ff3e18,73,40,0,Nanobody,False,
chrisxushaoyong.hu_nano1_3_eef94e,51,42,26,Nanobody,True,Medium
chrisxushaoyong.hu_nano1_5_559c85,46,65,0,Nanobody,False,
chrisxushaoyong.hu_nano2_2_7ef96e,64,83,0,Nanobody,True,Strong
chrisxushaoyong.hu_nano2_4_85252b,66,49,0,Nanobody,True,Strong
chuh.egfr_seg1_l58_s941869_mpnn2,43,38,36,Miniprotein,False,
chuh.egfr_seg2_l58_s53469_mpnn1,65,73,62,Miniprotein,True,Medium
chuh.egfr_seg2_l62_s244475_mpnn4,68,71,66,Miniprotein,False,
colby.tupegfr_001___anti-egfr_fv-like_protein_diffused_with_evodiff,97,182,3,scFv,False,
colby.tupegfr_006___anti-egfr_fv-like_protein_diffused_with_evodiff,79,138,0,scFv,False,
colby.tupegfr_010___anti-egfr_fv-like_protein_diffused_with_evodiff,51,133,2,scFv,False,
colby.tupegfr_012___anti-egfr_fv-like_protein_diffused_with_evodiff,63,167,1,scFv,True,Weak
colby.tupegfr_018___anti-egfr_fv-like_protein_diffused_with_esm3,85,126,0,scFv,False,
coreyhowe99.corey82,76,77,72,Miniprotein,False,
darius.szablowski.egfr_binder_1___top_binder_1,72,62,57,Other,False,
darius.szablowski.egfr_binder_2___ggggs_3_linked_top_binders_1_and_2,127,87,71,Other,False,
darius.szablowski.egfr_binder_3___ggggs_3_linked_top_binders_1_rev_and_2_rev,56,173,0,Other,False,
darius.szablowski.egfr_binder_4___ggggs_3_linked_top_binders_1_and_2_efficiently_evolved,95,89,0,Other,False,
darius.szablowski.egfr_binder_5___ggggs_3_linked_top_binders_1_and_2_efficiently_evolved_and_sapiens_evolved,145,87,0,Other,False,
deepsatflow.6aru_final_chain_a_domain_3_l138_s466479_mpnn9,91,93,83,Other,False,
deepsatflow.6aru_final_chain_a_domain_3_l142_s806907_mpnn1,69,69,61,Other,True,Weak
deepsatflow.6aru_final_chain_a_domain_3_l147_s945609_mpnn1,70,67,55,Other,True,Weak
dre.lgdl_egfr_001,39,80,0,Peptide,False,
dre.lgdl_egfr_008,41,50,5,Peptide,False,
duynth29.duy_l111_mpnn14,91,98,75,Other,False,
duynth29.duy_l111_mpnn14_i36m__l80m_l42m,88,103,57,Other,False,
duynth29.duy_l111_mpnn14_l80m_l42m,89,84,0,Other,False,
duynth29.l148_mpnn1,74,73,69,Other,False,
duynth29.l88_mpnn5,79,97,70,Other,False,
eceiiitn786.8s2,71,94,0,Peptide,False,
elian.elian1,87,86,80,Other,False,
elian.elian2,78,85,72,Other,False,
elian.elian3,81,79,71,Other,False,
elian.elian4,78,81,74,Other,False,
elian.elian5,87,84,78,Other,False,
enzo.morro.design_0_n_0_mpnn_1.117_plddt_0.713_i_ptm_0.082_i_pae_27.542_rmsd_25.669,71,72,0,Other,False,
enzo.morro.design_0_n_1_mpnn_1.085_plddt_0.817_i_ptm_0.076_i_pae_28.084_rmsd_25.372,86,112,2,Other,False,
enzo.morro.design_0_n_2_mpnn_1.120_plddt_0.858_i_ptm_0.072_i_pae_28.117_rmsd_30.276,75,131,0,Other,False,
fernando.meireles.design_hybrid_partial_diff_4_31_binder,85,80,39,Other,False,
fernando.meireles.design_hybrid_partial_diff_7_1_binder,75,127,10,Other,False,
fernando.meireles.design_hybrid_partial_diff_9_54_binder,75,98,2,Other,False,
fgndd1.fg_seq1,76,87,73,Other,False,
flowuenne.nf-proteindesign_design10,39,41,0,Miniprotein,False,
flowuenne.nf-proteindesign_design7,51,44,15,Miniprotein,False,
flowuenne.nf-proteindesign_design8,60,24,1,Miniprotein,False,
gitter.yolo23,72,73,64,Miniprotein,False,
gitter.yolo46,74,76,68,Miniprotein,False,
gitter.yolo48,56,56,50,Miniprotein,True,Weak
hughy.4krp_b_a_89_rnd3_full,31,61,0,Nanobody,False,
hughy.7om4_b_a_17_rnd2_v2_full,108,106,0,Nanobody,False,
hughy.7om4_b_a_180_rnd1_v1_full,45,73,4,Nanobody,False,
hughy.7om4_b_a_33_rnd2_v2_full,57,59,0,Nanobody,False,
hughy.7om4_b_a_8_rnd2_v2_full,50,50,0,Nanobody,False,
huiyu.cai.h3_15_2431_h,44,117,0,Nanobody,False,
huiyu.cai.h3_15_2847_h,55,44,20,Nanobody,False,
huiyu.cai.h3_15_3351_h,36,48,0,Nanobody,False,
huiyu.cai.h3_15_4373_h,57,51,0,Nanobody,False,
huiyu.cai.h3_15_877_h,82,90,3,Nanobody,False,
jack.li.egfrbindingcandidate_7,55,254,0,scFv,False,
jakublala.epitope_1_20aa.pdb,50,74,9,Peptide,False,
jakublala.epitope_1_30aa.pdb,48,40,35,Miniprotein,False,
jakublala.epitope_2_30aa_1.pdb,31,62,0,Miniprotein,False,
jakublala.full_dibinder_45aa.pdb,49,45,41,Peptide,False,
jakublala.full_dibinder_45aa_2.pdb,45,46,40,Miniprotein,False,
joaosartori2.c1,111,112,97,Peptide,True,Weak
joaosartori2.c3,108,118,103,Peptide,False,
joaosartori2.c4,122,122,105,Peptide,False,
joaosartori2.c6,110,115,94,Peptide,False,
joel.rf_diffusion_trim_3,61,111,0,Other,False,
jude.wells.21.6b3s_necitumumab_fused_trimmed_task_211_iter_150,72,77,67,scFv,False,
jude.wells.21.6b3s_necitumumab_fused_trimmed_task_89_iter_216,73,77,64,scFv,False,
jude.wells.21.6b3s_necitumumab_fused_trimmed_task_98_iter_184,73,74,69,scFv,False,
jude.wells.21.panitumumab_fused_trimmed_crossbreed3,67,93,59,scFv,False,
jude.wells.21.panitumumab_fused_trimmed_task_12_iter_123,67,83,11,scFv,False,
julian.faust.becotatugxpimurutamab_scfv,80,69,65,scFv,False,
julian.faust.demupitamab_mpnn_19_scfv,73,65,62,scFv,False,
julian.faust.pimurutamab_mpnn_17_scfv,73,74,63,scFv,True,Medium
julian.faust.pimurutamab_mpnn_18_scfv,71,70,63,scFv,True,Weak
julian.faust.pimurutamabxbecotatug_scfv,76,72,66,scFv,False,
julie.jg26n,53,68,52,Miniprotein,False,
julie.rj0aa,56,54,51,Miniprotein,False,
julie.ryfqy,51,50,47,Miniprotein,False,
junhee.park1999.egfr_binder_6,73,74,66,scFv,False,
junhee.park1999.egfr_binder_7,74,76,67,scFv,False,
junhee.park1999.egfr_binder_9,72,70,61,scFv,False,
jvogt4.vogt_scfv_0128,64,93,6,scFv,True,Medium
jvogt4.vogt_scfv_2009,45,94,19,scFv,True,Medium
jvogt4.vogt_scfv_2143,68,92,13,scFv,True,Medium
jvogt4.vogt_scfv_2279,60,99,12,scFv,True,Weak
jvogt4.vogt_scfv_2470,50,86,0,scFv,True,Medium
karmanyaaggarwal.ds002542,45,60,0,Nanobody,False,
karmanyaaggarwal.ds003076,48,59,22,Nanobody,False,
karmanyaaggarwal.ds004729,46,53,24,Nanobody,False,
keaun.gafpvvfkadiarvsefvaigpstgylgslttmsgvnq,59,106,0,Peptide,False,
keaun.gifgvvfkadiarvsidvaidystgylgslttfsgcnq,18,117,0,Peptide,False,
keaun.gwfgvvfkadiagvsekvaielsggyegslttpsgwnq,54,111,0,Peptide,False,
keaun.gwfgvvfkadiardsefvailesqgylssittfsgwnq,51,128,0,Peptide,False,
keaun.gwfgvvfkadiarvsefvaiglstgplgsestfsiwrq,47,102,3,Miniprotein,False,
kerrding.seq5,101,101,87,Peptide,True,Weak
kerrding.seq6,100,104,90,Peptide,True,Weak
kerrding.seq7,109,112,104,Peptide,False,
kerrding.seq8,113,112,105,Peptide,False,
kerrding.seq9,34,112,4,Peptide,False,
klima.jason.8hgo_design_4yyaf_0_0,72,158,60,Other,False,
klima.jason.8hgo_design_8gswy_1_2,98,85,0,Other,False,
klima.jason.8hgo_design_94eja_1_5,40,166,0,Other,False,
klima.jason.8hgo_design_jt8s1_0_3_proteinmpnn_20,131,106,1,Other,False,
klima.jason.8hgo_design_vdcjs_1_2,71,76,0,Other,False,
kurumida.yoichi.mg_05,53,54,48,Miniprotein,True,Medium
lennart.nickel.egfr_l114_s69310_mpnn7,71,73,63,Other,False,
lennart.nickel.egfr_l139_s63093_mpnn2,64,69,54,Other,False,
lennart.nickel.egfr_l170_s20625_mpnn10,83,93,70,Other,True,Weak
lennart.nickel.egfr_l179_s82283_mpnn1,55,58,50,Other,True,Medium
lennart.nickel.egfr_l98_s70756_mpnn3,66,71,62,Other,False,
lhallee.lhallee_128_driveid_1_2,76,181,0,Other,False,
lhallee.lhallee_128_driveid_3_4,53,87,1,Other,False,
lhallee.lhallee_20_on_target_2000,41,66,13,Miniprotein,False,
lhallee.lhallee_40_full_driveid_8_9,35,115,0,Peptide,False,
lhallee.lhallee_40_target_driveid_10,42,106,5,Peptide,False,
lyu.1,82,74,69,Other,False,
lyu.2,90,85,77,Other,False,
lyu.3,75,72,65,Other,False,
markus.braun.egfr_binder_1,136,173,1,Other,False,
markus.braun.egfr_binder_3,163,79,0,Other,False,
markus.braun.egfr_binder_6,139,120,103,Other,False,
markus.braun.egfr_binder_7,149,74,0,Other,False,
markus.braun.egfr_binder_8,160,160,138,Other,False,
martin.egfr_l111_s89744_mpnn1,47,60,37,Other,False,
martin.egfr_l121_s46924_mpnn18,88,84,76,Other,False,
martin.egfr_l142_s75963_mpnn1,75,90,50,Other,False,
martin.egfr_l165_s31019_mpnn3,73,67,52,Other,False,
martin.egfr_l177_s77884_mpnn7,55,75,5,Other,False,
maxall4.egfr_ed_binder_l124_s860500_mpnn1_model1_unrelaxed_rank_001_alphafold2_multimer_v3_model_1_seed_000_top1_mutation_d81n_round1_chain_a,99,101,91,Other,False,
maxall4.egfr_ed_binder_l132_s581930_mpnn1_model1_unrelaxed_rank_001_alphafold2_multimer_v3_model_1_seed_000_top1_mutation_r79a_round1_chain_a,74,71,66,Other,False,
maxall4.egfr_ed_binder_l134_s906486_mpnn2_model1_unrelaxed_rank_001_alphafold2_multimer_v3_model_1_seed_000_top1_mutation_g108s_round1_y80d_chain_a,73,73,66,Other,False,
maxall4.egfr_ed_binder_l134_s906486_mpnn2_model1_unrelaxed_rank_001_alphafold2_multimer_v3_model_1_seed_000_top1_mutation_g108s_round1_chain_a,74,79,69,Other,False,
maxall4.egfr_trim_l126_s498823_mpnn2_model1_unrelaxed_rank_001_alphafold2_multimer_v3_model_1_seed_000_top1_mutation_l39g_round1_chain_a,71,76,62,Other,False,
mchrnwsk.marta_chronowska_dom1_l99_s666690_mpnn16,66,69,54,Other,False,
merlettaia.seq0v3,105,71,0,Nanobody,False,
merlettaia.seq0v4,50,59,22,Nanobody,False,
merlettaia.seq52v3,51,43,0,Nanobody,False,
merlettaia.seq6v4,23,46,0,Nanobody,False,
merlettaia.seq70v3,62,93,14,Nanobody,False,
minji.lee.111,83,14,0,Miniprotein,False,
minji.lee.3458,48,100,0,Other,False,
minji.lee.386,31,111,0,Miniprotein,False,
minji.lee.3995,47,62,17,Miniprotein,False,
minji.lee.459,56,72,5,Miniprotein,False,
mlange05.a,72,61,0,Other,False,
mlange05.b,89,86,78,Other,False,
mlange05.c,52,75,4,Other,False,
mosquitolkfo.nab_design_1,69,129,0,Nanobody,False,
mosquitolkfo.nab_design_3,68,101,0,Nanobody,True,Weak
mosquitolkfo.nab_design_6,67,109,0,Nanobody,False,
mosquitolkfo.nab_design_7,69,83,0,Nanobody,False,
mosquitolkfo.nab_design_9,73,86,0,Nanobody,False,
nhaas.2,80,88,41,scFv,False,
nhaas.3,75,79,4,scFv,False,
nhaas.4,68,134,6,scFv,False,
nhaas.6,52,89,0,scFv,False,
nhaas.8,74,69,10,scFv,False,
nicholas-schnicker.schnick_04,68,62,60,Other,False,
niklas.7a72d922-1677-4fc8-9315-d7996ba05d8e_l150_s530325711_mpnn12,61,65,55,Other,False,
niklas.95b59203-b642-4754-bcd3-8e670a722c8d_l91_s349792600_mpnn19,38,38,36,Other,False,
niklas.95b59203-b642-4754-bcd3-8e670a722c8d_l91_s349792600_mpnn2,45,44,39,Other,False,
niklas.e5a28fa3-3501-41c2-922c-ec848e0bc020_l81_s514858345_mpnn4,82,85,79,Miniprotein,False,
niklas.ee4629a9-322f-48f0-884d-8f4418db9bce_l151_s241659642_mpnn11,95,80,73,Other,False,
nitesh.mishra3.stepwise_egf_based_egfr_binder_3,44,105,5,Peptide,False,
nitesh.mishra3.stepwise_rfdiff_egfr_binder_1,51,54,48,Peptide,False,
nitesh.mishra3.stepwise_scaffold_egfr_binder_6,52,54,49,Peptide,False,
noah.holzleitner.noah_egfr-binder_1,67,61,58,Miniprotein,False,
noah.holzleitner.noah_egfr-binder_2,62,64,57,Miniprotein,False,
noah.holzleitner.noah_egfr-binder_3,74,77,70,Miniprotein,False,
noah.holzleitner.noah_egfr-binder_4,49,47,44,Miniprotein,False,
noah.holzleitner.noah_egfr-binder_8,73,77,62,Miniprotein,False,
pastei5.egfr_binder_01,42,90,0,Peptide,False,
paulafcfranklin.synth_rosetta_1,113,111,103,Peptide,True,Weak
paulafcfranklin.synth_rosetta_10,112,114,102,Peptide,False,
paulafcfranklin.synth_rosetta_2,112,112,102,Peptide,False,
paulafcfranklin.synth_rosetta_3,115,110,103,Peptide,False,
paulafcfranklin.synth_rosetta_4,112,110,101,Peptide,False,
paulafcfranklin.synth_rosetta_5,113,116,107,Peptide,False,
paulafcfranklin.synth_rosetta_6,114,114,105,Peptide,False,
paulafcfranklin.synth_rosetta_7,115,110,101,Peptide,False,
paulafcfranklin.synth_rosetta_8,114,112,104,Peptide,False,
paulafcfranklin.synth_rosetta_9,113,113,103,Peptide,False,
praghava531.seq2,33,89,23,Other,False,
qilin_y.test4,38,93,0,Miniprotein,False,
qilin_y.test5,57,50,0,Miniprotein,False,
qilin_y.test6,54,110,16,Other,False,
qilin_y.test7,40,39,0,Peptide,False,
qilin_y.test8,27,47,0,Peptide,False,
qxy615.s1_rfd_base_46_60,35,63,0,Miniprotein,False,
qxy615.s1_rfd_base_46_94,54,48,38,Miniprotein,False,
qxy615.s1_rfd_comp_beta_782_81,43,51,0,Miniprotein,False,
qy.qilin.yu.10-13-21_sample267_complex_42_complex,60,112,6,Peptide,False,
revoli.mutated_nab_5,105,50,0,Nanobody,False,
revoli.mutated_nab_8,121,79,0,Nanobody,False,
revoli.mutated_nab_9,100,87,0,Nanobody,False,
rohith.mohan.model_67_69_2,61,70,31,Miniprotein,False,
round1zeroshot.k5q_n70s_k71r_n73t_s87t_n88d_r179k_k183r_e213d_s214p,71,70,64,scFv,True,Strong
s1995825.cotimed_egf_netsolp_usability_1,100,108,95,Peptide,False,
s1995825.cotimed_egf_netsolp_usability_2,102,110,98,Peptide,False,
s1995825.cotimed_egf_netsolp_usability_3,98,106,91,Peptide,False,
s1995825.cotimed_egf_netsolp_usability_4,105,105,89,Peptide,False,
s1995825.cotimed_egf_netsolp_usability_5,97,105,84,Peptide,True,Weak
s1995825.cotimed_egf_netsolp_usability_6,100,111,93,Peptide,False,
s1995825.cotimed_egf_netsolp_usability_7,62,108,0,Peptide,False,
s1995825.cotimed_egf_netsolp_usability_8,101,102,85,Peptide,False,
s1995825.timed_egf_netsolp_usability_consensus_1,100,104,88,Peptide,False,
s1995825.timed_egf_netsolp_usability_consensus_2,98,102,87,Peptide,False,
salireza111.seq119_3_001_8,32,43,0,Miniprotein,False,
salireza111.seq166_1_001_7,59,41,34,Miniprotein,False,
salireza111.seq166_3_002_4,54,87,48,Miniprotein,False,
salireza111.seq166_7_003_9,55,105,6,Miniprotein,False,
salireza111.seq206_1_001_6,61,43,0,Peptide,False,
silvia.toscani.b_egfr_6,70,52,0,Miniprotein,False,
spacecruiser42.d2_prompt_binder_t0.8_42,35,67,4,Miniprotein,False,
spacecruiser42.d2_prompt_binder_t0.8_88,36,30,22,Miniprotein,False,
spacecruiser42.d2_prompt_binder_t1.0_139,43,69,0,Miniprotein,False,
spacecruiser42.d2_prompt_binder_t1.0_22,45,67,6,Miniprotein,False,
spacecruiser42.d2_prompt_binder_t1.0_37,34,50,0,Miniprotein,False,
ssomani.17,50,51,42,Other,False,
stocco.filippo.1.3.3.18_13_0_iteration12_1.0279718223732435,49,100,42,Peptide,False,
stocco.filippo.1.3.3.18_37_0_iteration3_1.024851931427025,49,102,38,Peptide,False,
stocco.filippo.1.3.3.18_40_0_iteration12_1.0321554292304749,113,118,101,Peptide,True,Medium
stocco.filippo.1.3.3.18_4_2_iteration0_1.0407930462953479,113,110,101,Peptide,True,Medium
stocco.filippo.1.3.3.18_51_2_iteration3_1.0356664070457622,108,112,93,Peptide,False,
stocco.filippo.1.3.3.18_65_0_iteration3_1.028317065130863,112,119,101,Peptide,True,Medium
tadaskluonis.cotimed_egf_bcseq_0,100,95,62,Peptide,False,
tadaskluonis.cotimed_egf_bcseq_1,106,113,98,Peptide,False,
tadaskluonis.cotimed_egf_bcseq_2,99,114,93,Peptide,False,
tadej.satler.egfr_binder_3,75,130,73,Other,False,
tarkhov.andrey.erithacus_rubecula_gigantus_1,78,202,1,Other,False,
tarkhov.andrey.erithacus_rubecula_gigantus_4,84,147,1,Other,False,
tarkhov.andrey.erithacus_rubecula_gigantus_7,85,173,0,Other,False,
tarkhov.andrey.erithacus_rubecula_gigantus_8,89,192,5,Other,False,
tarkhov.andrey.erithacus_rubecula_gigantus_9,38,256,0,Other,False,
tiejun.wei.egfr_binder_design_208_dldesign_10_af2pred.pdb_a,120,114,88,Miniprotein,False,
tim.silica_corpora_regions_sampled_epitope_0_generated_variant_6_rank_7_phase_2,28,128,0,Nanobody,False,
tim.silica_corpora_regions_sampled_epitope_2_generated_variant_8_rank_3_phase_2,96,98,0,Nanobody,False,
tim.silica_corpora_sampled_epitope_0_generated_variant_1_rank_8_phase_2,50,63,0,Nanobody,False,
tim.silica_corpora_sampled_epitope_0_generated_variant_8_rank_1_phase_2,49,50,34,Nanobody,False,
tim.silica_corpora_sampled_epitope_2_generated_variant_9_rank_6_phase_2,64,130,27,Nanobody,False,
toluwase.fatoki.toluwase_sequence3_119,33,153,1,Other,False,
toluwase.fatoki.toluwase_sequence4_148,75,64,0,Other,False,
toluwase.fatoki.toluwase_sequence6_112,61,134,0,Other,False,
wtj19921231.egfr_binder_design_208_dldesign_0_cycle1_run5_af2pred.pdb_a,66,117,4,Miniprotein,False,
x.rustamov.p_vhh_partial_1_32,51,101,0,Nanobody,False,
x.rustamov.traj_11_8_model_5_0,62,74,0,Nanobody,False,
x.rustamov.traj_4_8_model_1_5,64,90,0,Nanobody,False,
x.rustamov.traj_6_1_model_1_8,77,87,0,Nanobody,False,
x.rustamov.traj_9_8_model_1_0,40,94,0,Nanobody,False,
xiuming_li2015.eureka_seq_1,76,69,17,scFv,False,
xiuming_li2015.eureka_seq_3,77,37,4,scFv,False,
xiuming_li2015.eureka_seq_4,76,70,3,scFv,False,
youngsuko2000.fast4,120,117,101,Peptide,False,
youngsuko2000.last,123,115,101,Peptide,False,
youngsuko2000.queen,124,125,111,Peptide,True,Medium
z_peplib.pepseq_design_6,48,115,5,Peptide,False,
z_peplib.pepseq_design_8,34,106,0,Miniprotein,False,
z_peplib.pepseq_design_9,66,94,0,Peptide,False,
zalavi.shortrustamov_ggg_zalavi3,158,137,122,Other,False,
zalavi.zalavi3_ggg_shortpacesa,75,87,68,Other,False,
zalavi.zalavi3_mergedaltered_rustamov,152,91,79,Other,False,
zhoup1366.dbz1___a,50,46,28,Nanobody,False,
zhoup1366.dbz10___a,49,47,0,Nanobody,False,
zhoup1366.dbz6___a,46,57,29,Nanobody,False,
zhoup1366.dbz7___a,50,47,0,Nanobody,False,
zhoup1366.dbz8___a,49,91,0,Nanobody,False,
zulfatmi.pocket1pep78,71,62,0,Peptide,False,
zulfatmi.pocket2pep63,24,57,2,Peptide,False,
zulfatmi.pocket7pep42,34,31,0,Peptide,False,
