complex_id,mean_plddt_A,mean_plddt_B,interface_pae_AB,interface_contact_mean,interface_contact_max,interface_contact_sum
724928537.dbz6___a,77.77472824577951,87.22123903244083,29.97710523823056,0.0006619846006035263,0.17,48.919999999999995
724928537.dbz7___a,79.86208947468485,87.55877850803775,28.643137254901962,0.0005893178527449628,0.2,43.550000000000004
724928537.dbz8___a,79.54150943855325,87.19022880541328,28.75825789252899,0.0008503498017564515,0.29,62.84000000000001
a.tucs.andrejs_tucs_seq1,85.43216352471259,86.8045287246146,11.587076438140269,0.0028666872237640044,0.99,83.67
a.tucs.andrejs_tucs_seq10,84.83512849886795,86.71216652321725,11.95023469352794,0.002774522904032617,0.99,80.98
a.tucs.andrejs_tucs_seq2,83.47874158754607,86.26774416951439,13.88687086716689,0.002842703943536506,0.99,82.97
a.tucs.andrejs_tucs_seq3,86.03211758268581,86.77619643601075,11.681327303251447,0.00300613286737246,0.99,87.74
a.tucs.andrejs_tucs_seq4,86.17856807682973,87.79464510128055,11.406934594168638,0.0027854866892794736,0.99,81.3
a.tucs.andrejs_tucs_seq5,87.46655647659875,87.27487758461338,11.283554322129714,0.002910199746462466,0.98,84.94
a.tucs.andrejs_tucs_seq6,82.35613330888089,90.32072621851522,15.449299345599066,0.0013156542296227773,0.96,38.4
a.tucs.andrejs_tucs_seq7,85.64181491902696,87.38892148041397,11.894117243978483,0.002690238804947408,0.99,78.52
a.tucs.andrejs_tucs_seq8,87.07644134929762,86.42063771499299,11.062407921334842,0.002830712303422757,0.99,82.62
a.tucs.andrejs_tucs_seq9,85.0776434377107,86.17851326425813,12.299280501593174,0.002702915681639086,0.99,78.89
akash.arunabharathi.design10,43.543209455807066,87.61645089673537,30.11914800175669,0.0017614551310203485,0.2,48.13
akash.arunabharathi.design3,42.2661445836969,87.73800996841742,30.170275215927393,0.0018946713511930901,0.21,51.769999999999996
akash.arunabharathi.design4,58.84985556857294,87.59917743905176,30.403818877904687,0.0005413187446012093,0.5,50.76
akash.arunabharathi.design8,55.14979425114582,87.4064826694058,30.628020362578567,0.0006311360448807855,0.17,60.75000000000001
akash.arunabharathi.design9,52.788584391576,86.17436557243606,31.108114606291323,0.00046787921963237537,0.13,63.050000000000004
alan.blakely.12_3,73.46167608924324,90.43015684412474,18.920215696245446,0.0005898804983473176,0.99,83.52000000000001
alan.blakely.12_6,71.5867350045447,90.82997995851397,19.33614642483826,0.0005773088114811991,0.99,81.74000000000001
alan.blakely.16_2,74.11790532070476,90.77586556685567,19.25354540244002,0.000604888233849177,0.97,88.64999999999999
alecl.relaxeda,73.25039617295148,85.95717887666666,22.269938808373592,0.0022466988727858294,0.76,69.76
alecl.unrelaxeda,82.10154556314048,87.35640866032402,15.226895330112722,0.0026334943639291465,0.98,81.77
alejandro.corrochano-navarro.eng_scfv_binder_1,86.69057335734605,90.15156619019228,14.819535483526103,0.0003755153313154396,0.87,56.2
alejandro.corrochano-navarro.eng_scfv_binder_2,86.38258777078978,89.97578774763444,15.304849626823286,0.00037310989502943316,0.86,55.839999999999996
alejandro.corrochano-navarro.eng_scfv_binder_3,86.80214442042025,90.08079123185802,14.927231543287833,0.0003738448894501574,0.86,55.95
alessio.daddio.ad_1,88.12166003797726,90.45464940192113,10.659468599033818,0.0012977276793701917,0.98,72.53000000000002
alessio.daddio.ad_4,87.15554138470293,90.20511679241793,10.707860976918948,0.002041867954911433,0.98,76.08
alessio.daddio.ad_9,87.64291599763409,90.23284908472674,11.881281803542675,0.0005288244766505635,0.97,49.26
alex.naka.blastoise,83.80456392269247,87.26727394825937,11.416287946561699,0.0026259915309834797,0.95,88.06
alex.naka.charizard,79.19383611765011,90.46140643598025,15.845181606727502,0.0013737699051708714,0.97,38.39
alex.naka.charmander,84.95945980830587,87.32105209204936,10.993672093994157,0.0027196278404007877,0.97,91.20000000000002
alex.naka.charmeleon,83.22268111118392,90.17963428130473,14.96193236714976,0.0015773841474324565,0.95,44.08
alex.naka.ivysaur,76.0497646957784,86.11838473698789,17.32736625514403,0.002298264448022902,0.91,77.07000000000001
alex.naka.squirtle,85.48053439735644,86.79033159243745,11.082553945249597,0.002791304347826087,0.98,86.67
alex.naka.venusaur,79.83784902392355,90.12267968847776,14.990219001610306,0.001198389694041868,0.97,37.21
alex.naka.wartortle,83.63267972434544,86.86663672906707,12.097897656110215,0.002586926701258424,0.96,86.74999999999999
ali.rasouli.intern.model_77_142_3,76.64827672458952,89.68030315184552,16.52555413469736,0.001145685327271005,0.87,48.38
allongoldberg.3_52,55.06623015845492,86.85515856867931,29.072897086810134,0.0010742204655248132,0.21,36.69
allongoldberg.3_52_10_refined_ideal,64.33355345355828,87.91627319508778,28.77917728004684,0.0009178743961352657,0.27,31.35
allongoldberg.3_52_1_refined,74.80533547369025,88.37610028332958,19.471029131898696,0.0011837212706777925,0.8,40.43
allongoldberg.4_44,59.81286782679988,86.22016111794153,29.8801302247427,0.00039055753926579384,0.14,33.47
allongoldberg.4_44_0_refined,77.28583813717019,86.25128281714319,27.34488086069687,0.000417979416089057,0.25,35.82000000000001
allongoldberg.4_44_14_refined_ideal,78.3997298893098,86.33970898751917,26.409155406193847,0.00042253028075334316,0.32,36.21
amelie.schreiber.model_56_119_15,86.18855713974885,90.70460606603326,10.771514993254124,0.001194020107063585,0.96,54.86999999999999
amelie.schreiber.model_60_151_9,76.70558808462629,89.72469977552522,17.46800211005608,0.001495363429396413,0.88,53.86
amelie.schreiber.model_83_156_16,83.16672450398266,90.19358212888373,12.20784365393061,0.0009073342116820378,0.98,61.98
amirm.mhosseini.seq1,84.45427931464481,87.57803926098151,11.871178207192699,0.002597155126140634,0.99,96.77000000000001
amirm.mhosseini.seq3,78.69973351808775,90.21229162475727,15.973211193145566,0.0016048369945006532,0.97,52.82
amirm.mhosseini.seq4,75.8955516929653,89.72406973566888,17.924759213684563,0.0017130009418770697,0.97,56.379999999999995
amirm.mhosseini.seq9,75.28215972179261,89.39352101142055,18.979938018412177,0.0016431197399203962,0.94,54.08
amirmhosseini47.mohammad_seq2,80.82595096468802,87.77627198841269,13.687968714055671,0.002149528410397976,0.99,93.44000000000001
antorsae.t0.1_sample939_score0.9451_global_score1.3625_seq_recovery0.4250,84.33046399640142,90.96771252334975,14.674480676328502,0.00131682769726248,0.98,32.71
antorsae.ta397unsafety_2,83.21147383554774,88.77383134021115,17.69728142464715,0.0013057686842853082,0.85,27.569999999999997
antorsae.ta525_0_0,83.95154742144575,90.84609253582339,14.670056360708536,0.001285024154589372,0.98,31.92
antorsae.ta_4_4,60.66137403038157,88.47498900187531,28.17696759259259,0.0019072061191626407,0.29,37.9
antorsae.ta_4_5,61.82802091566637,88.60592133052123,26.882006129551716,0.0018747078073866295,0.29,36.09
antorsae.ta_5_1,88.0938884261144,90.4684344683831,13.495780051150897,0.0012048877522023303,0.97,25.44
antorsae.ta_5_2,60.1311986317335,88.42028382126843,28.897970038549747,0.0018006148440931052,0.21,36.900000000000006
antorsae.ta_5_3,62.47607596103333,88.78115067311903,28.256400966183573,0.0018503421900161032,0.3,36.77
areddy.egfr_l169_s781475,86.51458497756306,89.55183646831748,12.167046851327786,0.0006097247234370981,0.99,63.99000000000001
aswini.clipgen30,36.46308099786001,86.98460306444314,29.87958847736626,0.0017226695294328145,0.22,48.14
aswini.seed1,39.271134666726354,87.03463886255015,29.38732367149759,0.0022666666666666664,0.13,70.38
aswini.seed1_1,42.22069707017268,87.48368282765742,29.15417713365539,0.002261191626409018,0.2,70.21000000000001
aswini.seed2_1,50.7578009054272,87.70632432087915,28.892112721417067,0.001964251207729469,0.14,60.99
aswini.seed2_3,47.962104658475,87.25499115019154,28.52942351046699,0.0020444444444444447,0.26,63.480000000000004
aswinijavadi160197.8_a,74.10862610763974,89.10140653374293,28.472338164251205,0.00022995169082125602,0.1,14.28
aureliabustos.bce_var433,88.19630574401151,87.88371832588842,10.33429307568438,0.0027471819645732694,0.99,85.30000000000001
aureliabustos.bce_var464,88.30206214818638,88.72227735568394,9.770421900161029,0.0027561996779388084,0.99,85.58
aureliabustos.bce_var702,88.07359489707342,88.43184831572917,9.653014492753622,0.0027140096618357493,0.99,84.27000000000001
aureliabustos.wt_noised_i_scaffold_shorted_var71,87.34423098085328,86.7648154421533,11.093921884373717,0.0026194310252281266,0.99,82.96
aureliabustos.wwt_noised_i_scaffold_shorted_var6640,86.97408243960545,86.83666057289003,11.13924726090114,0.0026311136370812415,1.0,83.33
aureliabustos.wwt_noised_i_scaffold_shorted_var7524,86.17823650171601,87.18342551797397,10.651943418269079,0.002609011398440213,1.0,82.63
aureliabustos.wwt_noised_i_scaffold_shorted_var8423,86.75631589387365,86.53623193093672,11.341817435508826,0.0026323766221464434,0.99,83.37
aureliabustos.wwt_noised_i_scaffold_shorted_var9391,86.80396127903721,86.6668005557736,11.515897824508226,0.0026105901297717154,0.99,82.67999999999999
baptiste.roelens.ognk,86.71872267689172,89.55632899669045,11.392926155969633,0.0017420059811364158,0.99,60.58
begonia.sp.13.egfr_l110_s478327_mpnn7_model2,86.01206316917411,89.69560436770384,10.940645586297762,0.00099795051968965,0.99,68.17
begonia.sp.13.egfr_l61_s456546_mpnn1_model1,82.4764883825451,90.51593236955904,14.029352445817166,0.0010440590269528258,0.95,39.55
begonia.sp.13.egfr_l88_s11832_mpnn1_model2,81.33026984840431,89.62425608723711,12.831829161176987,0.001071036451471234,0.98,58.529999999999994
binom16.pocket1pep15,46.15784543638793,88.40543169818574,26.348566827697265,0.002659151905528717,0.52,24.77
binom16.pocket2pep86,37.57220507515715,88.5979795986237,27.609410225442833,0.003864734299516909,0.51,38.400000000000006
binom16.pocket2pep89,51.9451298361065,88.55568763714393,25.71901108269395,0.0029781187837453825,0.58,31.44
binom16.pocket3pep98,66.47493608479861,89.79449394661027,18.104640608988436,0.002315180793441663,0.83,31.63
binom16.pocket7pep80,29.76970464789233,88.96214496540249,29.086473429951692,0.003883679075494933,0.09,41.00000000000001
biolucasmachado.engineered_binder_1,64.93775705050288,89.30850200837705,25.2180965073019,0.0013168415792103947,0.82,47.43
biolucasmachado.engineered_binder_2,68.54302823583053,89.22485462327127,26.840388139263702,0.001224110167138653,0.47,44.09
biolucasmachado.engineered_binder_3,82.47248628094911,88.18745898554135,13.50697689703901,0.0027424496368595747,0.95,83.45
biolucasmachado.engineered_binder_4,84.21920762390214,87.84626842153737,11.887014825920373,0.0027702815259037145,0.99,99.77999999999999
biolucasmachado.engineered_binder_5,87.9273200554011,87.59461065647592,10.613709277839714,0.0028864734299516906,0.99,93.21
biolucasmachado.engineered_binder_6,83.1889227981798,87.24484764127492,12.141376533955246,0.002677272474873674,0.97,96.42999999999999
biolucasmachado.engineered_binder_7,86.04908292772474,87.06420880928651,12.000513632072852,0.002547615081348215,0.94,91.76
biolucasmachado.engineered_binder_8,80.46322185386381,87.5449388230349,13.639949469709588,0.0025720473096784943,0.94,92.64
biolucasmachado.engineered_binder_9,75.3578291370067,86.01653499155368,20.774757632521606,0.0018140589569160999,0.72,55.2
briannaughton.1_plus_2,75.63091825825855,89.00595359902788,22.25473429951691,0.0005342351046698872,0.84,82.94
briannaughton.1_plus_egfr,76.90351346121501,90.48734326388936,17.747753107573196,0.0008153859578147434,0.92,102.78999999999999
briannaughton.2_plus_1,77.02747305879635,88.18978532190059,21.203053140096618,0.0006023188405797101,0.97,93.50999999999999
briannaughton.2_plus_2,69.18154248743792,89.00591582542104,23.988412153572334,0.0005950363025115123,0.68,84.25
briannaughton.egfr_plus_egfr,60.870472292960805,88.88408786248414,26.047233085397334,0.0011323262530992,0.63,88.6
bronte.egfr_binder_4_91,74.98224683205773,87.08988538015645,28.811837813287084,0.0006717866138155993,0.28,32.54
bundit.b_s18.manbaritone_seq3_egfr-binder-70-100_beta_303_dldesign_6_lenght71,86.85681580525551,90.09478066708262,10.759740083010136,0.001774511805130299,0.97,78.24000000000001
bundit.b_s18.manbaritone_seq5_egfr-binder-70-100_beta_303_dldesign_1_length71,86.5748535577663,90.45750959992598,10.05181783130344,0.001747748973713456,0.99,77.05999999999999
bundit.b_s18.manbaritone_seq6_egfr-binder-70-100_beta_778_dldesign_0_length71,88.25369001781277,90.12935420139709,9.68723322219954,0.0014966773264385024,0.98,65.99000000000001
cameron.kroll.gertrude_gen3,87.26377383239597,90.24690412335644,10.85720091579305,0.0006281288682944998,0.98,57.34
cameron.kroll.gertrude_gen3_s69d_n61e,79.50606257922963,87.29468221193213,28.128723695597404,0.0002920459649238117,0.18,26.66
cameron.kroll.gertrude_gen5,79.73535620688764,87.25045111283555,28.444825659732494,0.0002463658571319027,0.08,22.490000000000002
cameron.kroll.gertrude_gen6,79.35552461623041,87.08951623003436,29.034759604324822,0.00026060665812218607,0.17,23.79
cameron.kroll.leitner,87.19265757721084,89.89545731806484,10.409108635402632,0.0005926364104417935,0.96,54.10000000000001
carson.vaux.baker1_18,81.00330997655679,89.36119794346996,15.856452372104547,0.0010201907593211943,0.84,41.18000000000001
cbrown.cbrown_0005_2_egfr_l81_s801188_mpnn1_model1,88.42102332529294,90.41867119358525,10.623778851315084,0.0007003836901850857,0.99,35.23
ccalia.paesani_lab_design1,70.48261073099651,88.06086187323015,25.37686505108102,0.0005285631319130963,0.91,80.09
ccalia.paesani_lab_design2,69.91341190844904,88.2424109236392,25.513199812130967,0.000546833064949007,0.85,81.50000000000001
ccalia.paesani_lab_design3,69.96546616680745,88.50633578719693,25.32122085549196,0.00054885722404904,0.88,81.12000000000002
ccalia.paesani_lab_design8,73.95836032032507,89.63075885613804,24.40555689747719,0.0005249597423510467,0.97,78.24000000000001
ccalia.paesani_lab_design9,71.05217238871121,87.07253914021076,24.60939899655315,0.000562209712407341,0.92,84.49000000000001
cchallacombe.1,73.07989965007947,87.32888039577355,30.095237210454602,0.0006485816920599529,0.06,52.36
cchallacombe.4,75.19816669579602,87.7818660656297,28.821334076551466,0.0006555183946488295,0.35,52.92
cchallacombe.6,76.20678401956766,87.51539769095008,29.992692587398054,0.0006247727390784894,0.11,48.11
cetuximab_scfv,88.24091396804876,90.64255957749702,12.565945035780862,0.00042823447658374593,0.99,64.09
chenceshi1105.steven_binder_design_l75_s60968_it100_mpnn0,84.69011131707174,89.85302367952082,12.148691358024692,0.001379495437466452,0.96,64.25
chenceshi1105.steven_binder_design_l82_s44755_it100_mpnn6,90.67216424239842,91.02091549899707,9.823335689878638,0.0010425749185028082,0.99,53.09
chenceshi1105.steven_binder_design_l89_s48081_it100_mpnn4,90.93244303617755,90.41187381157712,10.141294396497134,0.0008581664224067741,0.99,47.43
christoph.gruber.binder12_1,68.26496245744595,89.41728008590027,20.831971051511278,0.0006729968349158753,0.89,36.35999999999999
christoph.gruber.upperbinder_scaffold1_lowerbinder,74.35940999185699,83.07856430876608,23.436251162368738,0.0008327096232791271,0.84,73.42999999999999
christoph.gruber.upperbinder_scaffold2_lowerbinder,68.59162182627124,85.64295331806912,24.63653034593814,0.0012110611360986174,0.75,87.24000000000001
christoph.gruber.upperbinder_scaffold3_lowerbinder,78.22933386384584,86.34294225149078,20.50661474818147,0.0011041701371536452,0.95,79.53999999999999
christoph.gruber.upperbinder_xten_lowerbinder,49.336624753673696,89.67863533747716,25.231308948700253,0.0012447920660481047,0.88,48.699999999999996
chrisxushaoyong.hu_nano1_1_ff3e18,76.16137547094452,87.19320487116488,29.873692275725933,0.0006487974650667499,0.1,49.96000000000001
chrisxushaoyong.hu_nano1_3_eef94e,80.2246325742664,86.9791623748374,29.577119370422317,0.0005604903641369279,0.28,43.16
chrisxushaoyong.hu_nano1_5_559c85,80.6376705282145,87.41652293850247,29.008857981403565,0.0005173757207417797,0.31,39.84
chrisxushaoyong.hu_nano2_2_7ef96e,81.08970975919198,88.34673041864573,21.7040168891932,0.0006158469321769561,0.75,48.57
chrisxushaoyong.hu_nano2_4_85252b,84.63233408523253,89.13475880582233,16.523709536307962,0.0007172835279648015,0.85,56.57
chuh.egfr_seg1_l58_s941869_mpnn2,87.7717877890249,89.97894179195745,10.124840357598979,0.0007984896440668554,1.0,28.759999999999998
chuh.egfr_seg2_l58_s53469_mpnn1,86.95948411854735,90.31821494235041,9.827533455494475,0.001477316897107002,1.0,53.209999999999994
chuh.egfr_seg2_l62_s244475_mpnn4,86.42222535691548,90.00870156835317,10.502708950184408,0.0014316139421328763,0.98,55.12
colby.tupegfr_001___anti-egfr_fv-like_protein_diffused_with_evodiff,44.87731546090857,86.70472941729994,30.54110338164251,0.00037256038647342994,0.12,57.839999999999996
colby.tupegfr_006___anti-egfr_fv-like_protein_diffused_with_evodiff,64.68298849077019,87.3453494717279,29.284181642512078,0.00044760064412238324,0.29,69.49
colby.tupegfr_010___anti-egfr_fv-like_protein_diffused_with_evodiff,63.0632304322123,87.6121358572408,30.287712077294685,0.00035555555555555557,0.13,55.2
colby.tupegfr_012___anti-egfr_fv-like_protein_diffused_with_evodiff,48.645629883124066,87.1301680895452,30.094942995169074,0.0004236392914653785,0.15,65.77000000000001
colby.tupegfr_018___anti-egfr_fv-like_protein_diffused_with_esm3,78.00628549245474,86.61929507827257,28.70041223832528,0.0003712721417069242,0.24,57.639999999999986
coreyhowe99.corey82,83.81435850902267,90.40119140433748,10.122698604401505,0.0024365942028985507,0.99,72.63
darius.szablowski.egfr_binder_1___top_binder_1,85.71746539777186,90.10529963261548,12.761658434203621,0.0008936293401364236,0.93,49.39
darius.szablowski.egfr_binder_2___ggggs_3_linked_top_binders_1_and_2,73.4064749897038,87.8004945329358,26.21988893869217,0.0005575476866377807,0.68,67.17
darius.szablowski.egfr_binder_3___ggggs_3_linked_top_binders_1_rev_and_2_rev,40.03392834631718,86.78375704370924,30.779235353686275,0.00046458156946727096,0.12,55.97
darius.szablowski.egfr_binder_4___ggggs_3_linked_top_binders_1_and_2_efficiently_evolved,74.63961292757281,89.29599131961587,22.12175075119943,0.0005780500356923485,0.87,69.63999999999999
darius.szablowski.egfr_binder_5___ggggs_3_linked_top_binders_1_and_2_efficiently_evolved_and_sapiens_evolved,53.096297955956175,86.42131447259231,27.976374985474042,0.000655577136975613,0.41,78.98
deepsatflow.6aru_final_chain_a_domain_3_l138_s466479_mpnn9,85.79815889639895,89.80919578626363,11.428963336367243,0.0008449438726691406,0.99,72.41000000000001
deepsatflow.6aru_final_chain_a_domain_3_l142_s806907_mpnn1,87.70908771901321,89.89018145357757,10.614662856365245,0.0005477308294209703,1.0,48.300000000000004
deepsatflow.6aru_final_chain_a_domain_3_l147_s945609_mpnn1,88.36721916323896,89.15624833521115,10.426688356502021,0.0005106970324361628,0.98,46.61999999999999
dre.lgdl_egfr_001,24.515561375182447,90.58857093404198,30.58214736475606,0.0024642033337685513,0.12,56.620000000000005
dre.lgdl_egfr_008,20.865817635345632,87.79435827117022,30.36333587592169,0.0033591829816086113,0.16,79.27000000000001
duynth29.duy_l111_mpnn14,87.99503135072669,90.23040701651769,10.71792372082227,0.0010308859584221902,1.0,71.05999999999999
duynth29.duy_l111_mpnn14_i36m__l80m_l42m,89.01989604417763,90.12598478486552,10.257460358909633,0.001056999028013521,1.0,72.86000000000001
duynth29.duy_l111_mpnn14_l80m_l42m,88.83066305584502,90.28620563849073,10.41101971536754,0.0010707809258533895,1.0,73.80999999999999
duynth29.l148_mpnn1,84.19899860700231,89.91773850027222,12.796577011794403,0.0005800365582974278,0.97,53.31
duynth29.l88_mpnn5,84.9955196425778,89.74471329068854,10.526875640462595,0.001160335236422193,0.99,63.41
eceiiitn786.8s2,42.815394591147076,87.14594856689939,29.741449275362317,0.0018347826086956521,0.14,56.97
elian.elian1,84.10745870849202,90.59995015382596,12.003541062801933,0.0009987117552334942,0.99,62.019999999999996
elian.elian2,82.19026962577799,90.68622959789863,13.050040257648956,0.0009413848631239936,0.98,58.46
elian.elian3,86.6034873049132,90.9113560818139,10.876760064412238,0.0010595813204508856,0.99,65.8
elian.elian4,86.21242332422992,90.92929635964362,11.358900161030597,0.0009982286634460547,0.99,61.99
elian.elian5,84.09919193949017,90.64374115310414,12.035041867954913,0.0009913043478260869,0.99,61.55999999999999
enzo.morro.design_0_n_0_mpnn_1.117_plddt_0.713_i_ptm_0.082_i_pae_27.542_rmsd_25.669,71.22535582682416,86.68981516981907,28.661376763381448,0.0005741174655519878,0.39,59.54
enzo.morro.design_0_n_1_mpnn_1.085_plddt_0.817_i_ptm_0.076_i_pae_28.084_rmsd_25.372,65.72178191374041,85.8939794942529,30.09566663773902,0.00047566702344104065,0.08,49.330000000000005
enzo.morro.design_0_n_2_mpnn_1.120_plddt_0.858_i_ptm_0.072_i_pae_28.117_rmsd_30.276,68.80147942687493,86.22052938543382,30.335203023903883,0.0005482754298166951,0.13,56.86000000000001
fernando.meireles.design_hybrid_partial_diff_4_31_binder,68.32828762708927,86.71796103875825,28.795885442533145,0.0008755850527488074,0.37,58.18000000000001
fernando.meireles.design_hybrid_partial_diff_7_1_binder,69.22409898651675,86.36906758730547,28.13189007780637,0.0008642978614534891,0.33,57.42999999999999
fernando.meireles.design_hybrid_partial_diff_9_54_binder,70.53284850727273,86.33463759528793,25.529757551130977,0.000953842912396346,0.37,63.38
fgndd1.fg_seq1,85.97427120233583,89.48147325931231,13.37909948344731,0.0008227199531547359,0.96,78.68
flowuenne.nf-proteindesign_design10,68.43475052506858,88.30665143287557,29.53830273752013,0.0009165861513687601,0.09,28.46
flowuenne.nf-proteindesign_design7,53.15587856741626,86.83071258827113,28.892621578099835,0.0013655394524959743,0.26,42.400000000000006
flowuenne.nf-proteindesign_design8,48.49283725631598,87.91930986088029,29.601510466988728,0.0010969404186795492,0.2,34.06
gitter.yolo23,80.78191574275172,90.2859239803759,13.121083079859249,0.001624917993678058,0.99,54.49
gitter.yolo46,82.71718629104923,90.20501262276555,12.558892467346572,0.0018235223951810103,0.95,61.15
gitter.yolo48,85.79619138764353,90.61240668500035,10.966311376939396,0.0008861794852133015,0.99,34.669999999999995
hughy.4krp_b_a_89_rnd3_full,75.0033053652038,85.98669854875118,30.208812304259073,0.0008923884514435695,0.07,70.38
hughy.7om4_b_a_17_rnd2_v2_full,76.22744341473802,86.86410201442949,30.23893376626805,0.0006983712151210369,0.1,52.91
hughy.7om4_b_a_180_rnd1_v1_full,81.98721455665583,88.36823569524661,24.703096539162114,0.0005129220453525515,0.67,38.86000000000001
hughy.7om4_b_a_33_rnd2_v2_full,79.08057208360587,87.12541572916399,30.200988622264457,0.0005765423299279324,0.1,43.680000000000014
hughy.7om4_b_a_8_rnd2_v2_full,78.33073112698311,87.11540223335771,30.27914257807344,0.0007812623742773423,0.15,59.19000000000001
huiyu.cai.h3_15_2431_h,77.58175912982979,87.06460684379743,29.541881263225136,0.000813537216699272,0.14,61.13
huiyu.cai.h3_15_2847_h,77.8060092769269,87.25055762185896,29.869582518199117,0.0008023582331882728,0.21,60.290000000000006
huiyu.cai.h3_15_3351_h,79.10109070678412,87.0431376610795,29.904266645373365,0.0008074153923956297,0.13,60.67000000000001
huiyu.cai.h3_15_4373_h,80.8709137014559,86.83235440089739,29.97162268268988,0.000789981501443952,0.15,59.36
huiyu.cai.h3_15_877_h,79.23660722588184,86.37502101461654,29.5731704395736,0.0008615802291691621,0.13,64.74000000000001
human_egf,79.85400233832831,87.5085345780634,13.3595084009358,0.0025746665451341416,0.98,84.74
jack.li.egfrbindingcandidate_7,77.78126698032571,86.0242449379298,30.658552920509447,0.0004381496120626556,0.1,59.86000000000001
jakublala.epitope_1_20aa.pdb,33.090985864375064,88.75863803841438,28.95938808373591,0.002830917874396135,0.21,35.16
jakublala.epitope_1_30aa.pdb,73.5827193298473,90.03510291842248,15.714895330112721,0.0017037037037037036,0.86,31.74
jakublala.epitope_2_30aa_1.pdb,32.93939177490875,88.50073381644893,29.72176596886742,0.001949543746645196,0.16,36.32
jakublala.full_dibinder_45aa.pdb,52.43371758201364,88.58743383353574,25.615952764358564,0.0017534442655215605,0.7,49.00000000000001
jakublala.full_dibinder_45aa_2.pdb,54.02572075326836,88.72766671566636,24.490749686884953,0.0016521739130434783,0.78,46.17
joaosartori2.c1,80.59443322863515,87.82811554502184,12.723021822422123,0.0024143483813648735,0.99,86.96000000000001
joaosartori2.c3,78.41099928207538,88.55282793798428,13.791795768782274,0.0022027874951413185,0.97,79.34
joaosartori2.c4,73.62153799210093,87.18040703610893,16.065603309456385,0.0024421122771947357,0.95,87.96
joaosartori2.c6,76.2289107358034,89.03665655932761,13.731531456493974,0.002568715642178911,0.97,92.52000000000001
joel.rf_diffusion_trim_3,60.52870577441902,86.89769123743477,29.21898351698059,0.0008771644140476579,0.15,48.480000000000004
jude.wells.21.6b3s_necitumumab_fused_trimmed_task_211_iter_150,87.18969507989532,90.39920857949762,13.649345896381467,0.00040377423776633264,0.96,60.68
jude.wells.21.6b3s_necitumumab_fused_trimmed_task_89_iter_216,88.3068176292778,90.28867436221337,13.299049786401566,0.0004017114491422792,0.96,60.370000000000005
jude.wells.21.6b3s_necitumumab_fused_trimmed_task_98_iter_184,87.27724414476022,90.01046245875014,13.89851612302205,0.00037403015663885236,0.95,56.21000000000001
jude.wells.21.panitumumab_fused_trimmed_crossbreed3,87.60989170148753,90.34871158991159,13.177793814019685,0.0003506591563600404,0.95,52.480000000000004
jude.wells.21.panitumumab_fused_trimmed_task_12_iter_123,83.38814021505091,90.29946144278618,15.31325662664288,0.0003509932447330968,0.89,52.53
julian.faust.becotatugxpimurutamab_scfv,87.37274934286877,90.48398911663732,12.557464357252268,0.00045049291072620884,0.99,68.82000000000002
julian.faust.demupitamab_mpnn_19_scfv,86.4177343810421,90.54803993850835,14.016158700234346,0.0003877826217875706,0.9,59.24000000000001
julian.faust.pimurutamab_mpnn_17_scfv,86.7103311910873,90.22526267767222,13.24363536388987,0.00042941492216854533,0.97,65.6
julian.faust.pimurutamab_mpnn_18_scfv,87.05134859567912,90.2243769780227,13.13709071390231,0.0004366809368576778,0.97,66.71000000000001
julian.faust.pimurutamabxbecotatug_scfv,85.27937651161804,90.44198136850628,13.54976434546954,0.00043982299726378905,0.98,67.19
julie.jg26n,88.02854274815262,91.0623632098687,9.976328502415459,0.0017809983896940418,0.97,55.3
julie.rj0aa,73.63148839891937,88.12649938902169,24.84604186795491,0.0012663446054750405,0.23,39.32000000000001
julie.ryfqy,78.53964179738362,89.121229883232,19.713639291465377,0.001488888888888889,0.79,46.230000000000004
junhee.park1999.egfr_binder_6,84.59815206623097,89.5805859021557,16.216263440860214,0.0003551763544750922,0.85,54.7
junhee.park1999.egfr_binder_7,84.51866885079566,89.72356118019083,16.53364890135577,0.0003504363409693003,0.84,53.97
junhee.park1999.egfr_binder_9,85.3406556150464,89.9884412049143,14.838537608435926,0.00037075996052153147,0.9,57.100000000000016
jvogt4.vogt_scfv_0128,84.55077572419303,88.30872474930764,21.330743208145034,0.0003275803854345229,0.69,50.45
jvogt4.vogt_scfv_2009,81.14862701420965,86.72999879235427,29.536316295257397,0.0003705002337540907,0.15,57.059999999999995
jvogt4.vogt_scfv_2143,80.36977168082448,87.22786991933418,27.46445704119267,0.0003429042647135214,0.3,52.81
jvogt4.vogt_scfv_2279,81.6160649795403,87.26445573447728,26.417956210067008,0.00033212560386473427,0.34,51.15
jvogt4.vogt_scfv_2470,83.279694373954,87.7424230750221,25.89808256713937,0.0003277102488182432,0.5,50.47
karmanyaaggarwal.ds002542,89.71133822586174,89.32927034577664,17.088299309126796,0.0004975066230325698,0.86,38.31
karmanyaaggarwal.ds003076,84.00982788706139,87.4243144026105,25.336777310269596,0.00048529946496285914,0.63,37.370000000000005
karmanyaaggarwal.ds004729,84.32074241239765,87.69853633499586,25.03237494156148,0.0004829619240558932,0.63,37.19
keaun.gafpvvfkadiarvsefvaigpstgylgslttmsgvnq,24.353718843550258,87.94250677062142,29.966069158403258,0.0034299516908212558,0.17,80.94
keaun.gifgvvfkadiarvsidvaidystgylgslttfsgcnq,23.195770602374918,87.64780147465392,30.290300025425882,0.0019416899737265873,0.07,45.82000000000001
keaun.gwfgvvfkadiagvsekvaielsggyegslttpsgwnq,22.002705216855933,88.5294472789573,30.02206119162641,0.0032299347402322235,0.12,76.22000000000001
keaun.gwfgvvfkadiardsefvailesqgylssittfsgwnq,38.94894961009964,88.14089289160692,29.161373845241126,0.002623951182303585,0.19,61.919999999999995
keaun.gwfgvvfkadiarvsefvaiglstgplgsestfsiwrq,25.685909171327875,87.27238713540088,29.7193829985592,0.002555301296720061,0.1,60.300000000000004
kerrding.seq5,81.65343245869774,87.32149260109853,13.68636405067906,0.0024330811533436634,0.95,80.08
kerrding.seq6,82.43966749309372,87.25116428560521,13.225935040865313,0.0024920244280375536,0.96,82.02
kerrding.seq7,80.69345735560935,87.49461129773815,13.928639139549722,0.0024607298028134776,0.93,80.99
kerrding.seq8,81.71198443711094,87.4069356839687,13.773779357700603,0.0025625132926199376,0.93,84.34
kerrding.seq9,59.59815748150017,88.64721851166532,29.9599550329657,0.000773858353841947,0.14,25.470000000000002
klima.jason.8hgo_design_4yyaf_0_0,72.37671172045042,89.55856796337783,23.00653615978081,0.0005401735284928017,0.84,44.95
klima.jason.8hgo_design_8gswy_1_2,49.528475198277086,85.94498649248358,29.361810587761674,0.0010777727455716587,0.31,85.67
klima.jason.8hgo_design_94eja_1_5,48.96607089247599,86.44959213306406,30.49041940491216,0.0007417562490026259,0.06,51.13000000000001
klima.jason.8hgo_design_jt8s1_0_3_proteinmpnn_20,64.8810412116125,87.12966896048592,26.957150881923376,0.0006672471257911096,0.8,71.27
klima.jason.8hgo_design_vdcjs_1_2,55.42123445652867,86.97666332575014,29.828736365569835,0.000951295840549327,0.21,62.62
kurumida.yoichi.mg_05,81.85621721326531,89.70779177254946,13.28851650563607,0.0014845008051529794,0.96,44.25000000000001
lennart.nickel.egfr_l114_s69310_mpnn7,84.5179060951836,89.36455279706301,15.672434104585134,0.0006331045003813882,0.92,44.82
lennart.nickel.egfr_l139_s63093_mpnn2,77.27359235409354,87.30161796518749,28.042164529246165,0.0004966461613318041,0.31,42.87
lennart.nickel.egfr_l170_s20625_mpnn10,85.15483933440211,89.83228705169974,13.585673960405419,0.0005196552050772,0.98,54.86
lennart.nickel.egfr_l179_s82283_mpnn1,82.01072684936763,89.68068010735566,14.359158502685343,0.0004288451677327073,0.98,47.67000000000001
lennart.nickel.egfr_l98_s70756_mpnn3,84.90170307117296,89.98870472399165,13.36159748923724,0.0008744947254264024,0.99,53.22
lhallee.lhallee_128_driveid_1_2,22.0888804869307,84.11898700742275,30.178052033011273,0.001390650161030596,0.2,110.54000000000002
lhallee.lhallee_128_driveid_3_4,25.595825267873415,86.42565375720693,30.609201388888884,0.0008238979468599035,0.12,65.49000000000001
lhallee.lhallee_20_on_target_2000,34.86406122397895,89.83727107391242,29.414299516908216,0.0027004830917874397,0.12,33.54
lhallee.lhallee_40_full_driveid_8_9,31.794875721708955,88.63935673407043,29.84518518518518,0.002803140096618358,0.28,69.63000000000001
lhallee.lhallee_40_target_driveid_10,27.21007334890906,88.35691763873668,29.85871980676329,0.002427938808373591,0.26,60.309999999999995
lyu.1,83.60098877238265,90.11160240666806,12.332772946859903,0.0009951690821256038,0.99,61.8
lyu.2,84.48705615176301,89.97783321709514,11.428661835748793,0.0010914653784219,0.99,67.77999999999999
lyu.3,85.06995209078494,90.52397971162954,11.381433172302737,0.000931400966183575,0.99,57.84
markus.braun.egfr_binder_1,89.04866615905156,88.73335957817116,9.282667954911435,0.0006794202898550723,0.99,105.47999999999998
markus.braun.egfr_binder_3,88.37220877841108,88.559144456389,10.034244122383251,0.0008765861513687599,1.0,136.08999999999997
markus.braun.egfr_binder_6,87.05971551545599,88.62232802585068,11.467248309178743,0.000686634460547504,0.97,106.6
markus.braun.egfr_binder_7,87.66271297069511,88.53062446728987,10.55218743961353,0.0007718518518518518,0.99,119.82999999999998
markus.braun.egfr_binder_8,86.03721768826571,89.71847230484568,10.883067954911432,0.0009788083735909824,0.99,151.96
martin.egfr_l111_s89744_mpnn1,79.95472920227617,88.24912159481832,20.255234945090017,0.0006512309410860135,0.79,44.89
martin.egfr_l121_s46924_mpnn18,83.82152531404918,89.1391810960819,14.533427822360629,0.0009681798219347624,0.97,72.74999999999999
martin.egfr_l142_s75963_mpnn1,75.21305786242458,88.09120416268289,21.639640743008776,0.0005832256015966977,0.63,51.43
martin.egfr_l165_s31019_mpnn3,84.60603553322512,89.73182756840262,17.447402527692383,0.00046367052164153613,0.86,47.51
martin.egfr_l177_s77884_mpnn7,76.9442242028717,86.6404396682534,28.368187814441804,0.0004207720370825259,0.19,46.25
maxall4.egfr_ed_binder_l124_s860500_mpnn1_model1_unrelaxed_rank_001_alphafold2_multimer_v3_model_1_seed_000_top1_mutation_d81n_round1_chain_a,84.96814463653638,90.4602367813825,11.576105137395459,0.0010886447457274947,0.99,83.83
maxall4.egfr_ed_binder_l132_s581930_mpnn1_model1_unrelaxed_rank_001_alphafold2_multimer_v3_model_1_seed_000_top1_mutation_r79a_round1_chain_a,86.22476154375808,89.85654957776356,11.726842092421803,0.0008055189576928707,0.99,66.03
maxall4.egfr_ed_binder_l134_s906486_mpnn2_model1_unrelaxed_rank_001_alphafold2_multimer_v3_model_1_seed_000_top1_mutation_g108s_round1_chain_a,85.47242241598357,89.25200163504874,12.273337419184271,0.0007096161703559498,0.95,59.050000000000004
maxall4.egfr_ed_binder_l134_s906486_mpnn2_model1_unrelaxed_rank_001_alphafold2_multimer_v3_model_1_seed_000_top1_mutation_g108s_round1_y80d_chain_a,85.5288017143098,89.34819821377147,12.226990650611677,0.0007105775470473719,0.96,59.13
maxall4.egfr_trim_l126_s498823_mpnn2_model1_unrelaxed_rank_001_alphafold2_multimer_v3_model_1_seed_000_top1_mutation_l39g_round1_chain_a,82.31523637404304,89.34163852122313,12.693930680162563,0.000597730235411395,0.96,46.77000000000001
mchrnwsk.marta_chronowska_dom1_l99_s666690_mpnn16,85.17398124445837,89.46288200942779,11.092425055710079,0.0006473755266025797,0.99,39.8
merlettaia.seq0v3,73.0714767938762,85.59230803643185,30.132113023349437,0.0009157357085346217,0.18,72.79
merlettaia.seq0v4,80.85391408398193,87.33631328483636,29.830845150901258,0.0005445171679393277,0.1,41.92999999999999
merlettaia.seq52v3,75.30937293277569,87.04606061664819,29.797225318964454,0.0006111730459556547,0.11,49.34
merlettaia.seq6v4,81.40506931283157,87.56744056995288,27.90044673004,0.00042556230845150906,0.43,32.77
merlettaia.seq70v3,76.33201573217472,87.53152635199369,29.688531937734837,0.0008849973161567363,0.12,65.94999999999999
minji.lee.111,57.55636607702458,87.22006704316813,29.913276078010373,0.0011399943767093526,0.27,44.6
minji.lee.3458,61.83140849193751,87.02139794438308,30.27930939833114,0.0010005855658029572,0.1,54.68000000000001
minji.lee.386,72.42284088419751,88.40752258229735,29.038951058929047,0.0005340508367475895,0.22,26.199999999999996
minji.lee.3995,72.61594104992929,89.04331552969484,23.33351109438066,0.0007742016437668612,0.69,37.02
minji.lee.459,75.70038846002662,88.80775024221875,24.21486023370081,0.0006051034311903878,0.54,29.310000000000006
mlange05.a,77.71452846297764,87.30300937345805,27.00483755831134,0.0003139266563739894,0.36,37.82
mlange05.b,81.53298291301587,90.07448301502518,14.731820316693506,0.0004048409822866344,0.93,48.269999999999996
mlange05.c,70.78091901578256,87.36635231948573,30.039742351046705,0.00021371650357157604,0.1,25.88
mosquitolkfo.nab_design_1,86.93502706226106,89.81058791132375,12.049247467254999,0.0007692697833060723,0.96,60.67
mosquitolkfo.nab_design_3,87.05752159480829,89.79711253430924,13.00197547770297,0.00069534786412568,0.91,54.84
mosquitolkfo.nab_design_6,85.25543690795331,88.95940526484722,14.164225848580525,0.0007027020173202987,0.9,55.419999999999995
mosquitolkfo.nab_design_7,90.39937592672837,90.29192460106127,9.816256482432449,0.0007061255024281385,0.98,55.69
mosquitolkfo.nab_design_9,86.73747033067633,89.18164480156467,12.548319322403541,0.0007137332471122269,0.93,56.29
nhaas.2,80.39865945144042,87.25801746879655,28.899191587292272,0.0003264292280310587,0.13,50.07
nhaas.3,80.89447360418649,88.14125213746081,27.10596986706827,0.0003493777177987704,0.4,53.589999999999996
nhaas.4,79.92456788829467,87.0681450139339,29.809105074093633,0.00031241239479225746,0.1,47.919999999999995
nhaas.6,80.19872963452914,87.08864395962837,30.344143897461976,0.00031104330875497926,0.12,47.71000000000001
nhaas.8,80.05103718622316,87.2406048096844,28.721947101123295,0.0003408372287090823,0.18,52.28000000000001
nicholas-schnicker.schnick_04,84.89406898501831,90.93847792372935,12.548831591955963,0.0006225892221847733,0.97,33.25
niklas.7a72d922-1677-4fc8-9315-d7996ba05d8e_l150_s530325711_mpnn12,80.1151341696781,87.28123039265834,26.888433709071386,0.00034224369296833066,0.46,31.880000000000003
niklas.95b59203-b642-4754-bcd3-8e670a722c8d_l91_s349792600_mpnn19,82.47770109826604,89.99124363383147,13.247275751623578,0.0005390101042274955,0.98,30.459999999999997
niklas.95b59203-b642-4754-bcd3-8e670a722c8d_l91_s349792600_mpnn2,81.88585410233262,89.76667670962011,13.957535701013965,0.0005391870609261914,0.95,30.470000000000002
niklas.e5a28fa3-3501-41c2-922c-ec848e0bc020_l81_s514858345_mpnn4,83.6043594759334,90.22904451935806,12.079085902864756,0.001124033319417109,0.98,56.54
niklas.ee4629a9-322f-48f0-884d-8f4418db9bce_l151_s241659642_mpnn11,82.98538497471658,84.94953598716826,21.239302129656288,0.00044555352934276055,0.83,41.78
nitesh.mishra3.stepwise_egf_based_egfr_binder_3,60.60820345549588,87.94009197814368,29.63427322619869,0.0016780045351473924,0.12,51.06
nitesh.mishra3.stepwise_rfdiff_egfr_binder_1,82.10821944603329,89.84846923647311,15.761674718196458,0.0009666867954911434,0.97,38.42
nitesh.mishra3.stepwise_scaffold_egfr_binder_6,84.12523535058267,90.48511341826894,15.507688354404358,0.001260835303388495,0.88,36.800000000000004
noah.holzleitner.noah_egfr-binder_1,85.13375731445723,90.48783982688258,10.481859903381643,0.0014382716049382716,0.97,53.59
noah.holzleitner.noah_egfr-binder_2,87.61769778158528,90.57478864654921,9.223845947396672,0.0014720880300590445,0.99,54.85
noah.holzleitner.noah_egfr-binder_3,86.42105044164927,90.30157975367324,9.97723564143854,0.0017920021470746107,0.98,66.77
noah.holzleitner.noah_egfr-binder_4,81.32280684856987,89.7222557687149,12.639668069191211,0.0011129291984831957,0.96,42.85
noah.holzleitner.noah_egfr-binder_8,83.05887164265197,89.43071137048106,12.887231832112617,0.0016412134434574824,0.93,63.18999999999999
pastei5.egfr_binder_01,61.65222527801217,87.47189693306697,29.07064412238325,0.0006580112721417069,0.25,32.69
paulafcfranklin.synth_rosetta_1,86.07659030001268,87.49864843570136,11.970871692036583,0.0026421170965879744,0.97,86.96000000000001
paulafcfranklin.synth_rosetta_10,82.027997094937,88.0126596592556,13.019226497862178,0.002468487978233106,0.98,88.91000000000001
paulafcfranklin.synth_rosetta_2,86.3353566627151,87.89446974721363,11.431016970147406,0.002649262975349932,0.99,85.55000000000001
paulafcfranklin.synth_rosetta_3,84.20445429464118,87.48667295675942,11.806052529290907,0.002450996723860292,0.98,88.28
paulafcfranklin.synth_rosetta_4,85.58013929601768,87.2813084382013,12.408951406649615,0.0026011177417827034,0.98,82.38
paulafcfranklin.synth_rosetta_5,83.60173147669028,87.82082112130627,12.022394358376367,0.0025048586817702258,0.98,90.22
paulafcfranklin.synth_rosetta_6,81.90269311831568,87.55791752153608,12.511755233494362,0.002562885224054639,0.98,92.30999999999999
paulafcfranklin.synth_rosetta_7,86.12223383454743,87.32828435349614,11.973152094976477,0.002650689905591866,0.98,83.94999999999999
paulafcfranklin.synth_rosetta_8,82.86382974580953,87.28703801081738,12.70317063690377,0.002477927702815259,0.98,89.25
paulafcfranklin.synth_rosetta_9,82.0412543980869,87.0117514926429,12.73554333944139,0.0024401688044866456,0.98,87.89
praghava531.seq2,80.94805982456923,86.30892549880375,29.3793411164788,0.0007112184648416533,0.2,53.00000000000001
qilin_y.test4,65.63946637245553,87.19154203598617,30.06259796027912,0.0007718733225979603,0.08,35.95
qilin_y.test5,70.78541959645692,87.52684458813863,29.15619967793881,0.0008663446054750402,0.15,40.35
qilin_y.test6,57.77377202104017,87.37134672269917,29.346877218499472,0.0008051529790660225,0.14,46.5
qilin_y.test7,24.472290218801717,88.65983282286908,29.91186964997034,0.0025553012967200607,0.14,60.3
qilin_y.test8,33.566433208231224,89.08415211860613,29.857034651398582,0.0028192282459593245,0.1,47.269999999999996
qxy615.s1_rfd_base_46_60,65.20105719158015,87.0172568464738,28.31996779388084,0.000943035426731079,0.29,37.480000000000004
qxy615.s1_rfd_base_46_94,68.90845010745277,87.91713775138537,19.513300120772946,0.001213516505636071,0.87,48.230000000000004
qxy615.s1_rfd_comp_beta_782_81,76.20462596377712,88.05693498549395,26.19685882984434,0.0004824476650563608,0.6,22.470000000000002
qy.qilin.yu.10-13-21_sample267_complex_42_complex,75.04830759020335,88.58858204912353,24.60943242229722,0.0009578011603026493,0.66,43.42
reed.harrison.model_56_119_0,88.21362056222256,91.09682386724904,9.472683553118335,0.001222744483614049,0.99,56.190000000000005
revoli.mutated_nab_5,76.08197774461605,86.59831791397905,30.200458013252028,0.0005683588078456218,0.09,43.06
revoli.mutated_nab_8,75.97577019793484,86.87380586139139,30.081375887648157,0.0005905335128428501,0.12,44.74000000000001
revoli.mutated_nab_9,78.47326344579682,87.44401214306752,29.7467688287004,0.0005752224070114307,0.07,43.58000000000001
rohith.mohan.model_67_69_2,64.23134968285142,89.1407108366979,25.076258621213498,0.0015683772369580406,0.52,51.61999999999999
round1zeroshot.k5q_n70s_k71r_n73t_s87t_n88d_r179k_k183r_e213d_s214p,88.41468117712107,90.64150507352771,12.590622807545053,0.000418746366788943,0.98,62.669999999999995
s1995825.cotimed_egf_netsolp_usability_1,85.30096704215063,87.43572192027061,10.816867098365712,0.002678247164833659,0.97,78.17
s1995825.cotimed_egf_netsolp_usability_2,85.77367469930132,87.72357024015712,10.86032137595505,0.0027460855860485835,0.97,80.15
s1995825.cotimed_egf_netsolp_usability_3,85.10872241122654,87.44957142359979,11.154157672936583,0.002667968616164731,0.97,77.87
s1995825.cotimed_egf_netsolp_usability_4,85.35398398849648,87.29667073317354,11.076013293589613,0.00268715524034673,0.99,78.43
s1995825.cotimed_egf_netsolp_usability_5,83.87415612411874,86.98651793590125,11.712450748620961,0.002666940761297838,0.99,77.84
s1995825.cotimed_egf_netsolp_usability_6,84.0103372539478,87.32902559332389,12.210597183677665,0.0026138349265083767,0.94,76.28999999999999
s1995825.cotimed_egf_netsolp_usability_7,59.49110747289,88.88509558698378,29.095539109877684,0.0015702196183232263,0.16,45.830000000000005
s1995825.cotimed_egf_netsolp_usability_8,82.40471025719135,87.00802195393682,13.44037071298866,0.0026076677973070196,0.93,76.10999999999999
s1995825.timed_egf_netsolp_usability_consensus_1,84.66652879212523,87.40355536923626,11.640566005413369,0.0026350772604241614,0.96,76.91
s1995825.timed_egf_netsolp_usability_consensus_2,84.08147736154656,87.3790163636728,12.33374790146298,0.002569637167231987,0.95,75.0
salireza111.seq119_3_001_8,62.923401634729025,86.95275220055507,29.367708436031418,0.0014229846527983175,0.1,43.300000000000004
salireza111.seq166_1_001_7,68.16563052767687,88.30429277497173,24.831778895132935,0.0015173025732031944,0.58,46.17
salireza111.seq166_3_002_4,68.47782412227166,87.50467876894524,24.99760425909494,0.0015268329554043842,0.5,46.46000000000001
salireza111.seq166_7_003_9,74.83371227071012,89.09633864336341,21.3824345197016,0.0013943935061947485,0.67,42.43
salireza111.seq206_1_001_6,38.787299487225475,89.52401526496509,29.73201222517993,0.002037529987840547,0.3,62.0
silvia.toscani.b_egfr_6,71.95026924891455,87.96906878962001,28.926770717205503,0.0010761798587885546,0.2,43.440000000000005
spacecruiser42.d2_prompt_binder_t0.8_42,49.684079767209646,89.59251175998207,26.880066107297232,0.002154419866090347,0.58,25.42
spacecruiser42.d2_prompt_binder_t0.8_88,47.11788465675953,90.24786416481969,25.44289346554793,0.002091702686668362,0.5,24.68
spacecruiser42.d2_prompt_binder_t1.0_139,38.501442245281105,89.3008647630889,28.334275362318838,0.0028220611916264086,0.31,35.05
spacecruiser42.d2_prompt_binder_t1.0_22,63.381881030672204,89.97531379503141,20.820764471565386,0.002422239172811255,0.61,28.58
spacecruiser42.d2_prompt_binder_t1.0_37,37.69529229427198,89.4230086435332,27.314269100017896,0.003126677402039721,0.53,34.95
ssomani.17,77.91899568268306,88.61807843931874,24.207665851573523,0.00024055187769626846,0.37,24.2
stocco.filippo.1.3.3.18_13_0_iteration12_1.0279718223732435,73.35172947414722,87.65927632567502,19.984855634198404,0.002017376324757518,0.87,53.870000000000005
stocco.filippo.1.3.3.18_37_0_iteration3_1.024851931427025,81.95648643359401,90.66599048170494,15.336017176596886,0.0011547682948649131,0.96,32.269999999999996
stocco.filippo.1.3.3.18_40_0_iteration12_1.0321554292304749,83.11962611313257,87.28287291812563,12.187612572314668,0.002806405439255681,0.98,94.11
stocco.filippo.1.3.3.18_4_2_iteration0_1.0407930462953479,79.78946095112096,86.38892796750622,14.33525641025641,0.002579895949461167,0.96,83.31
stocco.filippo.1.3.3.18_51_2_iteration3_1.0356664070457622,84.49930251897958,87.31043336832079,11.162121350226355,0.0027776258621213497,0.99,91.41999999999999
stocco.filippo.1.3.3.18_65_0_iteration3_1.028317065130863,80.7728830981972,87.76694106633899,11.897885727917933,0.002779865211427208,0.99,93.22
tadaskluonis.cotimed_egf_bcseq_0,84.20177225767789,86.65788277052192,11.448689485044712,0.0027591050810292254,0.98,80.53
tadaskluonis.cotimed_egf_bcseq_1,85.6027400494017,87.70116863114735,9.785524377291258,0.0028327680131565425,0.98,82.68
tadaskluonis.cotimed_egf_bcseq_2,85.46945689179014,87.1105751819665,11.209716654675027,0.0027858293075684382,0.96,81.31
tadej.satler.egfr_binder_3,84.54976568131175,88.74708032285444,14.30249264715668,0.0007431362372073835,0.9,55.84000000000001
tarkhov.andrey.erithacus_rubecula_gigantus_1,45.958202940304076,86.53730966329081,28.831627478100508,0.0004925130795598053,0.52,73.71000000000002
tarkhov.andrey.erithacus_rubecula_gigantus_4,25.721748675317855,89.5069017810112,30.41562387946827,0.0007984379380260387,0.4,122.47
tarkhov.andrey.erithacus_rubecula_gigantus_7,46.05692852900255,88.56374228761862,29.129695882217614,0.000698136645962733,0.48,75.87
tarkhov.andrey.erithacus_rubecula_gigantus_8,44.578137917221994,86.0620954066527,30.379691953186594,0.0004667192205849655,0.11,69.27
tarkhov.andrey.erithacus_rubecula_gigantus_9,50.13884837412265,86.95367165932458,30.804419989175535,0.0003222616446502428,0.15,48.22999999999999
tiejun.wei.egfr_binder_design_208_dldesign_10_af2pred.pdb_a,81.17060097137605,89.25443952104735,10.025056360708534,0.003102415458937198,0.99,96.33
tim.silica_corpora_regions_sampled_epitope_0_generated_variant_6_rank_7_phase_2,77.61725562157699,87.62760498467729,29.901567195404922,0.00043630415763246984,0.14,34.41
tim.silica_corpora_regions_sampled_epitope_2_generated_variant_8_rank_3_phase_2,76.10240796983693,86.96158278619576,28.21341799638901,0.0005383545600936906,0.24,44.13
tim.silica_corpora_sampled_epitope_0_generated_variant_1_rank_8_phase_2,79.38679783659602,87.45938917518414,30.365497936795492,0.0005236010466988728,0.09,41.620000000000005
tim.silica_corpora_sampled_epitope_0_generated_variant_8_rank_1_phase_2,78.9818855676563,88.09711376939606,26.182445003393617,0.0005650709998536085,0.63,42.46
tim.silica_corpora_sampled_epitope_2_generated_variant_9_rank_6_phase_2,77.2516170635122,87.51848520222904,29.101058010939436,0.0007346189164370983,0.33,55.2
toluwase.fatoki.toluwase_sequence3_119,28.966335227644812,87.0149639892307,30.446938388882128,0.0008418246525663407,0.26,62.210000000000015
toluwase.fatoki.toluwase_sequence4_148,34.38108148749615,87.81227238841682,29.892402184793493,0.0006394437916177047,0.36,58.77000000000001
toluwase.fatoki.toluwase_sequence6_112,33.2930362540615,87.07085194287336,30.584394409937893,0.001043391994478951,0.14,72.57000000000001
wtj19921231.egfr_binder_design_208_dldesign_0_cycle1_run5_af2pred.pdb_a,48.86744758663205,87.48656547892898,29.7889307568438,0.0014940418679549115,0.12,46.39
x.rustamov.p_vhh_partial_1_32,81.51795307818567,87.510508104141,29.26415648384958,0.0006603607626625529,0.23,48.8
x.rustamov.traj_11_8_model_5_0,75.76265758595204,87.07645537851761,28.637480886074233,0.0009012300572402875,0.19,66.60000000000001
x.rustamov.traj_4_8_model_1_5,77.4868714769226,86.0292286316306,29.965130786614164,0.0009250463470412319,0.21,68.36
x.rustamov.traj_6_1_model_1_8,80.79824140190374,87.6420535845292,25.73026969241803,0.0008385769766843936,0.59,61.97
x.rustamov.traj_9_8_model_1_0,77.25673887392226,86.242095426947,30.178664122653895,0.001048052071069974,0.12,77.45
xiuming_li2015.eureka_seq_1,88.69003316776569,90.60367456210615,12.653138760264865,0.00040832280954958207,0.96,61.11
xiuming_li2015.eureka_seq_3,87.72803910191256,90.56154360343164,13.301798063623789,0.0004043137490729048,0.95,60.510000000000005
xiuming_li2015.eureka_seq_4,88.53356242496757,90.56222847830003,12.827061158217573,0.0004101937044386981,0.96,61.39
youngsuko2000.fast4,78.87071491080299,88.73773063937487,11.461648838279272,0.002726017943409248,0.99,94.80000000000001
youngsuko2000.last,79.47535999115506,87.18130502045594,13.206786289394985,0.002569013112491373,0.97,89.33999999999999
youngsuko2000.queen,78.51997320224294,87.45925481592148,13.55459224752703,0.002589429491603404,0.99,90.04999999999998
youngsuko2000.ysar,80.69361991641497,86.80751577054515,12.839254083275822,0.0027547734069473203,0.98,95.80000000000001
z_peplib.pepseq_design_6,33.335075840941755,87.12131188257275,30.658859903381646,0.0020447665056360707,0.12,63.49
z_peplib.pepseq_design_8,35.94362344604275,86.65722185171411,30.01711433172303,0.0016247987117552335,0.17,50.45
z_peplib.pepseq_design_9,29.279272869031665,86.96607066848966,29.034479871175524,0.0026602254428341383,0.37,82.6
zalavi.shortrustamov_ggg_zalavi3,84.98977564848643,89.08213100527863,15.189423619179626,0.0007213763020037099,0.96,106.17000000000002
zalavi.zalavi3_ggg_shortpacesa,80.74137495414185,86.94007624092747,25.351776841873463,0.000656440535667589,0.83,95.39000000000001
zalavi.zalavi3_mergedaltered_rustamov,83.05455661196757,87.3197631922018,17.05711768432724,0.000684182043768644,0.93,103.67
zhoup1366.dbz10___a,79.27810768629573,86.34058749952074,30.386206421955208,0.0009338398227287118,0.19,67.85000000000001
zhoup1366.dbz1___a,78.74429190415717,86.49750598319055,30.110061029242615,0.0008733541725869093,0.16,64.54
zhoup1366.dbz6___a,81.27473550738664,87.28365644451284,27.641023559182127,0.0008116483308299165,0.4,59.980000000000004
zhoup1366.dbz7___a,77.21444068852257,87.19115396250534,30.219988263871826,0.0008937198067632849,0.21,65.49
zhoup1366.dbz8___a,79.23089336008121,87.29495997147104,30.13381642512077,0.0007945085837495565,0.19,58.22
zulfatmi.pocket1pep78,30.47966891229153,87.68725686515201,28.47272544283414,0.004797705314009663,0.35,47.67000000000001
zulfatmi.pocket2pep63,42.224529232358336,88.98491171423925,27.909055602917498,0.0027621483375959077,0.47,29.159999999999997
zulfatmi.pocket7pep42,60.728747628968115,90.58156196297388,21.13942772203642,0.0035897435897435897,0.79,28.98
