name,binding_strength,binding,expression,pae_interaction,design_models,mean_plddt_A,mean_plddt_B,interface_pae_AB,interface_contact_mean,interface_contact_max,interface_contact_sum,binding_bool,binding01
round1zeroshot.k5q_n70s_k71r_n73t_s87t_n88d_r179k_k183r_e213d_s214p,strong,true,high,13.582976326497883,"[""Custom PLM""]",88.41468117712107,90.64150507352772,12.590622807545053,0.0004187463667889,0.98,62.67,True,1.0
chrisxushaoyong.hu_nano2_4_85252b,strong,true,high,27.06076571950245,"[""Custom PLM""]",84.63233408523253,89.13475880582233,16.523709536307962,0.0007172835279648,0.85,56.57,True,1.0
cetuximab_scfv,strong,true,low,,,88.24091396804876,90.64255957749702,12.565945035780862,0.0004282344765837,0.99,64.09,True,1.0
chrisxushaoyong.hu_nano2_2_7ef96e,strong,true,high,27.46436316837208,"[""Custom PLM""]",81.08970975919198,88.34673041864573,21.7040168891932,0.0006158469321769,0.75,48.57,True,1.0
aureliabustos.bce_var433,medium,true,high,7.931915136876007,"[""ProteinMPNN/LigandMPNN""]",88.19630574401151,87.88371832588842,10.33429307568438,0.0027471819645732,0.99,85.30000000000001,True,1.0
aureliabustos.bce_var464,medium,true,high,7.959212077294685,"[""ProteinMPNN/LigandMPNN""]",88.30206214818638,88.72227735568394,9.770421900161027,0.0027561996779388,0.99,85.58,True,1.0
jvogt4.vogt_scfv_2470,medium,true,medium,17.17749746766402,"[""Custom PLM""]",83.279694373954,87.7424230750221,25.89808256713937,0.0003277102488182,0.5,50.47,True,1.0
lennart.nickel.egfr_l179_s82283_mpnn1,medium,true,high,16.39397426209304,"[""BindCraft""]",82.01072684936763,89.68068010735566,14.359158502685345,0.0004288451677327,0.98,47.67000000000001,True,1.0
aureliabustos.bce_var702,medium,true,high,7.877170692431561,"[""ProteinMPNN/LigandMPNN""]",88.07359489707342,88.43184831572917,9.653014492753622,0.0027140096618357,0.99,84.27000000000001,True,1.0
jvogt4.vogt_scfv_0128,medium,true,high,17.857647005350373,"[""Custom PLM""]",84.55077572419303,88.30872474930764,21.33074320814504,0.0003275803854345,0.69,50.45,True,1.0
jvogt4.vogt_scfv_2009,medium,true,high,17.61640297906602,"[""Custom PLM""]",81.14862701420965,86.72999879235427,29.5363162952574,0.000370500233754,0.15,57.06,True,1.0
briannaughton.1_plus_egfr,medium,true,high,23.74710565352244,,76.90351346121501,90.48734326388936,17.747753107573196,0.0008153859578147,0.92,102.79,True,1.0
alan.blakely.12_6,medium,true,high,20.78455854309687,"[""RFdiffusion"",""ProteinMPNN/LigandMPNN""]",71.5867350045447,90.82997995851396,19.33614642483826,0.0005773088114811,0.99,81.74000000000001,True,1.0
chrisxushaoyong.hu_nano1_3_eef94e,medium,true,high,22.976691730299727,"[""Custom PLM""]",80.2246325742664,86.9791623748374,29.57711937042232,0.0005604903641369,0.28,43.16,True,1.0
begonia.sp.13.egfr_l88_s11832_mpnn1_model2,medium,true,high,13.731237282242716,"[""BindCraft""]",81.33026984840431,89.62425608723711,12.831829161176987,0.0010710364514712,0.98,58.53,True,1.0
kurumida.yoichi.mg_05,medium,true,medium,14.85258202495974,"[""RFdiffusion"",""ProteinMPNN/LigandMPNN""]",81.85621721326531,89.70779177254946,13.28851650563607,0.0014845008051529,0.96,44.25000000000001,True,1.0
alan.blakely.12_3,medium,true,high,20.74602452185213,"[""RFdiffusion"",""ProteinMPNN/LigandMPNN""]",73.46167608924324,90.43015684412474,18.92021569624545,0.0005898804983473,0.99,83.52000000000001,True,1.0
youngsuko2000.queen,medium,true,high,9.144258109040717,"[""Custom generative""]",78.51997320224294,87.45925481592148,13.55459224752703,0.0025894294916034,0.99,90.04999999999998,True,1.0
briannaughton.2_plus_1,medium,true,high,21.993750273752017,,77.02747305879635,88.18978532190059,21.203053140096618,0.0006023188405797,0.97,93.51,True,1.0
briannaughton.1_plus_2,medium,true,high,23.18240328502416,,75.63091825825855,89.00595359902788,22.25473429951691,0.0005342351046698,0.84,82.94,True,1.0
alan.blakely.16_2,medium,true,high,18.611084875405982,"[""RFdiffusion"",""ProteinMPNN/LigandMPNN""]",74.11790532070476,90.77586556685569,19.25354540244002,0.0006048882338491,0.97,88.64999999999999,True,1.0
stocco.filippo.1.3.3.18_4_2_iteration0_1.0407930462953479,medium,true,high,8.831380682521987,"[""Custom PLM""]",79.78946095112096,86.38892796750622,14.33525641025641,0.0025798959494611,0.96,83.31,True,1.0
stocco.filippo.1.3.3.18_65_0_iteration3_1.028317065130863,medium,true,high,8.739105534681219,"[""Custom PLM""]",80.7728830981972,87.76694106633899,11.897885727917933,0.0027798652114272,0.99,93.22,True,1.0
chuh.egfr_seg2_l58_s53469_mpnn1,medium,true,high,11.731813121217169,"[""BindCraft""]",86.95948411854735,90.3182149423504,9.827533455494477,0.001477316897107,1.0,53.21,True,1.0
jvogt4.vogt_scfv_2143,medium,true,medium,21.079470741779645,"[""Custom PLM""]",80.36977168082448,87.22786991933418,27.46445704119267,0.0003429042647135,0.3,52.81,True,1.0
julian.faust.pimurutamab_mpnn_17_scfv,medium,true,high,15.359935522302084,"[""RFdiffusion"",""ProteinMPNN/LigandMPNN""]",86.7103311910873,90.22526267767222,13.24363536388987,0.0004294149221685,0.97,65.6,True,1.0
youngsuko2000.ysar,medium,true,medium,9.111069703243617,"[""Custom generative""]",80.69361991641497,86.80751577054515,12.839254083275822,0.0027547734069473,0.98,95.8,True,1.0
human_egf,medium,true,high,,,79.85400233832831,87.5085345780634,13.3595084009358,0.0025746665451341,0.98,84.74,True,1.0
stocco.filippo.1.3.3.18_40_0_iteration12_1.0321554292304749,medium,true,medium,8.529263434126559,"[""Custom PLM""]",83.11962611313257,87.28287291812563,12.187612572314668,0.0028064054392556,0.98,94.11,True,1.0
a.tucs.andrejs_tucs_seq5,medium,true,high,8.48163703018467,"[""ProteinMPNN/LigandMPNN""]",87.46655647659875,87.27487758461338,11.283554322129714,0.0029101997464624,0.98,84.94,True,1.0
a.tucs.andrejs_tucs_seq3,medium,true,high,8.171624524617124,"[""ProteinMPNN/LigandMPNN""]",86.03211758268581,86.77619643601075,11.681327303251448,0.0030061328673724,0.99,87.74,True,1.0
a.tucs.andrejs_tucs_seq8,weak,true,high,8.20595282146161,"[""ProteinMPNN/LigandMPNN""]",87.07644134929762,86.42063771499299,11.062407921334842,0.0028307123034227,0.99,82.62,True,1.0
aureliabustos.wwt_noised_i_scaffold_shorted_var8423,weak,true,high,7.5771319187900605,"[""ProteinMPNN/LigandMPNN""]",86.75631589387365,86.53623193093672,11.341817435508826,0.0026323766221464,0.99,83.37,True,1.0
aureliabustos.wwt_noised_i_scaffold_shorted_var7524,weak,true,high,7.612131445170661,"[""ProteinMPNN/LigandMPNN""]",86.17823650171601,87.18342551797397,10.65194341826908,0.0026090113984402,1.0,82.63,True,1.0
aureliabustos.wwt_noised_i_scaffold_shorted_var9391,weak,true,medium,7.650617915443149,"[""ProteinMPNN/LigandMPNN""]",86.80396127903721,86.6668005557736,11.515897824508226,0.0026105901297717,0.99,82.67999999999999,True,1.0
aureliabustos.wt_noised_i_scaffold_shorted_var71,weak,true,high,7.815945028575037,"[""ProteinMPNN/LigandMPNN""]",87.34423098085328,86.7648154421533,11.093921884373716,0.0026194310252281,0.99,82.96,True,1.0
briannaughton.egfr_plus_egfr,weak,true,high,20.471320514786697,,60.870472292960805,88.88408786248414,26.04723308539733,0.0011323262530992,0.63,88.6,True,1.0
joaosartori2.c1,weak,true,medium,9.063599866733298,"[""ESM2/3""]",80.59443322863515,87.82811554502184,12.723021822422124,0.0024143483813648,0.99,86.96000000000001,True,1.0
julian.faust.pimurutamab_mpnn_18_scfv,weak,true,high,15.13038791354097,"[""RFdiffusion"",""ProteinMPNN/LigandMPNN""]",87.05134859567912,90.2243769780227,13.13709071390231,0.0004366809368576,0.97,66.71000000000001,True,1.0
a.tucs.andrejs_tucs_seq1,weak,true,high,8.33658118340357,"[""ProteinMPNN/LigandMPNN""]",85.43216352471259,86.8045287246146,11.587076438140269,0.002866687223764,0.99,83.67,True,1.0
aureliabustos.wwt_noised_i_scaffold_shorted_var6640,weak,true,high,7.57432746045278,"[""ProteinMPNN/LigandMPNN""]",86.97408243960545,86.83666057289003,11.13924726090114,0.0026311136370812,1.0,83.33,True,1.0
kerrding.seq5,weak,true,high,8.781259836538753,"[""Custom PLM""]",81.65343245869774,87.32149260109853,13.68636405067906,0.0024330811533436,0.95,80.08,True,1.0
deepsatflow.6aru_final_chain_a_domain_3_l142_s806907_mpnn1,weak,true,high,16.442775849946702,"[""BindCraft""]",87.70908771901321,89.89018145357757,10.614662856365245,0.0005477308294209,1.0,48.3,True,1.0
a.tucs.andrejs_tucs_seq7,weak,true,high,8.458012299996573,"[""ProteinMPNN/LigandMPNN""]",85.64181491902696,87.38892148041397,11.894117243978483,0.0026902388049474,0.99,78.52,True,1.0
s1995825.cotimed_egf_netsolp_usability_5,weak,true,high,8.236538698735737,"[""TIMED""]",83.87415612411874,86.98651793590125,11.71245074862096,0.0026669407612978,0.99,77.84,True,1.0
kerrding.seq6,weak,true,high,8.48117840974691,"[""Custom PLM""]",82.43966749309372,87.25116428560521,13.225935040865313,0.0024920244280375,0.96,82.02,True,1.0
briannaughton.2_plus_2,weak,true,high,23.90814956069724,,69.18154248743792,89.00591582542104,23.98841215357233,0.0005950363025115,0.68,84.25,True,1.0
jvogt4.vogt_scfv_2279,weak,true,medium,21.73219439899226,"[""Custom PLM""]",81.6160649795403,87.26445573447728,26.417956210067008,0.0003321256038647,0.34,51.15,True,1.0
gitter.yolo48,weak,true,high,14.063644914756026,"[""BindCraft""]",85.79619138764353,90.61240668500037,10.966311376939396,0.0008861794852133,0.99,34.669999999999995,True,1.0
alejandro.corrochano-navarro.eng_scfv_binder_2,weak,true,high,16.359907056614617,"[""Custom ensemble/diffusion""]",86.38258777078978,89.97578774763444,15.304849626823286,0.0003731098950294,0.86,55.84,True,1.0
"colby.tupegfr_012___anti-egfr,_fv-like_protein,_diffused_with_evodiff",weak,true,low,25.520563413848635,"[""Custom ensemble/diffusion""]",,,,,,,True,1.0
paulafcfranklin.synth_rosetta_1,weak,true,high,8.007924072554918,"[""Rosetta"",""ESM2/3""]",86.07659030001268,87.49864843570136,11.970871692036583,0.0026421170965879,0.97,86.96000000000001,True,1.0
biolucasmachado.engineered_binder_1,weak,true,high,9.067320922871897,"[""ProteinMPNN/LigandMPNN"",""Rosetta"",""ESM2/3""]",64.93775705050288,89.30850200837705,25.2180965073019,0.0013168415792103,0.82,47.43,True,1.0
mosquitolkfo.nab_design_3,weak,true,medium,26.84378383861437,"[""AlphaFold2""]",87.05752159480829,89.79711253430924,13.00197547770297,0.0006953478641256,0.91,54.84,True,1.0
deepsatflow.6aru_final_chain_a_domain_3_l147_s945609_mpnn1,weak,true,high,14.011977225672876,"[""BindCraft""]",88.36721916323896,89.15624833521115,10.42668835650202,0.0005106970324361,0.98,46.61999999999999,True,1.0
aswini.seed1,none,false,high,10.236850885668275,"[""Custom generative"",""Custom surrogate""]",39.271134666726354,87.03463886255015,29.38732367149759,0.0022666666666666,0.13,70.38,False,0.0
minji.lee.111,none,false,high,23.11533139074202,"[""Custom ensemble/diffusion""]",57.55636607702458,87.22006704316813,29.913276078010373,0.0011399943767093,0.27,44.6,False,0.0
allongoldberg.3_52_1_refined,none,false,high,13.305687600644122,"[""Rosetta""]",74.80533547369025,88.37610028332958,19.471029131898696,0.0011837212706777,0.8,40.43,False,0.0
qxy615.s1_rfd_base_46_94,none,false,high,13.146108595008052,"[""RFdiffusion"",""ProteinMPNN/LigandMPNN""]",68.90845010745277,87.91713775138537,19.513300120772943,0.001213516505636,0.87,48.23,False,0.0
elian.elian2,none,false,high,12.962525040257647,"[""Custom ensemble/diffusion""]",82.19026962577799,90.68622959789865,13.050040257648956,0.0009413848631239,0.98,58.46,False,0.0
klima.jason.8hgo_design_4yyaf_0_0,none,false,high,10.105766577739324,"[""RFdiffusion"",""ProteinMPNN/LigandMPNN""]",72.37671172045042,89.55856796337783,23.00653615978081,0.0005401735284928,0.84,44.95,False,0.0
enzo.morro.design_0_n_0_mpnn_1.117_plddt_0.713_i_ptm_0.082_i_pae_27.542_rmsd_25.669,none,false,high,26.30737756371316,"[""RFdiffusion"",""ProteinMPNN/LigandMPNN""]",71.22535582682416,86.68981516981907,28.661376763381448,0.0005741174655519,0.39,59.54,False,0.0
enzo.morro.design_0_n_1_mpnn_1.085_plddt_0.817_i_ptm_0.076_i_pae_28.084_rmsd_25.372,none,false,high,26.35974326708901,"[""RFdiffusion"",""ProteinMPNN/LigandMPNN""]",65.72178191374041,85.8939794942529,30.09566663773902,0.000475667023441,0.08,49.330000000000005,False,0.0
akash.arunabharathi.design4,none,false,high,26.32161163899287,"[""Custom ensemble/diffusion""]",58.84985556857294,87.59917743905176,30.403818877904687,0.0005413187446012,0.5,50.76,False,0.0
jack.li.egfrbindingcandidate_7,none,false,high,26.26892449860928,,77.78126698032571,86.0242449379298,30.658552920509447,0.0004381496120626,0.1,59.86000000000001,False,0.0
christoph.gruber.upperbinder_scaffold2_lowerbinder,none,false,high,26.194696124160146,"[""Custom ensemble/diffusion""]",68.59162182627124,85.64295331806912,24.63653034593814,0.0012110611360986,0.75,87.24000000000001,False,0.0
nitesh.mishra3.stepwise_scaffold_egfr_binder_6,none,false,high,9.178466783156884,"[""RFdiffusion"",""ProteinMPNN/LigandMPNN""]",84.12523535058267,90.48511341826894,15.507688354404358,0.0012608353033884,0.88,36.8,False,0.0
joaosartori2.c6,none,false,high,10.081403742573157,"[""ESM2/3""]",76.2289107358034,89.03665655932761,13.731531456493974,0.0025687156421789,0.97,92.52,False,0.0
biolucasmachado.engineered_binder_8,none,false,high,9.232076184130158,"[""ProteinMPNN/LigandMPNN"",""Rosetta"",""ESM2/3""]",80.46322185386381,87.5449388230349,13.639949469709588,0.0025720473096784,0.94,92.64,False,0.0
praghava531.seq2,none,false,high,9.296874932903918,,80.94805982456923,86.30892549880375,29.3793411164788,0.0007112184648416,0.2,53.00000000000001,False,0.0
tim.silica_corpora_sampled_epitope_2_generated_variant_9_rank_6_phase_2,none,false,high,26.24968472604836,"[""Custom PLM""]",77.2516170635122,87.51848520222904,29.10105801093944,0.000734618916437,0.33,55.2,False,0.0
cameron.kroll.gertrude_gen6,none,false,high,26.23355620186883,"[""RFdiffusion"",""ProteinMPNN/LigandMPNN""]",79.35552461623041,87.08951623003436,29.034759604324822,0.0002606066581221,0.17,23.79,False,0.0
klima.jason.8hgo_design_94eja_1_5,none,false,high,9.469681348014682,"[""RFdiffusion"",""ProteinMPNN/LigandMPNN""]",48.96607089247599,86.44959213306406,30.49041940491216,0.0007417562490026,0.06,51.13000000000001,False,0.0
areddy.egfr_l169_s781475,none,false,high,9.18553097218649,"[""BindCraft""]",86.51458497756306,89.55183646831748,12.167046851327786,0.000609724723437,0.99,63.99000000000001,False,0.0
markus.braun.egfr_binder_3,none,false,high,26.04158795491143,"[""RFdiffusion"",""ProteinMPNN/LigandMPNN""]",88.37220877841108,88.559144456389,10.034244122383251,0.0008765861513687,1.0,136.08999999999995,False,0.0
qxy615.s1_rfd_comp_beta_782_81,none,false,high,10.076692538915726,"[""RFdiffusion"",""ProteinMPNN/LigandMPNN""]",76.20462596377712,88.05693498549395,26.19685882984434,0.0004824476650563,0.6,22.47,False,0.0
kerrding.seq9,none,false,high,9.160533375869717,"[""Custom PLM""]",59.59815748150017,88.64721851166532,29.9599550329657,0.0007738583538419,0.14,25.47,False,0.0
bronte.egfr_binder_4_91,none,false,high,16.514952413394443,"[""RFdiffusion"",""ProteinMPNN/LigandMPNN""]",74.98224683205773,87.08988538015645,28.811837813287084,0.0006717866138155,0.28,32.54,False,0.0
merlettaia.seq0v3,none,false,high,25.45761844555153,"[""ESM2/3""]",73.0714767938762,85.59230803643185,30.13211302334944,0.0009157357085346,0.18,72.79,False,0.0
wtj19921231.egfr_binder_design_208_dldesign_0_cycle1_run5_af2pred.pdb_a,none,false,high,10.910555072463769,"[""RFdiffusion"",""ProteinMPNN/LigandMPNN""]",48.86744758663205,87.48656547892898,29.7889307568438,0.0014940418679549,0.12,46.39,False,0.0
alessio.daddio.ad_9,none,false,high,10.879926033279656,"[""BindCraft"",""RSO""]",87.64291599763409,90.23284908472674,11.881281803542675,0.0005288244766505,0.97,49.26,False,0.0
markus.braun.egfr_binder_1,none,false,high,26.48503845410628,"[""RFdiffusion"",""ProteinMPNN/LigandMPNN""]",89.04866615905156,88.73335957817116,9.282667954911435,0.000679420289855,0.99,105.47999999999998,False,0.0
aswini.seed2_1,none,false,high,10.67327117552335,"[""Custom generative"",""Custom surrogate""]",50.7578009054272,87.70632432087915,28.892112721417067,0.0019642512077294,0.14,60.99,False,0.0
nicholas-schnicker.schnick_04,none,false,high,10.405895311388235,"[""BindCraft""]",84.89406898501831,90.93847792372937,12.548831591955963,0.0006225892221847,0.97,33.25,False,0.0
maxall4.egfr_trim_l126_s498823_mpnn2_model1_unrelaxed_rank_001_alphafold2_multimer_v3_model_1_seed_000_top1_mutation_l39g_round1_chain_a,none,false,high,10.691961378217416,"[""BindCraft""]",82.31523637404304,89.34163852122313,12.693930680162564,0.0005977302354113,0.96,46.77000000000001,False,0.0
paulafcfranklin.synth_rosetta_3,none,false,high,8.839302848575711,"[""Rosetta"",""ESM2/3""]",84.20445429464118,87.48667295675942,11.806052529290907,0.0024509967238602,0.98,88.28,False,0.0
paulafcfranklin.synth_rosetta_5,none,false,high,8.972940890665779,"[""Rosetta"",""ESM2/3""]",83.60173147669028,87.82082112130627,12.022394358376369,0.0025048586817702,0.98,90.22,False,0.0
tim.silica_corpora_regions_sampled_epitope_0_generated_variant_6_rank_7_phase_2,none,false,high,27.154146601240058,"[""Custom PLM""]",77.61725562157699,87.62760498467729,29.90156719540492,0.0004363041576324,0.14,34.41,False,0.0
antorsae.ta_4_4,none,false,high,7.842798409822867,"[""ProteinMPNN/LigandMPNN""]",60.66137403038157,88.47498900187531,28.17696759259259,0.0019072061191626,0.29,37.9,False,0.0
alex.naka.charmeleon,none,false,high,7.848187153336911,"[""ESM2/3"",""EvoProtGrad""]",83.22268111118392,90.17963428130471,14.96193236714976,0.0015773841474324,0.95,44.08,False,0.0
paulafcfranklin.synth_rosetta_2,none,false,high,7.8540616871051645,"[""Rosetta"",""ESM2/3""]",86.3353566627151,87.89446974721363,11.431016970147406,0.0026492629753499,0.99,85.55000000000001,False,0.0
stocco.filippo.1.3.3.18_37_0_iteration3_1.024851931427025,none,false,high,7.904691000178923,"[""Custom PLM""]",81.95648643359401,90.66599048170494,15.336017176596886,0.0011547682948649,0.96,32.27,False,0.0
s1995825.cotimed_egf_netsolp_usability_2,none,false,high,7.916646280878472,"[""TIMED""]",85.77367469930132,87.72357024015712,10.86032137595505,0.0027460855860485,0.97,80.15,False,0.0
biolucasmachado.engineered_binder_5,none,false,high,7.962992382014121,"[""ProteinMPNN/LigandMPNN"",""Rosetta"",""ESM2/3""]",87.9273200554011,87.59461065647592,10.613709277839714,0.0028864734299516,0.99,93.21,False,0.0
begonia.sp.13.egfr_l110_s478327_mpnn7_model2,none,false,high,10.936547870004391,"[""BindCraft""]",86.01206316917411,89.69560436770384,10.940645586297762,0.0009979505196896,0.99,68.17,False,0.0
elian.elian1,none,false,high,12.866124718196458,"[""Custom ensemble/diffusion""]",84.10745870849202,90.59995015382596,12.003541062801933,0.0009987117552334,0.99,62.02,False,0.0
elian.elian5,none,false,high,11.181468276972623,"[""Custom ensemble/diffusion""]",84.09919193949017,90.64374115310414,12.035041867954911,0.000991304347826,0.99,61.55999999999999,False,0.0
klima.jason.8hgo_design_8gswy_1_2,none,false,high,11.65567783816425,"[""RFdiffusion"",""ProteinMPNN/LigandMPNN""]",49.528475198277086,85.94498649248358,29.36181058776168,0.0010777727455716,0.31,85.67,False,0.0
julie.jg26n,none,false,high,12.780310950080516,,88.02854274815262,91.0623632098687,9.97632850241546,0.001780998389694,0.97,55.3,False,0.0
qilin_y.test5,none,false,high,12.718876435856146,"[""Custom generative""]",70.78541959645692,87.52684458813863,29.15619967793881,0.000866344605475,0.15,40.35,False,0.0
julie.ryfqy,none,false,high,12.693859742351044,,78.53964179738362,89.121229883232,19.713639291465377,0.0014888888888888,0.79,46.23,False,0.0
huiyu.cai.h3_15_3351_h,none,false,high,25.4887094262786,"[""Custom PLM""]",79.10109070678412,87.0431376610795,29.904266645373365,0.0008074153923956,0.13,60.67000000000001,False,0.0
begonia.sp.13.egfr_l61_s456546_mpnn1_model1,none,false,high,12.526772392492276,"[""BindCraft""]",82.4764883825451,90.51593236955904,14.029352445817166,0.0010440590269528,0.95,39.55,False,0.0
elian.elian3,none,false,high,12.378778904991949,"[""Custom ensemble/diffusion""]",86.6034873049132,90.9113560818139,10.876760064412238,0.0010595813204508,0.99,65.8,False,0.0
lyu.2,none,false,high,12.259662962962963,"[""RFdiffusion"",""ProteinMPNN/LigandMPNN""]",84.48705615176301,89.97783321709514,11.428661835748793,0.0010914653784219,0.99,67.77999999999999,False,0.0
alessio.daddio.ad_1,none,false,high,12.060652621220257,"[""BindCraft"",""RSO""]",88.12166003797726,90.45464940192112,10.659468599033818,0.0012977276793701,0.98,72.53000000000002,False,0.0
dre.lgdl_egfr_008,none,false,high,9.720647936265784,"[""Custom generative""]",20.865817635345632,87.79435827117022,30.36333587592169,0.0033591829816086,0.16,79.27000000000001,False,0.0
noah.holzleitner.noah_egfr-binder_8,none,false,high,12.007883876162278,"[""RFdiffusion"",""ProteinMPNN/LigandMPNN""]",83.05887164265197,89.43071137048106,12.887231832112615,0.0016412134434574,0.93,63.18999999999999,False,0.0
salireza111.seq166_3_002_4,none,false,high,11.90701222517993,"[""RFdiffusion"",""ProteinMPNN/LigandMPNN""]",68.47782412227166,87.50467876894524,24.99760425909494,0.0015268329554043,0.5,46.46000000000001,False,0.0
pastei5.egfr_binder_01,none,false,high,25.60860899758454,"[""AlphaFold2""]",61.65222527801217,87.47189693306697,29.07064412238325,0.0006580112721417,0.25,32.69,False,0.0
zhoup1366.dbz7___a,none,false,high,25.752589658560552,"[""Custom PLM""]",77.21444068852257,87.19115396250534,30.219988263871823,0.0008937198067632,0.21,65.49,False,0.0
cameron.kroll.gertrude_gen3,none,false,high,25.774054410814248,"[""RFdiffusion"",""ProteinMPNN/LigandMPNN""]",87.26377383239597,90.24690412335644,10.85720091579305,0.0006281288682944,0.98,57.34,False,0.0
elian.elian4,none,false,high,11.7371306763285,"[""Custom ensemble/diffusion""]",86.21242332422992,90.92929635964362,11.358900161030595,0.000998228663446,0.99,61.99,False,0.0
cbrown.cbrown_0005_2_egfr_l81_s801188_mpnn1_model1,none,false,high,11.379012544482215,"[""BindCraft""]",88.42102332529294,90.41867119358524,10.623778851315084,0.000700383690185,0.99,35.23,False,0.0
merlettaia.seq6v4,none,false,high,26.122251051893407,"[""ESM2/3""]",81.40506931283157,87.56744056995288,27.90044673004,0.0004255623084515,0.43,32.77,False,0.0
martin.egfr_l142_s75963_mpnn1,none,false,medium,25.45604097208048,"[""BindCraft""]",75.21305786242458,88.09120416268289,21.639640743008776,0.0005832256015966,0.63,51.43,False,0.0
enzo.morro.design_0_n_2_mpnn_1.120_plddt_0.858_i_ptm_0.072_i_pae_28.117_rmsd_30.276,none,false,high,26.06944246772156,"[""RFdiffusion"",""ProteinMPNN/LigandMPNN""]",68.80147942687493,86.22052938543382,30.335203023903883,0.0005482754298166,0.13,56.86000000000001,False,0.0
alex.naka.venusaur,none,false,medium,7.662666988727858,"[""ESM2/3"",""EvoProtGrad""]",79.83784902392355,90.12267968847776,14.990219001610306,0.0011983896940418,0.97,37.21,False,0.0
x.rustamov.traj_9_8_model_1_0,none,false,medium,20.741966061787032,"[""AlphaFold2""]",77.25673887392226,86.242095426947,30.17866412265389,0.0010480520710699,0.12,77.45,False,0.0
keaun.gwfgvvfkadiagvsekvaielsggyegslttpsgwnq,none,false,medium,20.725911517925248,"[""Custom ensemble/diffusion""]",22.002705216855933,88.5294472789573,30.02206119162641,0.0032299347402322,0.12,76.22000000000001,False,0.0
keaun.gwfgvvfkadiardsefvailesqgylssittfsgwnq,none,false,medium,20.04073904568184,"[""Custom ensemble/diffusion""]",38.94894961009964,88.14089289160692,29.16137384524113,0.0026239511823035,0.19,61.92,False,0.0
zulfatmi.pocket1pep78,none,false,medium,20.012834641706927,"[""Custom PLM""]",30.47966891229153,87.68725686515201,28.47272544283414,0.0047977053140096,0.35,47.67000000000001,False,0.0
julian.faust.becotatugxpimurutamab_scfv,none,false,medium,14.63299025961274,"[""RFdiffusion"",""ProteinMPNN/LigandMPNN""]",87.37274934286877,90.48398911663732,12.557464357252268,0.0004504929107262,0.99,68.82000000000002,False,0.0
paulafcfranklin.synth_rosetta_9,none,false,medium,8.744530512521518,"[""Rosetta"",""ESM2/3""]",82.0412543980869,87.0117514926429,12.73554333944139,0.0024401688044866,0.98,87.89,False,0.0
tiejun.wei.egfr_binder_design_208_dldesign_10_af2pred.pdb_a,none,false,medium,9.519181642512075,,81.17060097137605,89.25443952104735,10.025056360708534,0.0031024154589371,0.99,96.33,False,0.0
salireza111.seq166_7_003_9,none,false,medium,10.140296920700646,"[""RFdiffusion"",""ProteinMPNN/LigandMPNN""]",74.83371227071012,89.09633864336341,21.3824345197016,0.0013943935061947,0.67,42.43,False,0.0
qilin_y.test4,none,false,medium,10.039347074610845,"[""Custom generative""]",65.63946637245553,87.19154203598617,30.06259796027912,0.0007718733225979,0.08,35.95,False,0.0
joaosartori2.c3,none,false,medium,9.904508162585376,"[""ESM2/3""]",78.41099928207538,88.55282793798428,13.791795768782274,0.0022027874951413,0.97,79.34,False,0.0
amirm.mhosseini.seq4,none,false,medium,9.892940631361467,"[""ProteinMPNN/LigandMPNN""]",75.8955516929653,89.72406973566888,17.924759213684563,0.001713000941877,0.97,56.38,False,0.0
aswini.seed1_1,none,false,medium,9.87916376811594,"[""Custom generative"",""Custom surrogate""]",42.22069707017268,87.48368282765742,29.15417713365539,0.002261191626409,0.2,70.21000000000001,False,0.0
biolucasmachado.engineered_binder_2,none,false,medium,9.74646523960242,"[""ProteinMPNN/LigandMPNN"",""Rosetta"",""ESM2/3""]",68.54302823583053,89.22485462327127,26.840388139263705,0.0012241101671386,0.47,44.09,False,0.0
alessio.daddio.ad_4,none,false,medium,9.413321256038646,"[""BindCraft"",""RSO""]",87.15554138470293,90.20511679241793,10.707860976918948,0.0020418679549114,0.98,76.08,False,0.0
biolucasmachado.engineered_binder_6,none,false,medium,8.788735771003386,"[""ProteinMPNN/LigandMPNN"",""Rosetta"",""ESM2/3""]",83.1889227981798,87.24484764127492,12.141376533955246,0.0026772724748736,0.97,96.43,False,0.0
joaosartori2.c4,none,false,medium,9.37106710533622,"[""ESM2/3""]",73.62153799210093,87.18040703610893,16.065603309456385,0.0024421122771947,0.95,87.96,False,0.0
amirm.mhosseini.seq1,none,false,medium,9.143162104133118,"[""ProteinMPNN/LigandMPNN""]",84.45427931464481,87.57803926098151,11.8711782071927,0.0025971551261406,0.99,96.77,False,0.0
biolucasmachado.engineered_binder_9,none,false,medium,9.12370436097144,"[""ProteinMPNN/LigandMPNN"",""Rosetta"",""ESM2/3""]",75.3578291370067,86.01653499155368,20.77475763252161,0.001814058956916,0.72,55.2,False,0.0
antorsae.ta525_0_0,none,false,medium,7.683807568438004,"[""ProteinMPNN/LigandMPNN""]",83.95154742144575,90.8460925358234,14.670056360708536,0.0012850241545893,0.98,31.92,False,0.0
alecl.relaxeda,none,false,medium,9.1233615136876,"[""ESM2/3""]",73.25039617295148,85.95717887666666,22.269938808373592,0.0022466988727858,0.76,69.76,False,0.0
z_peplib.pepseq_design_8,none,false,medium,21.255422061191627,"[""Custom PLM""]",35.94362344604275,86.65722185171411,30.01711433172303,0.0016247987117552,0.17,50.45,False,0.0
revoli.mutated_nab_5,none,false,medium,21.704390063620284,"[""MD/docking tools""]",76.08197774461605,86.59831791397905,30.200458013252028,0.0005683588078456,0.09,43.06,False,0.0
duynth29.duy_l111_mpnn14,none,false,medium,17.279511032771904,"[""BindCraft""]",87.99503135072669,90.23040701651767,10.71792372082227,0.0010308859584221,1.0,71.05999999999999,False,0.0
jakublala.epitope_1_30aa.pdb,none,false,medium,18.802086956521737,"[""ESM2/3""]",73.5827193298473,90.03510291842248,15.71489533011272,0.0017037037037037,0.86,31.74,False,0.0
hughy.7om4_b_a_180_rnd1_v1_full,none,false,medium,18.794889456455746,"[""Custom ensemble/diffusion""]",81.98721455665583,88.36823569524661,24.703096539162114,0.0005129220453525,0.67,38.86000000000001,False,0.0
alex.naka.blastoise,none,false,medium,7.754463827756904,"[""ESM2/3"",""EvoProtGrad""]",83.80456392269247,87.26727394825937,11.4162879465617,0.0026259915309834,0.95,88.06,False,0.0
alex.naka.wartortle,none,false,medium,7.818170364406274,"[""ESM2/3"",""EvoProtGrad""]",83.63267972434544,86.86663672906707,12.097897656110217,0.0025869267012584,0.96,86.74999999999999,False,0.0
zhoup1366.dbz6___a,none,false,medium,17.851267473172847,"[""Custom PLM""]",81.27473550738664,87.28365644451284,27.641023559182127,0.0008116483308299,0.4,59.98,False,0.0
qilin_y.test8,none,false,medium,17.727835927715155,"[""Custom generative""]",33.566433208231224,89.08415211860613,29.857034651398585,0.0028192282459593,0.1,47.27,False,0.0
binom16.pocket2pep86,none,false,medium,19.22882447665057,"[""Custom PLM""]",37.57220507515715,88.5979795986237,27.60941022544284,0.0038647342995169,0.51,38.400000000000006,False,0.0
biolucasmachado.engineered_binder_3,none,false,medium,7.858972690525485,"[""ProteinMPNN/LigandMPNN"",""Rosetta"",""ESM2/3""]",82.47248628094911,88.18745898554135,13.50697689703901,0.0027424496368595,0.95,83.45,False,0.0
tadaskluonis.cotimed_egf_bcseq_1,none,false,medium,7.967141878233459,"[""TIMED""]",85.6027400494017,87.70116863114735,9.785524377291258,0.0028327680131565,0.98,82.68,False,0.0
binom16.pocket1pep15,none,false,medium,15.067269994632314,"[""Custom PLM""]",46.15784543638793,88.40543169818574,26.348566827697265,0.0026591519055287,0.52,24.77,False,0.0
chenceshi1105.steven_binder_design_l89_s48081_it100_mpnn4,none,false,medium,14.919839512203948,"[""RSO""]",90.93244303617756,90.41187381157712,10.141294396497134,0.0008581664224067,0.99,47.43,False,0.0
tadaskluonis.cotimed_egf_bcseq_0,none,false,medium,7.98926576900675,"[""TIMED""]",84.20177225767789,86.65788277052192,11.448689485044712,0.0027591050810292,0.98,80.53,False,0.0
alex.naka.charmander,none,false,medium,7.736820093039899,"[""ESM2/3"",""EvoProtGrad""]",84.95945980830587,87.32105209204936,10.993672093994157,0.0027196278404007,0.97,91.20000000000002,False,0.0
alex.naka.ivysaur,none,false,medium,7.6888708474980625,"[""ESM2/3"",""EvoProtGrad""]",76.0497646957784,86.11838473698789,17.32736625514403,0.0022982644480229,0.91,77.07000000000001,False,0.0
a.tucs.andrejs_tucs_seq4,none,false,medium,9.072770411484566,"[""ProteinMPNN/LigandMPNN""]",86.17856807682973,87.79464510128055,11.406934594168638,0.0027854866892794,0.99,81.3,False,0.0
keaun.gifgvvfkadiarvsidvaidystgylgslttfsgcnq,none,false,medium,21.296523857954064,"[""Custom ensemble/diffusion""]",23.19577060237492,87.64780147465392,30.29030002542588,0.0019416899737265,0.07,45.82000000000001,False,0.0
z_peplib.pepseq_design_9,none,false,medium,22.245356521739133,"[""Custom PLM""]",29.279272869031665,86.96607066848966,29.034479871175524,0.0026602254428341,0.37,82.6,False,0.0
revoli.mutated_nab_9,none,false,medium,22.153587220506324,"[""MD/docking tools""]",78.47326344579682,87.44401214306752,29.7467688287004,0.0005752224070114,0.07,43.58000000000001,False,0.0
cchallacombe.4,none,false,medium,21.684154155828068,"[""Custom ensemble/diffusion""]",75.19816669579602,87.7818660656297,28.821334076551462,0.0006555183946488,0.35,52.92,False,0.0
eceiiitn786.8s2,none,false,medium,9.098043317230276,,42.81539459114708,87.14594856689939,29.74144927536232,0.0018347826086956,0.14,56.97,False,0.0
amirm.mhosseini.seq9,none,false,medium,9.048929146537844,"[""ProteinMPNN/LigandMPNN""]",75.28215972179261,89.39352101142055,18.979938018412177,0.0016431197399203,0.94,54.08,False,0.0
amirmhosseini47.mohammad_seq2,none,false,medium,10.196730388773869,"[""RFdiffusion"",""ProteinMPNN/LigandMPNN""]",80.82595096468802,87.77627198841269,13.687968714055671,0.0021495284103979,0.99,93.44,False,0.0
"colby.tupegfr_001___anti-egfr,_fv-like_protein,_diffused_with_evodiff",none,false,medium,25.101808276972623,"[""Custom ensemble/diffusion""]",,,,,,,False,0.0
toluwase.fatoki.toluwase_sequence6_112,none,false,medium,24.213712258454105,"[""Custom ensemble/diffusion""]",33.2930362540615,87.07085194287336,30.584394409937893,0.0010433919944789,0.14,72.57000000000001,False,0.0
"colby.tupegfr_010___anti-egfr,_fv-like_protein,_diffused_with_evodiff",none,false,medium,25.29550479871176,"[""Custom ensemble/diffusion""]",,,,,,,False,0.0
x.rustamov.traj_4_8_model_1_5,none,false,medium,25.306979796749623,"[""AlphaFold2""]",77.4868714769226,86.0292286316306,29.965130786614164,0.0009250463470412,0.21,68.36,False,0.0
hughy.7om4_b_a_33_rnd2_v2_full,none,false,medium,26.95574338058657,"[""Custom ensemble/diffusion""]",79.08057208360587,87.12541572916399,30.200988622264457,0.0005765423299279,0.1,43.680000000000014,False,0.0
karmanyaaggarwal.ds003076,none,false,medium,26.02929730923069,"[""RFdiffusion"",""ProteinMPNN/LigandMPNN""]",84.00982788706139,87.4243144026105,25.3367773102696,0.0004852994649628,0.63,37.370000000000005,False,0.0
karmanyaaggarwal.ds004729,none,false,medium,26.821350449327305,"[""RFdiffusion"",""ProteinMPNN/LigandMPNN""]",84.32074241239765,87.69853633499586,25.03237494156148,0.0004829619240558,0.63,37.19,False,0.0
tarkhov.andrey.erithacus_rubecula_gigantus_4,none,false,medium,27.566586183966045,"[""RFdiffusion"",""ProteinMPNN/LigandMPNN""]",25.72174867531785,89.5069017810112,30.41562387946827,0.000798437938026,0.4,122.47,False,0.0
hughy.7om4_b_a_17_rnd2_v2_full,none,false,medium,25.87303681265014,"[""Custom ensemble/diffusion""]",76.22744341473802,86.86410201442949,30.23893376626805,0.000698371215121,0.1,52.91,False,0.0
mosquitolkfo.nab_design_9,none,false,medium,26.585819227306736,"[""AlphaFold2""]",86.73747033067633,89.18164480156467,12.54831932240354,0.0007137332471122,0.93,56.29,False,0.0
cchallacombe.1,none,false,medium,25.438759568933484,"[""Custom ensemble/diffusion""]",73.07989965007947,87.32888039577355,30.0952372104546,0.0006485816920599,0.06,52.36,False,0.0
paulafcfranklin.synth_rosetta_7,none,false,high,8.013659657099556,"[""Rosetta"",""ESM2/3""]",86.12223383454743,87.32828435349614,11.973152094976475,0.0026506899055918,0.98,83.94999999999999,False,0.0
akash.arunabharathi.design8,none,false,medium,24.87710482572334,"[""Custom ensemble/diffusion""]",55.14979425114582,87.4064826694058,30.628020362578567,0.0006311360448807,0.17,60.75000000000001,False,0.0
tarkhov.andrey.erithacus_rubecula_gigantus_9,none,false,medium,25.945646293957672,"[""RFdiffusion"",""ProteinMPNN/LigandMPNN""]",50.13884837412265,86.95367165932458,30.80441998917553,0.0003222616446502,0.15,48.22999999999999,False,0.0
merlettaia.seq70v3,none,false,medium,26.921319108964035,"[""ESM2/3""]",76.33201573217472,87.53152635199369,29.68853193773484,0.0008849973161567,0.12,65.94999999999999,False,0.0
tarkhov.andrey.erithacus_rubecula_gigantus_1,none,false,medium,25.863795611415128,"[""RFdiffusion"",""ProteinMPNN/LigandMPNN""]",45.95820294030408,86.53730966329081,28.831627478100508,0.0004925130795598,0.52,73.71000000000002,False,0.0
darius.szablowski.egfr_binder_3___ggggs_3_linked_top_binders_1_rev_and_2_rev,none,false,medium,26.28155311519498,"[""BindCraft""]",40.03392834631718,86.78375704370924,30.779235353686275,0.0004645815694672,0.12,55.97,False,0.0
darius.szablowski.egfr_binder_5___ggggs_3_linked_top_binders_1_and_2_efficiently_evolved_and_sapiens_evolved,none,false,medium,26.256408021647825,"[""BindCraft""]",53.096297955956175,86.42131447259231,27.97637498547404,0.0006555771369756,0.41,78.98,False,0.0
cameron.kroll.gertrude_gen3_s69d_n61e,none,false,high,26.005026400254145,"[""RFdiffusion"",""ProteinMPNN/LigandMPNN""]",79.50606257922963,87.29468221193213,28.128723695597404,0.0002920459649238,0.18,26.66,False,0.0
huiyu.cai.h3_15_4373_h,none,false,medium,25.84909982566109,"[""Custom PLM""]",80.8709137014559,86.83235440089739,29.97162268268988,0.0007899815014439,0.15,59.36,False,0.0
toluwase.fatoki.toluwase_sequence3_119,none,false,medium,23.295532009905408,"[""Custom ensemble/diffusion""]",28.96633522764481,87.0149639892307,30.446938388882128,0.0008418246525663,0.26,62.210000000000015,False,0.0
724928537.dbz6___a,none,false,medium,25.083760741011385,"[""Custom PLM""]",77.77472824577951,87.22123903244083,29.97710523823056,0.0006619846006035,0.17,48.92,False,0.0
karmanyaaggarwal.ds002542,none,false,medium,25.697910108565782,"[""RFdiffusion"",""ProteinMPNN/LigandMPNN""]",89.71133822586174,89.32927034577664,17.088299309126796,0.0004975066230325,0.86,38.31,False,0.0
klima.jason.8hgo_design_vdcjs_1_2,none,false,medium,10.393559839577064,"[""RFdiffusion"",""ProteinMPNN/LigandMPNN""]",55.42123445652867,86.97666332575014,29.828736365569835,0.0009512958405493,0.21,62.62,False,0.0
qilin_y.test6,none,false,medium,10.87377123266324,"[""Custom generative""]",57.77377202104017,87.37134672269917,29.346877218499472,0.000805152979066,0.14,46.5,False,0.0
jude.wells.21.6b3s_necitumumab_fused_trimmed_task_98_iter_184,none,false,medium,11.83138107025459,"[""Custom evolutionary algorithm""]",87.27724414476022,90.01046245875014,13.89851612302205,0.0003740301566388,0.95,56.21000000000001,False,0.0
silvia.toscani.b_egfr_6,none,false,medium,11.875633469589992,"[""RFdiffusion"",""ProteinMPNN/LigandMPNN""]",71.95026924891455,87.96906878962001,28.926770717205503,0.0010761798587885,0.2,43.440000000000005,False,0.0
jude.wells.21.panitumumab_fused_trimmed_crossbreed3,none,false,medium,11.879800916738494,"[""Custom evolutionary algorithm""]",87.60989170148753,90.3487115899116,13.177793814019685,0.00035065915636,0.95,52.48,False,0.0
lhallee.lhallee_128_driveid_3_4,none,false,medium,22.723332263989533,"[""Custom PLM""]",25.59582526787341,86.42565375720693,30.609201388888884,0.0008238979468599,0.12,65.49000000000001,False,0.0
youngsuko2000.fast4,none,false,medium,8.919993817575339,"[""Custom generative""]",78.87071491080299,88.73773063937487,11.461648838279272,0.0027260179434092,0.99,94.8,False,0.0
niklas.ee4629a9-322f-48f0-884d-8f4418db9bce_l151_s241659642_mpnn11,none,false,medium,11.89437688624415,"[""AlphaFold2""]",82.98538497471658,84.94953598716826,21.239302129656288,0.0004455535293427,0.83,41.78,False,0.0
youngsuko2000.last,none,false,medium,8.913720381872556,"[""Custom generative""]",79.47535999115506,87.18130502045594,13.206786289394984,0.0025690131124913,0.97,89.33999999999999,False,0.0
aswini.seed2_3,none,false,high,9.93497149758454,"[""Custom generative"",""Custom surrogate""]",47.962104658475,87.25499115019154,28.52942351046699,0.0020444444444444,0.26,63.48,False,0.0
jude.wells.21.6b3s_necitumumab_fused_trimmed_task_89_iter_216,none,false,medium,12.624469330991072,"[""Custom evolutionary algorithm""]",88.3068176292778,90.28867436221336,13.299049786401566,0.0004017114491422,0.96,60.370000000000005,False,0.0
gitter.yolo23,none,false,medium,12.820660225442833,"[""BindCraft""]",80.78191574275172,90.2859239803759,13.121083079859249,0.001624917993678,0.99,54.49,False,0.0
chuh.egfr_seg1_l58_s941869_mpnn2,none,false,medium,13.169182214448332,"[""BindCraft""]",87.7717877890249,89.97894179195745,10.12484035759898,0.0007984896440668,1.0,28.76,False,0.0
julie.rj0aa,none,false,medium,13.185184380032204,,73.63148839891937,88.12649938902169,24.84604186795491,0.001266344605475,0.23,39.32000000000001,False,0.0
biolucasmachado.engineered_binder_4,none,false,medium,8.822597590093842,"[""ProteinMPNN/LigandMPNN"",""Rosetta"",""ESM2/3""]",84.21920762390214,87.84626842153737,11.887014825920373,0.0027702815259037,0.99,99.78,False,0.0
z_peplib.pepseq_design_6,none,false,medium,22.3188156199678,"[""Custom PLM""]",33.335075840941755,87.12131188257275,30.658859903381646,0.002044766505636,0.12,63.49,False,0.0
antorsae.ta397unsafety_2,none,false,medium,6.804462205171923,"[""ProteinMPNN/LigandMPNN""]",83.21147383554774,88.77383134021115,17.69728142464715,0.0013057686842853,0.85,27.57,False,0.0
mosquitolkfo.nab_design_7,none,false,medium,26.459377813280582,"[""AlphaFold2""]",90.39937592672835,90.29192460106128,9.816256482432449,0.0007061255024281,0.98,55.69,False,0.0
zhoup1366.dbz1___a,none,false,medium,25.50515453524405,"[""Custom PLM""]",78.74429190415717,86.49750598319055,30.11006102924261,0.0008733541725869,0.16,64.54,False,0.0
lhallee.lhallee_128_driveid_1_2,none,false,medium,24.95903325030193,"[""Custom PLM""]",22.0888804869307,84.11898700742275,30.17805203301128,0.0013906501610305,0.2,110.54000000000002,False,0.0
paulafcfranklin.synth_rosetta_8,none,false,medium,8.823452856904881,"[""Rosetta"",""ESM2/3""]",82.86382974580953,87.28703801081738,12.70317063690377,0.0024779277028152,0.98,89.25,False,0.0
alex.naka.charizard,none,false,high,8.022943281445697,"[""ESM2/3"",""EvoProtGrad""]",79.19383611765011,90.46140643598024,15.845181606727502,0.0013737699051708,0.97,38.39,False,0.0
antorsae.ta_5_2,none,false,high,7.456828917191236,"[""ProteinMPNN/LigandMPNN""]",60.1311986317335,88.42028382126843,28.897970038549747,0.0018006148440931,0.21,36.900000000000006,False,0.0
paulafcfranklin.synth_rosetta_4,none,false,high,8.081324555587129,"[""Rosetta"",""ESM2/3""]",85.58013929601768,87.2813084382013,12.408951406649615,0.0026011177417827,0.98,82.38,False,0.0
noah.holzleitner.noah_egfr-binder_4,none,false,high,15.227697781933406,"[""RFdiffusion"",""ProteinMPNN/LigandMPNN""]",81.32280684856987,89.7222557687149,12.639668069191211,0.0011129291984831,0.96,42.85,False,0.0
coreyhowe99.corey82,none,false,high,15.262956253354805,"[""RSO""]",83.81435850902267,90.40119140433748,10.122698604401505,0.0024365942028985,0.99,72.63,False,0.0
duynth29.duy_l111_mpnn14_l80m_l42m,none,false,high,15.398287925606768,"[""BindCraft""]",88.83066305584502,90.28620563849071,10.41101971536754,0.0010707809258533,1.0,73.80999999999999,False,0.0
reed.harrison.model_56_119_0,none,false,high,15.49834791313052,"[""RFdiffusion"",""ProteinMPNN/LigandMPNN""]",88.21362056222256,91.09682386724904,9.472683553118337,0.001222744483614,0.99,56.190000000000005,False,0.0
bundit.b_s18.manbaritone_seq3_egfr-binder-70-100_beta_303_dldesign_6_lenght=71,none,false,high,15.599722732530452,"[""RFdiffusion"",""ProteinMPNN/LigandMPNN""]",,,,,,,False,0.0
duynth29.duy_l111_mpnn14_i36m__l80m_l42m,none,false,high,15.615952184068124,"[""BindCraft""]",89.01989604417763,90.12598478486552,10.257460358909633,0.0010569990280135,1.0,72.86000000000001,False,0.0
lennart.nickel.egfr_l170_s20625_mpnn10,none,false,high,15.671703230084304,"[""BindCraft""]",85.15483933440211,89.83228705169974,13.58567396040542,0.0005196552050772,0.98,54.86,False,0.0
aswinijavadi160197.8_a,none,false,high,15.69835539452496,"[""Custom ensemble/diffusion""]",74.10862610763974,89.10140653374293,28.472338164251205,0.0002299516908212,0.1,14.28,False,0.0
maxall4.egfr_ed_binder_l134_s906486_mpnn2_model1_unrelaxed_rank_001_alphafold2_multimer_v3_model_1_seed_000_top1_mutation_g108s_round1_y80d_chain_a,none,false,high,15.795666354219245,"[""BindCraft""]",85.5288017143098,89.34819821377147,12.226990650611675,0.0007105775470473,0.96,59.13,False,0.0
fernando.meireles.design_hybrid_partial_diff_4_31_binder,none,false,high,15.81700949629028,"[""RFdiffusion"",""ProteinMPNN/LigandMPNN""]",68.32828762708927,86.71796103875825,28.795885442533145,0.0008755850527488,0.37,58.18000000000001,False,0.0
carson.vaux.baker1_18,none,false,high,15.833319831537224,"[""RFdiffusion"",""ProteinMPNN/LigandMPNN""]",81.00330997655679,89.36119794346996,15.856452372104547,0.0010201907593211,0.84,41.18000000000001,False,0.0
julian.faust.demupitamab_mpnn_19_scfv,none,false,high,15.125246095335346,"[""RFdiffusion"",""ProteinMPNN/LigandMPNN""]",86.4177343810421,90.54803993850835,14.016158700234346,0.0003877826217875,0.9,59.24000000000001,False,0.0
lennart.nickel.egfr_l114_s69310_mpnn7,none,false,high,14.921162386642935,"[""BindCraft""]",84.5179060951836,89.36455279706301,15.672434104585134,0.0006331045003813,0.92,44.82,False,0.0
fgndd1.fg_seq1,none,false,high,17.797483740092435,"[""RFdiffusion"",""ProteinMPNN/LigandMPNN""]",85.97427120233583,89.48147325931231,13.37909948344731,0.0008227199531547,0.96,78.68,False,0.0
cchallacombe.6,none,false,high,25.100121227468705,"[""Custom ensemble/diffusion""]",76.20678401956766,87.51539769095008,29.992692587398054,0.0006247727390784,0.11,48.11,False,0.0
niklas.e5a28fa3-3501-41c2-922c-ec848e0bc020_l81_s514858345_mpnn4,none,false,high,14.011425816584165,"[""AlphaFold2""]",83.6043594759334,90.22904451935806,12.079085902864756,0.0011240333194171,0.98,56.54,False,0.0
flowuenne.nf-proteindesign_design7,none,false,high,23.084293558776167,"[""RFdiffusion"",""ProteinMPNN/LigandMPNN""]",53.15587856741626,86.83071258827113,28.892621578099835,0.0013655394524959,0.26,42.400000000000006,False,0.0
qxy615.s1_rfd_base_46_60,none,false,high,15.222343624194847,"[""RFdiffusion"",""ProteinMPNN/LigandMPNN""]",65.20105719158015,87.0172568464738,28.31996779388084,0.000943035426731,0.29,37.48,False,0.0
fernando.meireles.design_hybrid_partial_diff_9_54_binder,none,false,high,15.180134392824357,"[""RFdiffusion"",""ProteinMPNN/LigandMPNN""]",70.53284850727273,86.33463759528793,25.529757551130977,0.0009538429123963,0.37,63.38,False,0.0
jude.wells.21.panitumumab_fused_trimmed_task_12_iter_123,none,false,high,15.00997764948784,"[""Custom evolutionary algorithm""]",83.38814021505091,90.29946144278618,15.31325662664288,0.000350993244733,0.89,52.53,False,0.0
chenceshi1105.steven_binder_design_l82_s44755_it100_mpnn6,none,false,high,13.972323357291543,"[""RSO""]",90.67216424239842,91.02091549899708,9.823335689878638,0.0010425749185028,0.99,53.09,False,0.0
zalavi.shortrustamov_ggg_zalavi3,none,false,high,23.26159185878228,"[""RFdiffusion"",""ProteinMPNN/LigandMPNN""]",84.98977564848643,89.08213100527863,15.189423619179626,0.0007213763020037,0.96,106.17000000000002,False,0.0
allongoldberg.4_44_14_refined_ideal,none,false,high,21.37679934187496,"[""Rosetta""]",78.3997298893098,86.33970898751917,26.409155406193847,0.0004225302807533,0.32,36.21,False,0.0
joel.rf_diffusion_trim_3,none,false,high,21.138036331397352,"[""RFdiffusion"",""ProteinMPNN/LigandMPNN""]",60.52870577441902,86.89769123743477,29.21898351698059,0.0008771644140476,0.15,48.48,False,0.0
akash.arunabharathi.design3,none,false,high,21.203598301859174,"[""Custom ensemble/diffusion""]",42.2661445836969,87.73800996841742,30.1702752159274,0.001894671351193,0.21,51.77,False,0.0
duynth29.l88_mpnn5,none,false,high,23.383204874835307,"[""BindCraft""]",84.9955196425778,89.74471329068854,10.526875640462595,0.0011603352364221,0.99,63.41,False,0.0
darius.szablowski.egfr_binder_4___ggggs_3_linked_top_binders_1_and_2_efficiently_evolved,none,false,high,23.37275661138503,"[""BindCraft""]",74.63961292757281,89.29599131961587,22.12175075119943,0.0005780500356923,0.87,69.63999999999999,False,0.0
allongoldberg.3_52,none,false,high,21.31516351925048,"[""Rosetta""]",55.06623015845492,86.85515856867931,29.072897086810134,0.0010742204655248,0.21,36.69,False,0.0
martin.egfr_l177_s77884_mpnn7,none,false,high,21.316812640446884,"[""BindCraft""]",76.9442242028717,86.6404396682534,28.368187814441804,0.0004207720370825,0.19,46.25,False,0.0
qilin_y.test7,none,false,high,14.07295279260954,"[""Custom generative""]",24.47229021880172,88.65983282286908,29.91186964997034,0.00255530129672,0.14,60.3,False,0.0
s1995825.cotimed_egf_netsolp_usability_1,none,false,high,8.038159111933396,"[""TIMED""]",85.30096704215063,87.43572192027061,10.816867098365712,0.0026782471648336,0.97,78.17,False,0.0
keaun.gwfgvvfkadiarvsefvaiglstgplgsestfsiwrq,none,false,high,21.413229510975505,"[""Custom ensemble/diffusion""]",25.685909171327875,87.27238713540088,29.7193829985592,0.00255530129672,0.1,60.3,False,0.0
allongoldberg.4_44_0_refined,none,false,high,21.45014591939136,"[""Rosetta""]",77.28583813717019,86.25128281714319,27.34488086069687,0.000417979416089,0.25,35.82000000000001,False,0.0
x.rustamov.traj_11_8_model_5_0,none,false,high,21.46388665611172,"[""AlphaFold2""]",75.76265758595204,87.07645537851761,28.63748088607424,0.0009012300572402,0.19,66.60000000000001,False,0.0
akash.arunabharathi.design10,none,false,high,21.615502671643977,"[""Custom ensemble/diffusion""]",43.543209455807066,87.61645089673537,30.11914800175669,0.0017614551310203,0.2,48.13,False,0.0
zalavi.zalavi3_mergedaltered_rustamov,none,false,high,23.35015984266519,"[""RFdiffusion"",""ProteinMPNN/LigandMPNN""]",83.05455661196757,87.3197631922018,17.05711768432724,0.0006841820437686,0.93,103.67,False,0.0
lhallee.lhallee_40_target_driveid_10,none,false,high,21.68679710144928,,27.21007334890906,88.35691763873668,29.85871980676329,0.0024279388083735,0.26,60.31,False,0.0
noah.holzleitner.noah_egfr-binder_1,none,false,high,17.890991411701556,"[""RFdiffusion"",""ProteinMPNN/LigandMPNN""]",85.13375731445723,90.48783982688258,10.481859903381643,0.0014382716049382,0.97,53.59,False,0.0
mlange05.a,none,false,high,24.74887423842489,"[""BindCraft""]",77.71452846297764,87.30300937345805,27.00483755831134,0.0003139266563739,0.36,37.82,False,0.0
darius.szablowski.egfr_binder_2___ggggs_3_linked_top_binders_1_and_2,none,false,high,23.26688617461029,"[""BindCraft""]",73.4064749897038,87.8004945329358,26.21988893869217,0.0005575476866377,0.68,67.17,False,0.0
lyu.1,none,false,high,14.140290579710149,"[""RFdiffusion"",""ProteinMPNN/LigandMPNN""]",83.60098877238265,90.11160240666806,12.332772946859905,0.0009951690821256,0.99,61.8,False,0.0
lyu.3,none,false,high,14.261777777777777,"[""RFdiffusion"",""ProteinMPNN/LigandMPNN""]",85.06995209078494,90.52397971162954,11.381433172302737,0.0009314009661835,0.99,57.84,False,0.0
rohith.mohan.model_67_69_2,none,false,high,14.284103393795764,"[""RFdiffusion"",""ProteinMPNN/LigandMPNN""]",64.23134968285142,89.1407108366979,25.076258621213498,0.001568377236958,0.52,51.61999999999999,False,0.0
bundit.b_s18.manbaritone_seq6_egfr-binder-70-100_beta_778_dldesign_0_length=71,none,false,high,17.409841917851715,"[""RFdiffusion"",""ProteinMPNN/LigandMPNN""]",,,,,,,False,0.0
junhee.park1999.egfr_binder_7,none,false,high,17.417678399823387,"[""RFdiffusion"",""ProteinMPNN/LigandMPNN""]",84.51866885079566,89.72356118019083,16.53364890135577,0.0003504363409693,0.84,53.97,False,0.0
zhoup1366.dbz8___a,none,false,high,24.77990604274133,"[""Custom PLM""]",79.23089336008121,87.29495997147104,30.13381642512077,0.0007945085837495,0.19,58.22,False,0.0
amelie.schreiber.model_83_156_16,none,false,high,17.783945981554673,"[""RFdiffusion"",""ProteinMPNN/LigandMPNN""]",83.16672450398266,90.19358212888372,12.20784365393061,0.000907334211682,0.98,61.98,False,0.0
salireza111.seq206_1_001_6,none,false,high,16.907152880475863,"[""RFdiffusion"",""ProteinMPNN/LigandMPNN""]",38.78729948722548,89.52401526496509,29.73201222517993,0.0020375299878405,0.3,62.0,False,0.0
junhee.park1999.egfr_binder_9,none,false,high,16.865107819074332,"[""RFdiffusion"",""ProteinMPNN/LigandMPNN""]",85.3406556150464,89.9884412049143,14.838537608435926,0.0003707599605215,0.9,57.100000000000016,False,0.0
nhaas.4,none,false,high,16.847856272043913,"[""Custom ensemble/diffusion""]",79.92456788829467,87.0681450139339,29.80910507409364,0.0003124123947922,0.1,47.92,False,0.0
darius.szablowski.egfr_binder_1___top_binder_1,none,false,high,16.21847762760318,"[""BindCraft""]",85.71746539777186,90.10529963261548,12.76165843420362,0.0008936293401364,0.93,49.39,False,0.0
chenceshi1105.steven_binder_design_l75_s60968_it100_mpnn0,none,false,high,17.385036500268384,"[""RSO""]",84.69011131707174,89.85302367952082,12.148691358024692,0.0013794954374664,0.96,64.25,False,0.0
maxall4.egfr_ed_binder_l124_s860500_mpnn1_model1_unrelaxed_rank_001_alphafold2_multimer_v3_model_1_seed_000_top1_mutation_d81n_round1_chain_a,none,false,high,16.23001850553218,"[""BindCraft""]",84.96814463653638,90.4602367813825,11.57610513739546,0.0010886447457274,0.99,83.83,False,0.0
deepsatflow.6aru_final_chain_a_domain_3_l138_s466479_mpnn9,none,false,high,16.3862798431702,"[""BindCraft""]",85.79815889639895,89.80919578626363,11.428963336367245,0.0008449438726691,0.99,72.41000000000001,False,0.0
salireza111.seq166_1_001_7,none,false,high,16.797437148772552,"[""RFdiffusion"",""ProteinMPNN/LigandMPNN""]",68.16563052767687,88.30429277497173,24.83177889513293,0.0015173025732031,0.58,46.17,False,0.0
bundit.b_s18.manbaritone_seq5_egfr-binder-70-100_beta_303_dldesign_1_length=71,none,false,high,16.549817649860515,"[""RFdiffusion"",""ProteinMPNN/LigandMPNN""]",,,,,,,False,0.0
junhee.park1999.egfr_binder_6,none,false,high,16.596557224300035,"[""RFdiffusion"",""ProteinMPNN/LigandMPNN""]",84.59815206623097,89.5805859021557,16.216263440860214,0.000355176354475,0.85,54.7,False,0.0
spacecruiser42.d2_prompt_binder_t0.8_88,none,false,high,16.603831680650902,"[""Custom PLM""]",47.11788465675953,90.24786416481967,25.44289346554793,0.0020917026866683,0.5,24.68,False,0.0
christoph.gruber.upperbinder_scaffold3_lowerbinder,none,false,high,16.609326933755344,"[""Custom ensemble/diffusion""]",78.22933386384584,86.34294225149078,20.50661474818147,0.0011041701371536,0.95,79.53999999999999,False,0.0
amelie.schreiber.model_56_119_15,none,false,high,16.636276276276277,"[""RFdiffusion"",""ProteinMPNN/LigandMPNN""]",86.18855713974885,90.70460606603326,10.771514993254124,0.0011940201070635,0.96,54.86999999999999,False,0.0
spacecruiser42.d2_prompt_binder_t1.0_37,none,false,high,16.692140812309894,"[""Custom PLM""]",37.69529229427198,89.4230086435332,27.314269100017896,0.0031266774020397,0.53,34.95,False,0.0
spacecruiser42.d2_prompt_binder_t1.0_22,none,false,high,16.347429019408423,"[""Custom PLM""]",63.38188103067221,89.97531379503141,20.820764471565383,0.0024222391728112,0.61,28.58,False,0.0
jakublala.epitope_2_30aa_1.pdb,none,false,high,21.82916210413312,"[""ESM2/3""]",32.93939177490875,88.50073381644893,29.72176596886742,0.0019495437466451,0.16,36.32,False,0.0
markus.braun.egfr_binder_6,none,false,high,17.364700257648956,"[""RFdiffusion"",""ProteinMPNN/LigandMPNN""]",87.05971551545599,88.62232802585068,11.467248309178744,0.0006866344605475,0.97,106.6,False,0.0
cameron.kroll.leitner,none,false,high,17.29960843274508,"[""RFdiffusion"",""ProteinMPNN/LigandMPNN""]",87.19265757721084,89.89545731806484,10.409108635402632,0.0005926364104417,0.96,54.10000000000001,False,0.0
niklas.95b59203-b642-4754-bcd3-8e670a722c8d_l91_s349792600_mpnn19,none,false,high,14.345360018403497,"[""AlphaFold2""]",82.47770109826604,89.99124363383147,13.247275751623578,0.0005390101042274,0.98,30.46,False,0.0
mchrnwsk.marta_chronowska_dom1_l99_s666690_mpnn16,none,false,high,14.374814001528978,"[""BindCraft""]",85.17398124445837,89.46288200942779,11.09242505571008,0.0006473755266025,0.99,39.8,False,0.0
chuh.egfr_seg2_l62_s244475_mpnn4,none,false,high,14.39174874032518,"[""BindCraft""]",86.42222535691548,90.00870156835317,10.502708950184408,0.0014316139421328,0.98,55.12,False,0.0
tarkhov.andrey.erithacus_rubecula_gigantus_7,none,false,high,25.407870623418454,"[""RFdiffusion"",""ProteinMPNN/LigandMPNN""]",46.05692852900255,88.56374228761862,29.12969588221761,0.0006981366459627,0.48,75.87,False,0.0
niklas.7a72d922-1677-4fc8-9315-d7996ba05d8e_l150_s530325711_mpnn12,none,false,high,14.411815619967792,"[""AlphaFold2""]",80.1151341696781,87.28123039265834,26.888433709071386,0.0003422436929683,0.46,31.880000000000003,False,0.0
niklas.95b59203-b642-4754-bcd3-8e670a722c8d_l91_s349792600_mpnn2,none,false,high,14.46425510077684,"[""AlphaFold2""]",81.88585410233262,89.76667670962011,13.957535701013963,0.0005391870609261,0.95,30.47,False,0.0
tim.silica_corpora_regions_sampled_epitope_2_generated_variant_8_rank_3_phase_2,none,false,high,25.39189082857561,"[""Custom PLM""]",76.10240796983693,86.96158278619576,28.21341799638901,0.0005383545600936,0.24,44.13,False,0.0
noah.holzleitner.noah_egfr-binder_2,none,false,high,14.81829092860977,"[""RFdiffusion"",""ProteinMPNN/LigandMPNN""]",87.61769778158528,90.5747886465492,9.223845947396672,0.001472088030059,0.99,54.85,False,0.0
gitter.yolo46,none,false,high,17.302688167233256,"[""BindCraft""]",82.71718629104923,90.20501262276557,12.558892467346572,0.001823522395181,0.95,61.15,False,0.0
fernando.meireles.design_hybrid_partial_diff_7_1_binder,none,false,high,15.945853537405752,"[""RFdiffusion"",""ProteinMPNN/LigandMPNN""]",69.22409898651675,86.36906758730547,28.13189007780637,0.0008642978614534,0.33,57.42999999999999,False,0.0
maxall4.egfr_ed_binder_l134_s906486_mpnn2_model1_unrelaxed_rank_001_alphafold2_multimer_v3_model_1_seed_000_top1_mutation_g108s_round1_chain_a,none,false,high,16.093086499867812,"[""BindCraft""]",85.47242241598357,89.25200163504874,12.273337419184273,0.0007096161703559,0.95,59.05,False,0.0
noah.holzleitner.noah_egfr-binder_3,none,false,high,16.12995477724101,"[""RFdiffusion"",""ProteinMPNN/LigandMPNN""]",86.42105044164927,90.30157975367324,9.97723564143854,0.0017920021470746,0.98,66.77,False,0.0
alejandro.corrochano-navarro.eng_scfv_binder_3,none,false,high,16.95257949632837,"[""Custom ensemble/diffusion""]",86.80214442042025,90.08079123185802,14.927231543287832,0.0003738448894501,0.86,55.95,False,0.0
maxall4.egfr_ed_binder_l132_s581930_mpnn1_model1_unrelaxed_rank_001_alphafold2_multimer_v3_model_1_seed_000_top1_mutation_r79a_round1_chain_a,none,false,high,17.1029480188357,"[""BindCraft""]",86.22476154375808,89.85654957776356,11.726842092421805,0.0008055189576928,0.99,66.03,False,0.0
lennart.nickel.egfr_l98_s70756_mpnn3,none,false,high,17.207416116204936,"[""BindCraft""]",84.90170307117296,89.98870472399165,13.36159748923724,0.0008744947254264,0.99,53.22,False,0.0
aswini.clipgen30,none,false,high,17.269046162104132,"[""Custom generative"",""Custom surrogate""]",36.46308099786001,86.98460306444314,29.87958847736626,0.0017226695294328,0.22,48.14,False,0.0
merlettaia.seq52v3,none,false,high,24.852748482596308,"[""ESM2/3""]",75.30937293277569,87.04606061664819,29.79722531896445,0.0006111730459556,0.11,49.34,False,0.0
martin.egfr_l165_s31019_mpnn3,none,false,high,17.28410061972381,"[""BindCraft""]",84.60603553322512,89.73182756840262,17.447402527692383,0.0004636705216415,0.86,47.51,False,0.0
huiyu.cai.h3_15_877_h,none,false,high,16.032766133003285,"[""Custom PLM""]",79.23660722588184,86.37502101461654,29.5731704395736,0.0008615802291691,0.13,64.74000000000001,False,0.0
jakublala.epitope_1_20aa.pdb,none,false,high,21.83313727858293,"[""ESM2/3""]",33.090985864375064,88.75863803841438,28.95938808373591,0.0028309178743961,0.21,35.16,False,0.0
minji.lee.3458,none,false,high,21.406831357048745,"[""Custom ensemble/diffusion""]",61.83140849193751,87.02139794438308,30.27930939833114,0.0010005855658029,0.1,54.68000000000001,False,0.0
ccalia.paesani_lab_design9,none,false,high,22.933550059222,"[""BindCraft""]",71.05217238871121,87.07253914021076,24.60939899655315,0.0005622097124073,0.92,84.49000000000001,False,0.0
nitesh.mishra3.stepwise_rfdiff_egfr_binder_1,none,false,high,8.820835220410627,"[""RFdiffusion"",""ProteinMPNN/LigandMPNN""]",82.10821944603329,89.84846923647311,15.761674718196458,0.0009666867954911,0.97,38.42,False,0.0
merlettaia.seq0v4,none,false,high,26.8170740481014,"[""ESM2/3""]",80.85391408398193,87.33631328483636,29.830845150901258,0.0005445171679393,0.1,41.92999999999999,False,0.0
klima.jason.8hgo_design_jt8s1_0_3_proteinmpnn_20,none,false,high,8.823125163839268,"[""RFdiffusion"",""ProteinMPNN/LigandMPNN""]",64.8810412116125,87.12966896048592,26.957150881923376,0.0006672471257911,0.8,71.27,False,0.0
cameron.kroll.gertrude_gen5,none,false,high,26.774166036785083,"[""RFdiffusion"",""ProteinMPNN/LigandMPNN""]",79.73535620688764,87.25045111283555,28.44482565973249,0.0002463658571319,0.08,22.49,False,0.0
paulafcfranklin.synth_rosetta_10,none,false,high,8.832345493919707,"[""Rosetta"",""ESM2/3""]",82.027997094937,88.0126596592556,13.019226497862178,0.0024684879782331,0.98,88.91000000000001,False,0.0
paulafcfranklin.synth_rosetta_6,none,false,high,8.855936753845299,"[""Rosetta"",""ESM2/3""]",81.90269311831568,87.55791752153608,12.511755233494362,0.0025628852240546,0.98,92.31,False,0.0
amirm.mhosseini.seq3,none,false,high,8.6392354085012,"[""ProteinMPNN/LigandMPNN""]",78.69973351808775,90.21229162475728,15.973211193145566,0.0016048369945006,0.97,52.82,False,0.0
s1995825.timed_egf_netsolp_usability_consensus_2,none,false,high,8.559834686675575,"[""TIMED""]",84.08147736154656,87.3790163636728,12.33374790146298,0.0025696371672319,0.95,75.0,False,0.0
martin.egfr_l121_s46924_mpnn18,none,false,high,23.080923929678868,"[""BindCraft""]",83.82152531404918,89.1391810960819,14.533427822360627,0.0009681798219347,0.97,72.74999999999999,False,0.0
a.tucs.andrejs_tucs_seq2,none,false,high,8.206992667968617,"[""ProteinMPNN/LigandMPNN""]",83.47874158754607,86.26774416951439,13.88687086716689,0.0028427039435365,0.99,82.97,False,0.0
s1995825.cotimed_egf_netsolp_usability_7,none,false,high,8.291079418919383,"[""TIMED""]",59.49110747289,88.88509558698378,29.095539109877684,0.0015702196183232,0.16,45.830000000000005,False,0.0
a.tucs.andrejs_tucs_seq6,none,false,high,8.325529859183883,"[""ProteinMPNN/LigandMPNN""]",82.35613330888089,90.32072621851522,15.449299345599066,0.0013156542296227,0.96,38.4,False,0.0
nitesh.mishra3.stepwise_egf_based_egfr_binder_3,none,false,high,8.355508560912288,"[""RFdiffusion"",""ProteinMPNN/LigandMPNN""]",60.60820345549588,87.94009197814368,29.63427322619869,0.0016780045351473,0.12,51.06,False,0.0
biolucasmachado.engineered_binder_7,none,false,high,8.534392664778721,"[""ProteinMPNN/LigandMPNN"",""Rosetta"",""ESM2/3""]",86.04908292772474,87.06420880928651,12.000513632072852,0.0025476150813482,0.94,91.76,False,0.0
stocco.filippo.1.3.3.18_51_2_iteration3_1.0356664070457622,none,false,high,8.36386336705861,"[""Custom PLM""]",84.49930251897958,87.31043336832079,11.162121350226355,0.0027776258621213,0.99,91.42,False,0.0
a.tucs.andrejs_tucs_seq10,none,false,high,8.49468547641073,"[""ProteinMPNN/LigandMPNN""]",84.83512849886795,86.71216652321725,11.95023469352794,0.0027745229040326,0.99,80.98,False,0.0
markus.braun.egfr_binder_7,none,false,high,26.8542899194847,"[""RFdiffusion"",""ProteinMPNN/LigandMPNN""]",87.66271297069511,88.53062446728987,10.55218743961353,0.0007718518518518,0.99,119.82999999999998,False,0.0
alecl.unrelaxeda,none,false,high,8.81791658615137,"[""ESM2/3""]",82.10154556314048,87.35640866032402,15.226895330112722,0.0026334943639291,0.98,81.77,False,0.0
antorsae.ta_4_5,none,false,high,8.767050023375408,"[""ProteinMPNN/LigandMPNN""]",61.82802091566637,88.60592133052123,26.88200612955172,0.0018747078073866,0.29,36.09,False,0.0
a.tucs.andrejs_tucs_seq9,none,false,high,8.73413009216432,"[""ProteinMPNN/LigandMPNN""]",85.0776434377107,86.17851326425813,12.299280501593174,0.002702915681639,0.99,78.89,False,0.0
kerrding.seq7,none,false,high,8.72822668854252,"[""Custom PLM""]",80.69345735560935,87.49461129773815,13.928639139549722,0.0024607298028134,0.93,80.99,False,0.0
tadaskluonis.cotimed_egf_bcseq_2,none,false,high,7.82736509404872,"[""TIMED""]",85.46945689179014,87.1105751819665,11.209716654675027,0.0027858293075684,0.96,81.31,False,0.0
markus.braun.egfr_binder_8,none,false,high,26.535575716586152,"[""RFdiffusion"",""ProteinMPNN/LigandMPNN""]",86.03721768826571,89.71847230484568,10.883067954911432,0.0009788083735909,0.99,151.96,False,0.0
"antorsae.t=0.1,_sample=939,_score=0.9451,_global_score=1.3625,_seq_recovery=0.4250",none,false,high,7.804535628019324,"[""ProteinMPNN/LigandMPNN""]",,,,,,,False,0.0
antorsae.ta_5_1,none,false,high,7.033155726058538,"[""ProteinMPNN/LigandMPNN""]",88.0938884261144,90.4684344683831,13.495780051150897,0.0012048877522023,0.97,25.44,False,0.0
tadej.satler.egfr_binder_3,none,false,high,7.369154522830413,"[""Hallucination "",""RFdiffusion"",""ProteinMPNN/LigandMPNN""]",84.54976568131175,88.74708032285444,14.30249264715668,0.0007431362372073,0.9,55.84000000000001,False,0.0
antorsae.ta_5_3,none,false,high,7.470616445249599,"[""ProteinMPNN/LigandMPNN""]",62.47607596103333,88.78115067311903,28.256400966183573,0.0018503421900161,0.3,36.77,False,0.0
stocco.filippo.1.3.3.18_13_0_iteration12_1.0279718223732435,none,false,high,7.535537580047186,"[""Custom PLM""]",73.35172947414722,87.65927632567502,19.984855634198404,0.0020173763247575,0.87,53.870000000000005,False,0.0
alex.naka.squirtle,none,false,high,7.552754106280194,"[""ESM2/3"",""EvoProtGrad""]",85.48053439735644,86.79033159243745,11.082553945249597,0.002791304347826,0.98,86.67,False,0.0
qy.qilin.yu.10-13-21_sample267_complex_42_complex,none,false,high,13.549763417378069,"[""RFdiffusion"",""ProteinMPNN/LigandMPNN""]",75.04830759020335,88.58858204912353,24.60943242229722,0.0009578011603026,0.66,43.42,False,0.0
x.rustamov.p_vhh_partial_1_32,none,false,high,27.887475202641443,"[""AlphaFold2""]",81.51795307818567,87.510508104141,29.26415648384958,0.0006603607626625,0.23,48.8,False,0.0
tim.silica_corpora_sampled_epitope_0_generated_variant_8_rank_1_phase_2,none,false,high,27.49574579789995,"[""Custom PLM""]",78.9818855676563,88.09711376939606,26.182445003393617,0.0005650709998536,0.63,42.46,False,0.0
baptiste.roelens.ognk,none,false,high,7.712802363699103,"[""RFdiffusion"",""ProteinMPNN/LigandMPNN""]",86.71872267689172,89.55632899669045,11.392926155969633,0.0017420059811364,0.99,60.58,False,0.0
tim.silica_corpora_sampled_epitope_0_generated_variant_1_rank_8_phase_2,none,false,high,27.207831244967792,"[""Custom PLM""]",79.38679783659602,87.45938917518414,30.36549793679549,0.0005236010466988,0.09,41.620000000000005,False,0.0
s1995825.cotimed_egf_netsolp_usability_4,none,false,high,8.13476719087265,"[""TIMED""]",85.35398398849648,87.29667073317354,11.076013293589613,0.0026871552403467,0.99,78.43,False,0.0
s1995825.cotimed_egf_netsolp_usability_6,none,false,high,8.148036968513379,"[""TIMED""]",84.0103372539478,87.32902559332389,12.210597183677663,0.0026138349265083,0.94,76.28999999999999,False,0.0
s1995825.timed_egf_netsolp_usability_consensus_1,none,false,high,8.155833076369616,"[""TIMED""]",84.66652879212523,87.40355536923626,11.640566005413367,0.0026350772604241,0.96,76.91,False,0.0
s1995825.cotimed_egf_netsolp_usability_3,none,false,high,8.156604995374654,"[""TIMED""]",85.10872241122654,87.44957142359979,11.154157672936584,0.0026679686161647,0.97,77.87,False,0.0
kerrding.seq8,none,false,high,8.705155713547837,"[""Custom PLM""]",81.71198443711094,87.4069356839687,13.773779357700604,0.0025625132926199,0.93,84.34,False,0.0
akash.arunabharathi.design9,none,false,high,27.702688283354483,"[""Custom ensemble/diffusion""]",52.788584391576,86.17436557243606,31.108114606291323,0.0004678792196323,0.13,63.05,False,0.0
jakublala.full_dibinder_45aa.pdb,none,false,high,18.971729289676148,"[""ESM2/3""]",52.43371758201364,88.58743383353574,25.615952764358564,0.0017534442655215,0.7,49.00000000000001,False,0.0
s1995825.cotimed_egf_netsolp_usability_8,none,false,high,8.550963100010279,"[""TIMED""]",82.40471025719135,87.00802195393682,13.44037071298866,0.002607667797307,0.93,76.10999999999999,False,0.0
martin.egfr_l111_s89744_mpnn1,none,false,high,19.3688431184808,"[""BindCraft""]",79.95472920227617,88.24912159481832,20.255234945090017,0.000651230941086,0.79,44.89,False,0.0
amelie.schreiber.model_60_151_9,none,false,high,18.64464059636848,"[""RFdiffusion"",""ProteinMPNN/LigandMPNN""]",76.70558808462629,89.72469977552522,17.46800211005608,0.0014953634293964,0.88,53.86,False,0.0
spacecruiser42.d2_prompt_binder_t1.0_139,none,false,high,18.666238727858293,"[""Custom PLM""]",38.50144224528111,89.3008647630889,28.33427536231884,0.0028220611916264,0.31,35.05,False,0.0
zulfatmi.pocket7pep42,none,false,high,18.754305091044223,"[""Custom PLM""]",60.72874762896812,90.58156196297388,21.13942772203642,0.0035897435897435,0.79,28.98,False,0.0
ccalia.paesani_lab_design8,none,false,high,24.34891297638218,"[""BindCraft""]",73.95836032032507,89.63075885613804,24.40555689747719,0.000524959742351,0.97,78.24000000000001,False,0.0
lhallee.lhallee_20_on_target_2000,none,false,high,21.015262882447665,"[""Custom PLM""]",34.86406122397895,89.83727107391242,29.414299516908216,0.0027004830917874,0.12,33.54,False,0.0
binom16.pocket7pep80,none,false,high,21.036008335701432,"[""Custom PLM""]",29.76970464789233,88.96214496540249,29.08647342995169,0.0038836790754949,0.09,41.00000000000001,False,0.0
zalavi.zalavi3_ggg_shortpacesa,none,false,high,23.44277788100252,"[""RFdiffusion"",""ProteinMPNN/LigandMPNN""]",80.74137495414185,86.94007624092747,25.351776841873463,0.0006564405356675,0.83,95.39,False,0.0
zhoup1366.dbz10___a,none,false,high,21.896337310926683,"[""Custom PLM""]",79.27810768629573,86.34058749952074,30.386206421955208,0.0009338398227287,0.19,67.85000000000001,False,0.0
ccalia.paesani_lab_design3,none,false,high,24.23665560427069,"[""BindCraft""]",69.96546616680745,88.50633578719693,25.32122085549196,0.000548857224049,0.88,81.12000000000002,False,0.0
mlange05.c,none,false,high,23.238252859325325,"[""BindCraft""]",70.78091901578256,87.36635231948573,30.039742351046705,0.0002137165035715,0.1,25.88,False,0.0
lhallee.lhallee_40_full_driveid_8_9,none,false,high,22.293850845410628,"[""Custom PLM""]",31.794875721708955,88.63935673407043,29.84518518518518,0.0028031400966183,0.28,69.63000000000001,False,0.0
allongoldberg.3_52_10_refined_ideal,none,false,high,22.3090496267018,"[""Rosetta""]",64.33355345355828,87.91627319508778,28.77917728004684,0.0009178743961352,0.27,31.35,False,0.0
minji.lee.459,none,false,high,23.127274557165865,"[""Custom ensemble/diffusion""]",75.70038846002662,88.80775024221875,24.21486023370081,0.0006051034311903,0.54,29.31000000000001,False,0.0
christoph.gruber.upperbinder_xten_lowerbinder,none,false,high,22.736474963576413,"[""Custom ensemble/diffusion""]",49.336624753673696,89.67863533747716,25.231308948700253,0.0012447920660481,0.88,48.7,False,0.0
dre.lgdl_egfr_001,none,false,high,22.73900900900901,"[""Custom generative""]",24.515561375182447,90.58857093404198,30.58214736475606,0.0024642033337685,0.12,56.620000000000005,False,0.0
keaun.gafpvvfkadiarvsefvaigpstgylgslttmsgvnq,none,false,high,22.8045578015086,"[""Custom ensemble/diffusion""]",24.35371884355025,87.94250677062142,29.966069158403258,0.0034299516908212,0.17,80.94,False,0.0
toluwase.fatoki.toluwase_sequence4_148,none,false,high,22.93164604822213,"[""Custom ensemble/diffusion""]",34.38108148749615,87.81227238841682,29.892402184793493,0.0006394437916177,0.36,58.77000000000001,False,0.0
christoph.gruber.upperbinder_scaffold1_lowerbinder,none,false,high,18.61928222312944,"[""Custom ensemble/diffusion""]",74.35940999185699,83.07856430876608,23.436251162368738,0.0008327096232791,0.84,73.42999999999999,False,0.0
christoph.gruber.binder12_1,none,false,high,18.60690219704962,"[""Custom ensemble/diffusion""]",68.26496245744595,89.41728008590027,20.83197105151128,0.0006729968349158,0.89,36.35999999999999,False,0.0
flowuenne.nf-proteindesign_design8,none,false,high,23.243970531400965,"[""RFdiffusion"",""ProteinMPNN/LigandMPNN""]",48.49283725631598,87.91930986088029,29.601510466988728,0.0010969404186795,0.2,34.06,False,0.0
ssomani.17,none,false,high,18.46501212699549,"[""RFdiffusion"",""ProteinMPNN/LigandMPNN""]",77.91899568268306,88.61807843931874,24.207665851573523,0.0002405518776962,0.37,24.2,False,0.0
lennart.nickel.egfr_l139_s63093_mpnn2,none,false,high,18.538014342149467,"[""BindCraft""]",77.27359235409354,87.30161796518749,28.042164529246165,0.0004966461613318,0.31,42.87,False,0.0
binom16.pocket3pep98,none,false,high,19.49614551310204,"[""Custom PLM""]",66.47493608479861,89.79449394661027,18.10464060898844,0.0023151807934416,0.83,31.63,False,0.0
ccalia.paesani_lab_design1,none,false,high,24.155196437528048,"[""BindCraft""]",70.48261073099651,88.06086187323015,25.37686505108102,0.000528563131913,0.91,80.09,False,0.0
salireza111.seq119_3_001_8,none,false,high,19.59610092346117,"[""RFdiffusion"",""ProteinMPNN/LigandMPNN""]",62.92340163472903,86.95275220055507,29.367708436031418,0.0014229846527983,0.1,43.3,False,0.0
huiyu.cai.h3_15_2847_h,none,false,high,19.68710484289536,"[""Custom PLM""]",77.8060092769269,87.25055762185896,29.86958251819912,0.0008023582331882,0.21,60.290000000000006,False,0.0
minji.lee.386,none,false,high,20.610019466356835,"[""Custom ensemble/diffusion""]",72.42284088419751,88.40752258229735,29.038951058929047,0.0005340508367475,0.22,26.2,False,0.0
binom16.pocket2pep89,none,false,high,20.637254428341382,"[""Custom PLM""]",51.9451298361065,88.55568763714393,25.71901108269395,0.0029781187837453,0.58,31.44,False,0.0
ccalia.paesani_lab_design2,none,false,high,23.626542538915725,"[""BindCraft""]",69.91341190844904,88.2424109236392,25.513199812130967,0.000546833064949,0.85,81.50000000000001,False,0.0
minji.lee.3995,none,false,high,23.621122613296528,"[""Custom ensemble/diffusion""]",72.61594104992929,89.04331552969484,23.33351109438066,0.0007742016437668,0.69,37.02,False,0.0
724928537.dbz8___a,none,false,high,20.73800511508952,"[""Custom PLM""]",79.54150943855325,87.19022880541328,28.75825789252899,0.0008503498017564,0.29,62.84000000000001,False,0.0
ali.rasouli.intern.model_77_142_3,none,false,high,18.91287072558492,"[""RFdiffusion"",""ProteinMPNN/LigandMPNN""]",76.64827672458952,89.68030315184552,16.52555413469736,0.001145685327271,0.87,48.38,False,0.0
allongoldberg.4_44,none,false,high,24.241147751406103,"[""Rosetta""]",59.81286782679988,86.22016111794153,29.8801302247427,0.0003905575392657,0.14,33.47,False,0.0
spacecruiser42.d2_prompt_binder_t0.8_42,none,false,high,18.0067247224341,"[""Custom PLM""]",49.684079767209646,89.59251175998207,26.880066107297232,0.0021544198660903,0.58,25.42,False,0.0
jakublala.full_dibinder_45aa_2.pdb,none,false,high,18.01315458937198,"[""ESM2/3""]",54.02572075326836,88.72766671566636,24.49074968688496,0.0016521739130434,0.78,46.17,False,0.0
huiyu.cai.h3_15_2431_h,none,false,high,18.02586424189192,"[""Custom PLM""]",77.58175912982979,87.06460684379743,29.541881263225136,0.0008135372166992,0.14,61.13,False,0.0
duynth29.l148_mpnn1,none,false,high,18.222137191539364,"[""BindCraft""]",84.19899860700231,89.91773850027222,12.796577011794405,0.0005800365582974,0.97,53.31,False,0.0
flowuenne.nf-proteindesign_design10,none,false,high,18.31684702093398,"[""RFdiffusion"",""ProteinMPNN/LigandMPNN""]",68.43475052506858,88.30665143287557,29.53830273752013,0.0009165861513687,0.09,28.46,False,0.0
mlange05.b,none,false,high,18.44278121645196,"[""BindCraft""]",81.53298291301587,90.07448301502518,14.731820316693506,0.0004048409822866,0.93,48.27,False,0.0
zulfatmi.pocket2pep63,none,false,high,18.99483802216539,"[""Custom PLM""]",42.224529232358336,88.98491171423925,27.909055602917498,0.0027621483375959,0.47,29.16,False,0.0
julian.faust.pimurutamabxbecotatug_scfv,unknown,unknown,none,14.637462949871043,"[""RFdiffusion"",""ProteinMPNN/LigandMPNN""]",85.27937651161804,90.44198136850628,13.54976434546954,0.0004398229972637,0.98,67.19,,
nhaas.3,unknown,unknown,none,25.20080691323254,"[""Custom ensemble/diffusion""]",80.89447360418649,88.14125213746081,27.10596986706827,0.0003493777177987,0.4,53.59,,
nhaas.6,unknown,unknown,none,26.88967422271769,"[""Custom ensemble/diffusion""]",80.19872963452914,87.08864395962837,30.344143897461976,0.0003110433087549,0.12,47.71000000000001,,
hughy.4krp_b_a_89_rnd3_full,unknown,unknown,none,25.32361919433984,"[""Custom ensemble/diffusion""]",75.0033053652038,85.98669854875118,30.20881230425908,0.0008923884514435,0.07,70.38,,
nhaas.2,unknown,unknown,none,25.636159518081712,"[""Custom ensemble/diffusion""]",80.39865945144042,87.25801746879655,28.899191587292272,0.000326429228031,0.13,50.07,,
xiuming_li2015.eureka_seq_4,unknown,unknown,none,14.392501653737447,"[""Custom PLM""]",88.53356242496757,90.56222847830004,12.827061158217573,0.0004101937044386,0.96,61.39,,
jude.wells.21.6b3s_necitumumab_fused_trimmed_task_211_iter_150,unknown,unknown,none,12.6584578991496,"[""Custom evolutionary algorithm""]",87.18969507989532,90.39920857949762,13.649345896381467,0.0004037742377663,0.96,60.68,,
tarkhov.andrey.erithacus_rubecula_gigantus_8,unknown,unknown,none,25.01502294180664,"[""RFdiffusion"",""ProteinMPNN/LigandMPNN""]",44.578137917222,86.0620954066527,30.3796919531866,0.0004667192205849,0.11,69.27,,
xiuming_li2015.eureka_seq_3,unknown,unknown,none,14.482023673502114,"[""Custom PLM""]",87.72803910191256,90.56154360343164,13.301798063623789,0.0004043137490729,0.95,60.510000000000005,,
mosquitolkfo.nab_design_6,unknown,unknown,none,27.055346596168228,"[""AlphaFold2""]",85.25543690795331,88.95940526484722,14.164225848580523,0.0007027020173202,0.9,55.42,,
nhaas.8,unknown,unknown,none,26.499584971346987,"[""Custom ensemble/diffusion""]",80.05103718622316,87.2406048096844,28.72194710112329,0.000340837228709,0.18,52.28000000000001,,
chrisxushaoyong.hu_nano1_5_559c85,unknown,unknown,none,24.651922237805827,"[""Custom PLM""]",80.6376705282145,87.41652293850247,29.008857981403565,0.0005173757207417,0.31,39.84,,
chrisxushaoyong.hu_nano1_1_ff3e18,unknown,unknown,none,24.47552029764688,"[""Custom PLM""]",76.16137547094452,87.19320487116488,29.873692275725933,0.0006487974650667,0.1,49.96000000000001,,
alejandro.corrochano-navarro.eng_scfv_binder_1,unknown,unknown,none,19.029418151689484,"[""Custom ensemble/diffusion""]",86.69057335734605,90.15156619019228,14.819535483526105,0.0003755153313154,0.87,56.2,,
revoli.mutated_nab_8,unknown,unknown,none,19.51826238747657,"[""MD/docking tools""]",75.97577019793484,86.87380586139139,30.08137588764816,0.0005905335128428,0.12,44.74000000000001,,
mosquitolkfo.nab_design_1,unknown,unknown,none,24.038732359542013,"[""AlphaFold2""]",86.93502706226106,89.81058791132375,12.049247467255,0.000769269783306,0.96,60.67,,
hughy.7om4_b_a_8_rnd2_v2_full,unknown,unknown,none,23.414391185554763,"[""Custom ensemble/diffusion""]",78.33073112698311,87.11540223335771,30.27914257807344,0.0007812623742773,0.15,59.19000000000001,,
"colby.tupegfr_006___anti-egfr,_fv-like_protein,_diffused_with_evodiff",unknown,unknown,none,21.66866644122383,"[""Custom ensemble/diffusion""]",,,,,,,,
x.rustamov.traj_6_1_model_1_8,unknown,unknown,none,27.976871811526543,"[""AlphaFold2""]",80.79824140190374,87.6420535845292,25.73026969241803,0.0008385769766843,0.59,61.97,,
"colby.tupegfr_018___anti-egfr,_fv-like_protein,_diffused_with_esm3",unknown,unknown,none,25.893593945249595,"[""Custom ensemble/diffusion""]",,,,,,,,
xiuming_li2015.eureka_seq_1,unknown,unknown,none,16.67962314831519,"[""Custom PLM""]",88.69003316776569,90.60367456210616,12.653138760264865,0.0004083228095495,0.96,61.11,,
724928537.dbz7___a,unknown,unknown,none,25.68653385025508,"[""Custom PLM""]",79.86208947468485,87.55877850803775,28.64313725490196,0.0005893178527449,0.2,43.55,,
