Complex,Binder_RMSD,Target_RMSD
paulafcfranklin.synth_rosetta_1,0.5609191405927101,2.074346522615641
merlettaia.seq0v3,4.4697418760599925,24.19309552451104
minji.lee.459,1.0934145289341142,25.64530877561988
spacecruiser42.d2_prompt_binder_t1.0_22,7.872086385174839,23.696875685971154
deepsatflow.6aru_final_chain_a_domain_3_l147_s945609_mpnn1,0.2536298361160261,22.408480144760723
qxy615.s1_rfd_base_46_94,3.203468813060134,23.544066722294712
youngsuko2000.ysar,2.1417258436534987,2.485765794083867
christoph.gruber.binder12_1,10.215278067952816,23.382995425677315
merlettaia.seq52v3,1.4785132122225613,24.785046133070303
briannaughton.1_plus_2,9.877107452944237,22.764165612251514
cchallacombe.4,1.3918325356165822,22.94213927863081
allongoldberg.4_44_14_refined_ideal,1.0379251994551253,4.185298617519942
tarkhov.andrey.erithacus_rubecula_gigantus_1,16.188981077804957,24.117738184848392
paulafcfranklin.synth_rosetta_4,0.9028634322218366,2.3080223549008467
klima.jason.8hgo_design_jt8s1_0_3_proteinmpnn_20,8.311210249476149,23.59179461621512
amelie.schreiber.model_56_119_15,0.3003996034186449,2.561629461326611
chenceshi1105.steven_binder_design_l89_s48081_it100_mpnn4,0.3040355687965627,22.622310872088956
aswini.seed2_1,3.9185849388391225,26.87032243822027
x.rustamov.traj_4_8_model_1_5,1.6991349920460834,24.43145973788392
ccalia.paesani_lab_design9,16.13148573314363,21.36473940069714
minji.lee.111,2.9484874086428774,23.338038981390987
a.tucs.andrejs_tucs_seq8,0.7058761676903912,3.1475080570867027
merlettaia.seq70v3,2.220180470214764,23.118911970988446
s1995825.cotimed_egf_netsolp_usability_8,1.0230153821485175,2.7458675802158163
lhallee.lhallee_20_on_target_2000,7.447461274408784,22.98824824907619
aureliabustos.wwt_noised_i_scaffold_shorted_var7524,0.8117546075476016,2.5721485989210637
alex.naka.ivysaur,1.2636167953139241,2.747082362344674
huiyu.cai.h3_15_4373_h,1.4054123831352476,23.914267822183643
ccalia.paesani_lab_design2,18.743120835446327,24.3108874189056
keaun.gwfgvvfkadiardsefvailesqgylssittfsgwnq,7.513171986604825,24.697992293957846
salireza111.seq206_1_001_6,16.758886082423675,23.699675285392274
cchallacombe.6,1.027657829855322,24.425097640403372
zulfatmi.pocket2pep63,1.5461148093138264,23.88260888293047
junhee.park1999.egfr_binder_9,3.234114545019016,23.69693570884336
huiyu.cai.h3_15_2847_h,3.2914539332142656,24.005466845972627
aureliabustos.wwt_noised_i_scaffold_shorted_var9391,0.7866921512898357,2.4891471809799857
duynth29.duy_l111_mpnn14_l80m_l42m,0.7414228058682832,24.220735536289222
merlettaia.seq6v4,1.1899287293340661,24.846458441149984
lhallee.lhallee_128_driveid_3_4,17.85768974579857,24.396145769642075
noah.holzleitner.noah_egfr-binder_4,0.3463215390227795,25.58684408088312
paulafcfranklin.synth_rosetta_9,1.5139320263537732,2.657379124737124
xiuming_li2015.eureka_seq_1,1.2534077158663903,21.295348574625628
christoph.gruber.upperbinder_scaffold3_lowerbinder,11.027948206045505,22.446421195041776
joel.rf_diffusion_trim_3,12.282831074178812,25.27668337521983
jude.wells.21.panitumumab_fused_trimmed_task_12_iter_123,2.313218693574388,22.399746171575725
stocco.filippo.1.3.3.18_13_0_iteration12_1.0279718223732435,0.8591865060783961,24.90767771700518
nhaas.4,1.4880250556850565,22.78041062864807
s1995825.cotimed_egf_netsolp_usability_2,0.8792342527729239,3.2095951739021293
minji.lee.3458,1.3835703996505346,24.433884191808374
kerrding.seq8,0.3937602931546992,3.024555112840363
julie.ryfqy,0.29934308227317863,23.71390068805664
keaun.gwfgvvfkadiagvsekvaielsggyegslttpsgwnq,12.255887229461445,23.40178597305633
junhee.park1999.egfr_binder_6,3.6896072245170037,23.205257016289657
darius.szablowski.egfr_binder_2___ggggs_3_linked_top_binders_1_and_2,10.445698917693576,19.458229483539586
stocco.filippo.1.3.3.18_65_0_iteration3_1.028317065130863,1.570264798369087,2.376600862677302
spacecruiser42.d2_prompt_binder_t0.8_88,4.504050632060547,23.978548200778153
duynth29.l88_mpnn5,0.4569200115194277,3.899960956987236
julian.faust.pimurutamab_mpnn_17_scfv,3.9853180752831197,23.928196678011307
s1995825.cotimed_egf_netsolp_usability_7,2.046476723333159,23.22288702005888
tim.silica_corpora_sampled_epitope_0_generated_variant_1_rank_8_phase_2,1.5084295071952185,22.92600364083196
a.tucs.andrejs_tucs_seq3,1.2883671079708152,2.304648798695521
aswini.seed1,5.013977751203223,23.777126362511197
elian.elian2,1.1942901329403517,24.518760923847797
aureliabustos.bce_var464,1.685141532165499,2.4632775265714066
qxy615.s1_rfd_base_46_60,7.53686014545561,23.13034132065781
antorsae.ta_5_2,0.7771767642619625,23.962866884737515
lennart.nickel.egfr_l98_s70756_mpnn3,2.887380747131162,26.10052207767253
aureliabustos.wwt_noised_i_scaffold_shorted_var6640,0.9037341275785705,2.797010487330153
gitter.yolo46,0.822129828715819,23.74084298131934
dre.lgdl_egfr_001,10.739523213967129,23.992953132155314
paulafcfranklin.synth_rosetta_3,2.159051455533471,2.81904254556842
flowuenne.nf-proteindesign_design7,2.4030769190368524,22.482631127633326
spacecruiser42.d2_prompt_binder_t0.8_42,6.528819655432442,22.9019696447623
z_peplib.pepseq_design_9,19.93312270974035,22.106338480268306
begonia.sp.13.egfr_l61_s456546_mpnn1_model1,0.9938101243676001,24.496304711682136
s1995825.cotimed_egf_netsolp_usability_3,1.3531013489630974,1.6778279260177626
jvogt4.vogt_scfv_2143,2.707215859930655,22.35360251920296
jvogt4.vogt_scfv_2279,3.2262455258392184,24.78040047987279
tim.silica_corpora_sampled_epitope_0_generated_variant_8_rank_1_phase_2,0.9155232722200862,22.06997274341527
begonia.sp.13.egfr_l88_s11832_mpnn1_model2,1.9302359969971579,23.56006624285096
aswinijavadi160197.8_a,0.4910648796471888,25.14170674246485
xiuming_li2015.eureka_seq_4,1.6177692124529526,20.48410033516486
mosquitolkfo.nab_design_1,1.6588684211495595,24.183286737788627
klima.jason.8hgo_design_8gswy_1_2,11.02742599413708,23.36895807597785
chuh.egfr_seg2_l58_s53469_mpnn1,0.3893859230329417,22.475569488020156
ccalia.paesani_lab_design8,18.05751128049705,22.76197760362278
zulfatmi.pocket1pep78,3.111014037023946,24.45120647436348
darius.szablowski.egfr_binder_5___ggggs_3_linked_top_binders_1_and_2_efficiently_evolved_and_sapiens_evolved,22.865663070744375,25.270024884010898
akash.arunabharathi.design8,19.92680130519552,23.30293327845481
x.rustamov.traj_11_8_model_5_0,1.271011818166695,23.122287830144167
cameron.kroll.gertrude_gen5,0.27872410839768685,23.706922121128166
zhoup1366.dbz6___a,0.877947829894368,22.77118495540326
colby.tupegfr_010___anti-egfr_fv-like_protein_diffused_with_evodiff,18.84697616721086,22.900142898922972
stocco.filippo.1.3.3.18_51_2_iteration3_1.0356664070457622,1.7818928795123665,2.927038625178588
jvogt4.vogt_scfv_2009,2.5630010906410834,25.039449971125666
alecl.relaxeda,1.7113341865924268,3.2110720372637878
724928537.dbz7___a,0.9063313502599764,24.346575709298417
toluwase.fatoki.toluwase_sequence6_112,17.49973678140887,24.74049594552414
ssomani.17,0.8537384373700461,4.014340980793386
gitter.yolo48,0.5966534922506929,1.6266623287395625
nhaas.6,1.6406661326729546,22.81335294502996
nhaas.3,2.435006247270651,24.024785795384986
a.tucs.andrejs_tucs_seq6,1.4027602919469067,22.50487767183948
martin.egfr_l165_s31019_mpnn3,1.3006925736327906,21.649594293809475
724928537.dbz8___a,1.6310935852386603,24.53099331219858
chrisxushaoyong.hu_nano1_3_eef94e,0.4525986104545628,22.946971983174052
x.rustamov.p_vhh_partial_1_32,0.430181234897598,23.269431292124047
amirm.mhosseini.seq4,1.9905912443747833,23.929649409792052
cchallacombe.1,3.069814697866543,22.67754780756653
coreyhowe99.corey82,0.4282229310051194,1.9706915073139875
antorsae.ta_4_4,1.469582797821175,23.926341110550037
cameron.kroll.gertrude_gen3_s69d_n61e,0.28985345156272857,3.459091723736998
qy.qilin.yu.10-13-21_sample267_complex_42_complex,2.1170072818943715,22.880808176989934
markus.braun.egfr_binder_8,18.04382565997751,22.716336561990527
biolucasmachado.engineered_binder_7,0.8331167834216751,3.0912652518980366
briannaughton.2_plus_1,8.885210380965567,2.3319320104784613
kerrding.seq6,1.396510018048665,2.304082806811394
tim.silica_corpora_regions_sampled_epitope_0_generated_variant_6_rank_7_phase_2,1.4831732922788208,24.291167191041616
maxall4.egfr_ed_binder_l134_s906486_mpnn2_model1_unrelaxed_rank_001_alphafold2_multimer_v3_model_1_seed_000_top1_mutation_g108s_round1_y80d_chain_a,0.5650227356478238,2.870665876655775
kerrding.seq5,2.0466609289908058,2.93389491741367
biolucasmachado.engineered_binder_2,4.215046540715721,23.28477310544744
s1995825.cotimed_egf_netsolp_usability_5,0.6293173587210811,2.4494313031984025
binom16.pocket2pep89,4.92642944816523,21.941134333506053
alex.naka.charmeleon,1.7126409544211147,24.310910757764265
nitesh.mishra3.stepwise_egf_based_egfr_binder_3,1.783793860034113,25.265638032834108
alejandro.corrochano-navarro.eng_scfv_binder_3,1.6069450774479763,22.36976456940116
keaun.gwfgvvfkadiarvsefvaiglstgplgsestfsiwrq,9.403419715032149,22.463321343626323
salireza111.seq166_3_002_4,0.5931307456772825,23.74694897181238
cetuximab_scfv,1.7897720100966865,21.396617444016627
julian.faust.becotatugxpimurutamab_scfv,2.827048604843107,22.81896960123784
akash.arunabharathi.design4,23.90806705233975,24.61239262917372
mosquitolkfo.nab_design_3,0.9835637789794557,23.93848620175462
allongoldberg.3_52_10_refined_ideal,2.119704574092475,23.507622137967488
huiyu.cai.h3_15_3351_h,1.821955774158543,23.898170185397273
baptiste.roelens.ognk,0.5142512236810701,23.420599989952983
tadaskluonis.cotimed_egf_bcseq_2,0.8510690913969676,2.9277759579056
elian.elian1,0.7030680082867736,2.641665099891331
rohith.mohan.model_67_69_2,1.6070223002313393,25.232842389793117
paulafcfranklin.synth_rosetta_6,4.378189342546444,3.5796404333812912
biolucasmachado.engineered_binder_6,5.498933631417845,4.541674648490546
antorsae.ta_4_5,1.416895978513157,25.61034947777528
biolucasmachado.engineered_binder_5,0.3970855640192686,1.8372075455199297
jvogt4.vogt_scfv_0128,1.6972405995802837,21.85894290837421
joaosartori2.c1,4.235205607812791,2.082352547368583
kurumida.yoichi.mg_05,0.9953056311829734,25.4181322149524
nicholas-schnicker.schnick_04,2.194363079747456,23.463012429461504
youngsuko2000.fast4,4.7754851522702895,2.403406833687954
christoph.gruber.upperbinder_scaffold1_lowerbinder,10.54867165149586,26.264493411130292
lennart.nickel.egfr_l179_s82283_mpnn1,2.212978935160551,23.059486160840244
ccalia.paesani_lab_design3,13.002594613820417,20.44933546559594
zalavi.zalavi3_mergedaltered_rustamov,5.325255648859014,10.605840515264612
zhoup1366.dbz7___a,1.3317185344063704,23.523966634944042
x.rustamov.traj_9_8_model_1_0,1.6547214732713742,23.692149642018787
jude.wells.21.6b3s_necitumumab_fused_trimmed_task_211_iter_150,1.095023826776009,22.460457961906343
qilin_y.test5,0.5140502866268963,20.768862127256195
joaosartori2.c4,6.278030167327707,2.918653580136554
maxall4.egfr_ed_binder_l132_s581930_mpnn1_model1_unrelaxed_rank_001_alphafold2_multimer_v3_model_1_seed_000_top1_mutation_r79a_round1_chain_a,1.14295095783674,3.4132420726592754
keaun.gafpvvfkadiarvsefvaigpstgylgslttmsgvnq,10.56384053727879,23.395871159275515
christoph.gruber.upperbinder_xten_lowerbinder,15.137508442062986,26.129390049202414
ccalia.paesani_lab_design1,14.579377717426015,26.21028394511766
stocco.filippo.1.3.3.18_40_0_iteration12_1.0321554292304749,1.7696491722611667,3.370910329360595
salireza111.seq166_7_003_9,0.5651460759686063,23.66858756727533
christoph.gruber.upperbinder_scaffold2_lowerbinder,11.69247946625227,25.796623776023253
enzo.morro.design_0_n_0_mpnn_1.117_plddt_0.713_i_ptm_0.082_i_pae_27.542_rmsd_25.669,2.930584789079238,25.58385894475033
jakublala.epitope_1_20aa.pdb,5.8666986970474815,24.90526467509758
enzo.morro.design_0_n_1_mpnn_1.085_plddt_0.817_i_ptm_0.076_i_pae_28.084_rmsd_25.372,0.8477133197709438,24.273242917928698
jakublala.full_dibinder_45aa.pdb,3.6190884121856755,24.532526262030842
antorsae.ta525_0_0,1.041407917916077,23.805022278189586
amelie.schreiber.model_60_151_9,0.6543177405768457,2.1164711489208528
stocco.filippo.1.3.3.18_37_0_iteration3_1.024851931427025,0.4449186817938282,26.07106596897935
tim.silica_corpora_regions_sampled_epitope_2_generated_variant_8_rank_3_phase_2,2.047265554113059,24.759310356166125
alex.naka.blastoise,1.1849814250227235,2.679726291579023
binom16.pocket2pep86,4.723656640713085,25.363072192969916
begonia.sp.13.egfr_l110_s478327_mpnn7_model2,1.9318632798212734,22.390117203009403
allongoldberg.3_52_1_refined,1.8932176504038292,23.461546413006616
huiyu.cai.h3_15_2431_h,4.016568272539646,22.72815871640732
amelie.schreiber.model_83_156_16,0.7864650777609763,1.7924513139665699
briannaughton.1_plus_egfr,16.910923573491175,21.240687445740196
lhallee.lhallee_40_full_driveid_8_9,9.313377003134592,24.279139541653347
x.rustamov.traj_6_1_model_1_8,2.2271968207769275,4.182919202338937
julie.jg26n,0.6876043715962533,25.032511823964978
human_egf,4.911947202071784,4.1973108149905025
lennart.nickel.egfr_l114_s69310_mpnn7,1.1077360353452856,22.615109300584326
youngsuko2000.last,1.5325960896669397,2.849365725106538
zhoup1366.dbz8___a,1.7574418016175737,24.497577195005988
huiyu.cai.h3_15_877_h,0.7290993766417522,23.646099522340688
tadaskluonis.cotimed_egf_bcseq_1,0.6310983687989151,4.1265946929213015
alan.blakely.12_3,26.28142093832408,21.113244986723092
a.tucs.andrejs_tucs_seq4,1.3047246503884393,2.803640057911437
martin.egfr_l121_s46924_mpnn18,3.6251756200668193,24.188763398383326
qilin_y.test6,13.422058235289398,24.233743892659717
niklas.7a72d922-1677-4fc8-9315-d7996ba05d8e_l150_s530325711_mpnn12,1.369993491525884,24.591624981100797
lhallee.lhallee_40_target_driveid_10,7.765576591597256,24.30024399135176
youngsuko2000.queen,5.748047397895873,2.7549230386449803
alecl.unrelaxeda,0.9361158485689027,4.348014281296704
lennart.nickel.egfr_l170_s20625_mpnn10,1.0995868312392032,24.450380764385773
bundit.b_s18.manbaritone_seq3_egfr-binder-70-100_beta_303_dldesign_6_lenght71,1.3159832300369854,22.62845862309905
lyu.3,0.29278553108876704,23.371085114684877
alessio.daddio.ad_1,0.5418095177828831,22.234765012719585
revoli.mutated_nab_8,0.5465992908123838,22.48276665481205
nitesh.mishra3.stepwise_scaffold_egfr_binder_6,1.1597340837327212,23.196455436017576
karmanyaaggarwal.ds003076,0.36134127263534127,22.69314912557603
biolucasmachado.engineered_binder_4,2.098270586475442,2.8732304491016345
fernando.meireles.design_hybrid_partial_diff_7_1_binder,7.774643452051589,19.429362539210874
724928537.dbz6___a,0.8495320344626376,22.605083711033483
lyu.2,0.8705802392180729,2.869268309069972
antorsae.ta_5_3,0.9070958341951445,22.821236761111976
alex.naka.charizard,1.055791085152298,24.068017386785968
amirm.mhosseini.seq9,1.9946531055308947,22.86949303513086
klima.jason.8hgo_design_94eja_1_5,12.853900120902262,23.225875476896082
toluwase.fatoki.toluwase_sequence3_119,11.661338542553352,23.02012748605673
duynth29.duy_l111_mpnn14_i36m__l80m_l42m,0.701276328029896,13.10209810078752
noah.holzleitner.noah_egfr-binder_3,1.4169424105931407,26.718861883607858
pastei5.egfr_binder_01,1.0408626965780974,23.917678095706716
paulafcfranklin.synth_rosetta_7,3.199495807306411,2.4127369752903407
fernando.meireles.design_hybrid_partial_diff_4_31_binder,2.098455683948222,20.753697273119972
a.tucs.andrejs_tucs_seq7,0.8828374618975131,2.42087289681893
biolucasmachado.engineered_binder_3,4.718311175301942,2.8391089966047476
cbrown.cbrown_0005_2_egfr_l81_s801188_mpnn1_model1,0.8094194593714925,3.1179690276844694
aureliabustos.wt_noised_i_scaffold_shorted_var71,0.9450537612504598,2.4922590823740802
tadej.satler.egfr_binder_3,0.4210103562422319,24.481738973038134
aswini.seed2_3,2.8763766268836455,23.33517362251236
a.tucs.andrejs_tucs_seq2,0.7977277181747722,2.638689045818541
bundit.b_s18.manbaritone_seq6_egfr-binder-70-100_beta_778_dldesign_0_length71,0.20610422424057068,2.1644365526786253
binom16.pocket7pep80,4.0460101698311615,24.947926230642846
binom16.pocket1pep15,4.7614237391480065,24.884208534525946
s1995825.cotimed_egf_netsolp_usability_4,0.9488695374468233,2.742391229353417
elian.elian5,0.788949601417654,2.676800416622666
martin.egfr_l142_s75963_mpnn1,2.400395301635544,23.144855109480396
praghava531.seq2,0.31067241748481145,23.998490875582053
hughy.4krp_b_a_89_rnd3_full,1.5696409525577613,2.199292299232674
a.tucs.andrejs_tucs_seq10,1.1295319494902964,2.8779731298922537
niklas.e5a28fa3-3501-41c2-922c-ec848e0bc020_l81_s514858345_mpnn4,0.5775316637692147,23.677641063445183
mchrnwsk.marta_chronowska_dom1_l99_s666690_mpnn16,0.5176227730528625,24.224064736358898
hughy.7om4_b_a_180_rnd1_v1_full,1.5931446732822045,22.733152734476757
alan.blakely.12_6,20.047179906330346,20.949356012327687
minji.lee.386,0.8755016764955911,23.85959761979477
revoli.mutated_nab_5,0.6162972328297501,25.278770397518148
allongoldberg.4_44,3.5572214825943305,24.68279379822795
tadaskluonis.cotimed_egf_bcseq_0,2.5310223461378447,2.3278111617699397
biolucasmachado.engineered_binder_1,1.7466128080255052,25.037724840505327
kerrding.seq7,1.4945994614278297,2.8434496775914755
duynth29.l148_mpnn1,1.057419855791511,3.7805095955582
hughy.7om4_b_a_17_rnd2_v2_full,1.0477718656059165,22.846056254309243
spacecruiser42.d2_prompt_binder_t1.0_37,2.3124637265146477,25.995155511836405
martin.egfr_l177_s77884_mpnn7,1.432801967395541,24.190833372519908
darius.szablowski.egfr_binder_3___ggggs_3_linked_top_binders_1_rev_and_2_rev,13.095712003520736,25.547684301298347
chrisxushaoyong.hu_nano1_5_559c85,1.1631709645103503,24.692534027419434
paulafcfranklin.synth_rosetta_8,3.0042360036759086,2.8150969668607337
mlange05.b,1.2496209457800946,20.624198398945897
antorsae.ta_5_1,0.5399595475409161,24.071871704616537
tim.silica_corpora_sampled_epitope_2_generated_variant_9_rank_6_phase_2,0.6339718248500138,23.083928190986388
wtj19921231.egfr_binder_design_208_dldesign_0_cycle1_run5_af2pred.pdb_a,10.694420117391147,22.6515659350304
chuh.egfr_seg1_l58_s941869_mpnn2,0.23355266784871379,23.474445719703905
jude.wells.21.6b3s_necitumumab_fused_trimmed_task_89_iter_216,1.003708449137179,22.765891436090634
jakublala.epitope_1_30aa.pdb,2.1873960780836756,23.98533943566594
paulafcfranklin.synth_rosetta_10,0.9021531820754175,2.9115865040597755
a.tucs.andrejs_tucs_seq9,0.967786186765653,2.474856374448613
chuh.egfr_seg2_l62_s244475_mpnn4,0.7336278035665267,22.508363899906804
zalavi.zalavi3_ggg_shortpacesa,12.865021763090086,6.876275807409844
paulafcfranklin.synth_rosetta_5,4.03782524078402,2.6421935671470256
stocco.filippo.1.3.3.18_4_2_iteration0_1.0407930462953479,1.044673246525255,2.3265197573918046
julian.faust.pimurutamab_mpnn_18_scfv,3.7327529374588875,24.004780115674965
dre.lgdl_egfr_008,13.545547145713199,24.179643505892848
darius.szablowski.egfr_binder_4___ggggs_3_linked_top_binders_1_and_2_efficiently_evolved,9.471422092007408,3.4470273859772846
markus.braun.egfr_binder_3,0.4822911591543614,23.64749463500676
mosquitolkfo.nab_design_7,0.8931093806389326,25.652447977167398
klima.jason.8hgo_design_vdcjs_1_2,10.810776083915187,23.814406209171658
allongoldberg.3_52,9.328718475731403,23.81005955574951
jude.wells.21.panitumumab_fused_trimmed_crossbreed3,1.295719438903656,23.926749323888295
bundit.b_s18.manbaritone_seq5_egfr-binder-70-100_beta_303_dldesign_1_length71,0.717943653765182,24.279433905051178
qilin_y.test8,7.668216924367332,23.679193531306215
spacecruiser42.d2_prompt_binder_t1.0_139,3.2681952472313847,22.856071269480545
biolucasmachado.engineered_binder_9,0.7724228557718682,2.288097139195061
darius.szablowski.egfr_binder_1___top_binder_1,0.39398134020216835,24.72703538465967
lhallee.lhallee_128_driveid_1_2,21.31516644947296,23.97539409124303
alessio.daddio.ad_4,0.4123283461446223,24.39631576980389
aswini.clipgen30,9.521487268004531,23.199573777665673
alessio.daddio.ad_9,1.0944034582614763,21.086833352718898
zhoup1366.dbz1___a,0.8638986992748757,21.04671239852099
cameron.kroll.leitner,0.2957739426315318,23.31551890403759
gitter.yolo23,0.3646021957750306,24.038222594693288
biolucasmachado.engineered_binder_8,2.952952259080522,2.6705025083049763
maxall4.egfr_ed_binder_l124_s860500_mpnn1_model1_unrelaxed_rank_001_alphafold2_multimer_v3_model_1_seed_000_top1_mutation_d81n_round1_chain_a,3.066167864185974,2.8409973642684716
chrisxushaoyong.hu_nano2_4_85252b,0.9116540988514431,24.23255200790403
mosquitolkfo.nab_design_9,0.72173821225156,25.0109057982923
eceiiitn786.8s2,7.046627012047487,24.293195571077003
mlange05.a,1.1321115781869802,26.150995177291726
z_peplib.pepseq_design_8,8.76196908724678,24.624226024914
keaun.gifgvvfkadiarvsidvaidystgylgslttfsgcnq,10.26969524435894,24.049039811490733
chrisxushaoyong.hu_nano1_1_ff3e18,0.9642697597671814,25.85570974165059
colby.tupegfr_001___anti-egfr_fv-like_protein_diffused_with_evodiff,9.27588973027638,25.17916655034715
nhaas.2,2.684494265283447,22.785324471732473
noah.holzleitner.noah_egfr-binder_2,1.0394065024014265,24.913819698698887
briannaughton.2_plus_2,37.36965891654454,26.67450977647781
qxy615.s1_rfd_comp_beta_782_81,1.3957046621833369,24.74978811682849
carson.vaux.baker1_18,0.3584753661517804,23.2394815400015
alex.naka.charmander,0.654434225662879,2.6047744918304505
jakublala.epitope_2_30aa_1.pdb,5.091631752115661,22.034781219501543
julian.faust.demupitamab_mpnn_19_scfv,2.680799138316864,23.274854749075892
tiejun.wei.egfr_binder_design_208_dldesign_10_af2pred.pdb_a,4.7587343021527655,2.3845838276942835
antorsae.t0.1_sample939_score0.9451_global_score1.3625_seq_recovery0.4250,0.6814868619593838,24.770700696733627
alex.naka.wartortle,1.4973088548351448,3.7868858744771687
salireza111.seq119_3_001_8,1.5525009859994219,23.648326184087164
karmanyaaggarwal.ds004729,0.38699432346621676,23.356686031884273
jakublala.full_dibinder_45aa_2.pdb,8.576025527995334,24.074929749003378
enzo.morro.design_0_n_2_mpnn_1.120_plddt_0.858_i_ptm_0.072_i_pae_28.117_rmsd_30.276,1.5550585284774274,21.49160023228667
salireza111.seq166_1_001_7,0.5818530080660892,22.85450417372229
colby.tupegfr_006___anti-egfr_fv-like_protein_diffused_with_evodiff,6.282118271318902,22.88643531422033
duynth29.duy_l111_mpnn14,0.48827203767603955,23.90335980580927
alex.naka.squirtle,1.2309979649926621,2.7999034967252157
zalavi.shortrustamov_ggg_zalavi3,21.54908171668743,22.822347057666665
zulfatmi.pocket7pep42,4.7547209605425955,24.107574942842827
karmanyaaggarwal.ds002542,0.3051671818268582,23.91496695341294
ali.rasouli.intern.model_77_142_3,1.068718975224006,27.202062767038115
tarkhov.andrey.erithacus_rubecula_gigantus_9,19.60327145006878,23.478940565071774
hughy.7om4_b_a_33_rnd2_v2_full,0.3426159930814418,23.524442049605945
elian.elian4,0.42809592941839775,25.0638114274645
akash.arunabharathi.design9,47.79865696329334,24.16848530027901
toluwase.fatoki.toluwase_sequence4_148,18.751690904435538,24.118703762177415
a.tucs.andrejs_tucs_seq1,1.0315374028506459,2.074747339931353
briannaughton.egfr_plus_egfr,17.272532653174327,24.400901358639594
s1995825.timed_egf_netsolp_usability_consensus_1,0.8666625436029731,2.3926022265429223
lennart.nickel.egfr_l139_s63093_mpnn2,1.2372759476123993,23.70676586429139
silvia.toscani.b_egfr_6,0.6670125922398327,23.904280819819142
mosquitolkfo.nab_design_6,0.8613132912078817,25.147523687814054
maxall4.egfr_ed_binder_l134_s906486_mpnn2_model1_unrelaxed_rank_001_alphafold2_multimer_v3_model_1_seed_000_top1_mutation_g108s_round1_chain_a,0.7485715776311397,2.4091036023524115
martin.egfr_l111_s89744_mpnn1,1.3043084978612436,23.34206111941615
colby.tupegfr_018___anti-egfr_fv-like_protein_diffused_with_esm3,3.369848118593326,23.579400527744422
noah.holzleitner.noah_egfr-binder_8,1.9078074130145024,24.451140584121664
aureliabustos.wwt_noised_i_scaffold_shorted_var8423,0.5985410962475997,3.8073784538843265
xiuming_li2015.eureka_seq_3,1.4238383650602493,21.019485660530798
nhaas.8,2.0792423354520793,23.84799709256162
jude.wells.21.6b3s_necitumumab_fused_trimmed_task_98_iter_184,0.9230640828982652,23.191871028051413
tarkhov.andrey.erithacus_rubecula_gigantus_8,11.54544030312421,24.580803078709273
cameron.kroll.gertrude_gen6,0.42914939897147225,24.58560616339175
akash.arunabharathi.design10,5.79821488633683,24.14587011489125
joaosartori2.c3,1.1045102210766786,3.0346574538512088
niklas.95b59203-b642-4754-bcd3-8e670a722c8d_l91_s349792600_mpnn2,0.4969883848082648,23.350111557147276
chenceshi1105.steven_binder_design_l75_s60968_it100_mpnn0,0.5415601056921352,25.086196458561894
amirm.mhosseini.seq1,6.6738717028271575,2.9625109093888247
alejandro.corrochano-navarro.eng_scfv_binder_2,1.3151284967813595,22.497340336861324
flowuenne.nf-proteindesign_design8,15.46959079508011,23.603148923237974
colby.tupegfr_012___anti-egfr_fv-like_protein_diffused_with_evodiff,19.498334759929115,25.855315528848593
s1995825.timed_egf_netsolp_usability_consensus_2,2.0022601368437414,3.1629714516741396
paulafcfranklin.synth_rosetta_2,0.43635764844942043,3.5805604033837892
reed.harrison.model_56_119_0,0.44892676750295485,25.325169286115038
noah.holzleitner.noah_egfr-binder_1,1.7436483407298915,22.42873099650675
chrisxushaoyong.hu_nano2_2_7ef96e,1.0902415105457148,24.07220603557885
minji.lee.3995,1.742224453934016,23.23150138004336
cameron.kroll.gertrude_gen3,0.44448019955713575,22.76214712083525
markus.braun.egfr_binder_1,0.4014458521194039,1.8866956294886215
amirmhosseini47.mohammad_seq2,9.88803013086221,2.330635547264427
elian.elian3,1.6338542264028189,3.0360190521321715
revoli.mutated_nab_9,0.9726818793913166,22.78060987671466
niklas.ee4629a9-322f-48f0-884d-8f4418db9bce_l151_s241659642_mpnn11,0.4206155233061144,2.2108571636006875
flowuenne.nf-proteindesign_design10,0.614612945233094,24.50161705206789
nitesh.mishra3.stepwise_rfdiff_egfr_binder_1,0.8492692524023436,24.873860249623785
a.tucs.andrejs_tucs_seq5,0.6125344826055868,3.414129082856676
alejandro.corrochano-navarro.eng_scfv_binder_1,1.2150294616704513,21.305732012944215
binom16.pocket3pep98,6.106562608170622,24.96958770770438
lyu.1,0.5065889346743735,23.096236937253863
mlange05.c,2.7554394942469815,23.351109159343086
aswini.seed1_1,9.425911156741982,24.375442727376214
junhee.park1999.egfr_binder_7,6.6140495961885755,23.926185508333674
julian.faust.pimurutamabxbecotatug_scfv,3.3233883562785405,22.648641785213986
round1zeroshot.k5q_n70s_k71r_n73t_s87t_n88d_r179k_k183r_e213d_s214p,2.086063780191612,21.53269136024112
julie.rj0aa,0.40649500445170705,24.969238883106776
amirm.mhosseini.seq3,0.9884443061900462,22.96399467473736
qilin_y.test4,1.2343687787669513,23.485886982446694
jvogt4.vogt_scfv_2470,2.412918706508078,25.558350907383037
akash.arunabharathi.design3,8.424993886883641,22.912788202520012
niklas.95b59203-b642-4754-bcd3-8e670a722c8d_l91_s349792600_mpnn19,0.5054136010315717,25.3149770451445
markus.braun.egfr_binder_6,0.8348604511174358,26.100728769739728
maxall4.egfr_trim_l126_s498823_mpnn2_model1_unrelaxed_rank_001_alphafold2_multimer_v3_model_1_seed_000_top1_mutation_l39g_round1_chain_a,0.6104884920243983,19.139655798608366
aureliabustos.bce_var702,1.4968531795087192,2.747823606612419
zhoup1366.dbz10___a,0.30520478611727314,24.62007009630271
klima.jason.8hgo_design_4yyaf_0_0,6.134570119816431,24.653691038253537
chenceshi1105.steven_binder_design_l82_s44755_it100_mpnn6,0.6644505089966258,20.587369129841854
hughy.7om4_b_a_8_rnd2_v2_full,0.9328681097447407,22.919148214826922
fernando.meireles.design_hybrid_partial_diff_9_54_binder,7.034145063435075,20.198728444347612
fgndd1.fg_seq1,0.8636657597077521,23.928738267137707
tarkhov.andrey.erithacus_rubecula_gigantus_4,45.89694217614159,23.83618082598387
s1995825.cotimed_egf_netsolp_usability_6,0.8212461600689511,3.9131470410061326
allongoldberg.4_44_0_refined,0.7083581103787019,24.176519822665128
alan.blakely.16_2,15.457226890847894,22.413577144904398
jack.li.egfrbindingcandidate_7,6.750704447733495,24.047916435271514
bronte.egfr_binder_4_91,0.6959864730368752,25.427244513936557
tarkhov.andrey.erithacus_rubecula_gigantus_7,23.73433311875022,23.32630470399106
merlettaia.seq0v4,0.8734416410285877,24.21206046850768
alex.naka.venusaur,2.373920547295374,24.42037589829139
antorsae.ta397unsafety_2,0.6053514212636704,24.30475384707862
deepsatflow.6aru_final_chain_a_domain_3_l142_s806907_mpnn1,0.3215805806137077,21.938146182065864
z_peplib.pepseq_design_6,16.421864942788886,24.990947403226006
qilin_y.test7,11.547566797981275,23.198338889844404
aureliabustos.bce_var433,1.9096676841720985,3.63316267233411
deepsatflow.6aru_final_chain_a_domain_3_l138_s466479_mpnn9,0.7315975049882065,3.1100871770841687
kerrding.seq9,4.274150565268664,24.08186413913065
s1995825.cotimed_egf_netsolp_usability_1,3.685594663865901,4.844406494248172
joaosartori2.c6,1.1769799276118698,3.3929527868353833
areddy.egfr_l169_s781475,0.8111737284170529,24.329385027517983
markus.braun.egfr_binder_7,0.8694699367677169,23.951553867085075
