Complex,binder_rmsd_aligned_on_binder,binder_rmsd_aligned_on_target
paulafcfranklin.synth_rosetta_1,11.645182,43.78265
merlettaia.seq0v3,5.5249434,40.044464
minji.lee.459,2.2224135,37.427334
spacecruiser42.d2_prompt_binder_t1.0_22,3.8533866,50.815273
deepsatflow.6aru_final_chain_a_domain_3_l147_s945609_mpnn1,0.7394755,69.6564
qxy615.s1_rfd_base_46_94,1.8027784,36.08348
youngsuko2000.ysar,12.105776,44.446312
christoph.gruber.binder12_1,9.923221,36.062984
merlettaia.seq52v3,17.434792,61.915962
briannaughton.1_plus_2,17.434275,67.74711
cchallacombe.4,3.0433247,45.78493
allongoldberg.4_44_14_refined_ideal,0.69598097,59.389194
tarkhov.andrey.erithacus_rubecula_gigantus_1,16.61899,44.95239
paulafcfranklin.synth_rosetta_4,10.533683,25.693705
klima.jason.8hgo_design_jt8s1_0_3_proteinmpnn_20,11.398652,47.941463
amelie.schreiber.model_56_119_15,0.59577286,76.14087
chenceshi1105.steven_binder_design_l89_s48081_it100_mpnn4,3.8218656,53.560318
aswini.seed2_1,10.445345,17.542074
x.rustamov.traj_4_8_model_1_5,13.240555,43.27825
ccalia.paesani_lab_design9,22.833206,58.32827
minji.lee.111,2.1509771,28.564064
a.tucs.andrejs_tucs_seq8,10.579279,33.273933
merlettaia.seq70v3,1.7530384,65.61967
s1995825.cotimed_egf_netsolp_usability_8,11.091969,33.80406
lhallee.lhallee_20_on_target_2000,4.778423,62.963387
aureliabustos.wwt_noised_i_scaffold_shorted_var7524,9.506446,39.02943
alex.naka.ivysaur,11.643495,28.177797
huiyu.cai.h3_15_4373_h,2.0781393,44.882202
ccalia.paesani_lab_design2,17.827677,53.955936
keaun.gwfgvvfkadiardsefvailesqgylssittfsgwnq,8.053263,39.352627
salireza111.seq206_1_001_6,16.945051,57.77537
cchallacombe.6,2.5385518,82.51472
zulfatmi.pocket2pep63,3.7029407,31.15458
junhee.park1999.egfr_binder_9,21.675734,90.13982
huiyu.cai.h3_15_2847_h,3.788553,53.36836
aureliabustos.wwt_noised_i_scaffold_shorted_var9391,11.679504,20.863413
duynth29.duy_l111_mpnn14_l80m_l42m,0.7505395,69.17734
merlettaia.seq6v4,8.454897,56.333115
lhallee.lhallee_128_driveid_3_4,15.251861,54.153194
noah.holzleitner.noah_egfr-binder_4,0.6297717,59.509235
paulafcfranklin.synth_rosetta_9,10.091452,26.793762
xiuming_li2015.eureka_seq_1,9.760155,91.764854
christoph.gruber.upperbinder_scaffold3_lowerbinder,7.4377947,63.220043
joel.rf_diffusion_trim_3,5.511793,55.22167
jude.wells.21.panitumumab_fused_trimmed_task_12_iter_123,15.232763,68.865715
stocco.filippo.1.3.3.18_13_0_iteration12_1.0279718223732435,10.910281,57.866035
nhaas.4,12.979091,86.24728
s1995825.cotimed_egf_netsolp_usability_2,11.840021,44.390236
minji.lee.3458,1.6115474,36.36606
kerrding.seq8,11.401718,37.361565
julie.ryfqy,0.39585587,54.216335
keaun.gwfgvvfkadiagvsekvaielsggyegslttpsgwnq,9.843801,30.80123
junhee.park1999.egfr_binder_6,22.897717,82.190384
darius.szablowski.egfr_binder_2___ggggs_3_linked_top_binders_1_and_2,7.936211,38.27052
stocco.filippo.1.3.3.18_65_0_iteration3_1.028317065130863,10.7153635,28.651413
spacecruiser42.d2_prompt_binder_t0.8_88,5.4632826,39.186363
duynth29.l88_mpnn5,0.7252158,58.258945
julian.faust.pimurutamab_mpnn_17_scfv,3.6099055,83.26423
s1995825.cotimed_egf_netsolp_usability_7,9.15363,33.283463
tim.silica_corpora_sampled_epitope_0_generated_variant_1_rank_8_phase_2,2.7818134,44.64808
a.tucs.andrejs_tucs_seq3,9.721658,36.823654
aswini.seed1,12.144762,14.369414
elian.elian2,1.487197,69.719765
aureliabustos.bce_var464,12.287585,38.670277
qxy615.s1_rfd_base_46_60,1.1595206,74.44115
antorsae.ta_5_2,6.985061,37.527885
lennart.nickel.egfr_l98_s70756_mpnn3,1.1052923,34.401188
aureliabustos.wwt_noised_i_scaffold_shorted_var6640,9.725437,33.277527
gitter.yolo46,0.4667374,65.71988
dre.lgdl_egfr_001,15.020137,58.395706
paulafcfranklin.synth_rosetta_3,9.781315,25.930887
flowuenne.nf-proteindesign_design7,3.5442255,26.972336
spacecruiser42.d2_prompt_binder_t0.8_42,0.90471876,42.37657
z_peplib.pepseq_design_9,10.516575,35.544296
begonia.sp.13.egfr_l61_s456546_mpnn1_model1,0.6342525,70.04128
s1995825.cotimed_egf_netsolp_usability_3,11.916797,35.40747
jvogt4.vogt_scfv_2143,3.2068179,75.82866
jvogt4.vogt_scfv_2279,12.64451,68.4539
tim.silica_corpora_sampled_epitope_0_generated_variant_8_rank_1_phase_2,3.2578506,51.8162
begonia.sp.13.egfr_l88_s11832_mpnn1_model2,1.4223009,74.31129
aswinijavadi160197.8_a,1.0483867,80.14607
xiuming_li2015.eureka_seq_4,7.302389,79.66751
mosquitolkfo.nab_design_1,18.412594,51.19763
klima.jason.8hgo_design_8gswy_1_2,15.784379,25.685434
chuh.egfr_seg2_l58_s53469_mpnn1,0.8535223,78.747635
ccalia.paesani_lab_design8,14.582347,58.70114
zulfatmi.pocket1pep78,3.7925184,16.10816
darius.szablowski.egfr_binder_5___ggggs_3_linked_top_binders_1_and_2_efficiently_evolved_and_sapiens_evolved,22.750711,33.985973
akash.arunabharathi.design8,14.836068,46.793404
x.rustamov.traj_11_8_model_5_0,9.008931,50.867874
cameron.kroll.gertrude_gen5,0.52082354,63.740723
zhoup1366.dbz6___a,2.3214223,78.37502
colby.tupegfr_010___anti-egfr_fv-like_protein_diffused_with_evodiff,21.819687,53.856407
stocco.filippo.1.3.3.18_51_2_iteration3_1.0356664070457622,12.266593,36.425343
jvogt4.vogt_scfv_2009,3.1691723,81.64832
alecl.relaxeda,12.018384,42.025364
724928537.dbz7___a,3.6564276,66.60426
toluwase.fatoki.toluwase_sequence6_112,14.9416485,51.724606
ssomani.17,1.0359068,62.10542
gitter.yolo48,0.9168702,59.744625
nhaas.6,13.8732815,60.130123
nhaas.3,10.5879965,83.93057
a.tucs.andrejs_tucs_seq6,9.415634,67.956375
martin.egfr_l165_s31019_mpnn3,0.99142146,44.4794
724928537.dbz8___a,15.533749,49.34973
chrisxushaoyong.hu_nano1_3_eef94e,4.956027,46.98901
x.rustamov.p_vhh_partial_1_32,5.00202,68.9542
amirm.mhosseini.seq4,14.396888,42.06305
cchallacombe.1,5.6972814,56.927418
coreyhowe99.corey82,0.6155447,74.159904
antorsae.ta_4_4,6.8253965,59.726967
cameron.kroll.gertrude_gen3_s69d_n61e,0.5789925,82.550804
qy.qilin.yu.10-13-21_sample267_complex_42_complex,1.6068163,49.539738
markus.braun.egfr_binder_8,1.9933304,84.50457
biolucasmachado.engineered_binder_7,11.96024,26.854044
briannaughton.2_plus_1,14.082434,57.82025
kerrding.seq6,13.561016,29.989689
tim.silica_corpora_regions_sampled_epitope_0_generated_variant_6_rank_7_phase_2,15.444484,59.35583
maxall4.egfr_ed_binder_l134_s906486_mpnn2_model1_unrelaxed_rank_001_alphafold2_multimer_v3_model_1_seed_000_top1_mutation_g108s_round1_y80d_chain_a,0.99576056,80.46611
kerrding.seq5,9.586791,44.680687
biolucasmachado.engineered_binder_2,10.89842,69.09396
s1995825.cotimed_egf_netsolp_usability_5,9.012878,26.979439
binom16.pocket2pep89,4.597628,38.407547
alex.naka.charmeleon,10.82121,55.088703
nitesh.mishra3.stepwise_egf_based_egfr_binder_3,9.104045,47.977825
alejandro.corrochano-navarro.eng_scfv_binder_3,10.04191,95.91627
keaun.gwfgvvfkadiarvsefvaiglstgplgsestfsiwrq,10.061517,30.48486
salireza111.seq166_3_002_4,0.966033,32.16499
cetuximab_scfv,9.580711,88.93782
julian.faust.becotatugxpimurutamab_scfv,4.645561,61.300373
akash.arunabharathi.design4,18.217966,67.45151
mosquitolkfo.nab_design_3,16.477705,30.319237
allongoldberg.3_52_10_refined_ideal,1.6386124,55.82471
huiyu.cai.h3_15_3351_h,1.6066253,63.006966
baptiste.roelens.ognk,0.55212885,58.82542
tadaskluonis.cotimed_egf_bcseq_2,11.819426,26.049025
elian.elian1,1.5992049,70.068924
rohith.mohan.model_67_69_2,2.5793655,49.639706
paulafcfranklin.synth_rosetta_6,15.242556,38.0013
biolucasmachado.engineered_binder_6,13.292006,24.309486
antorsae.ta_4_5,5.9549603,24.29201
biolucasmachado.engineered_binder_5,10.946875,28.636385
joaosartori2.c1,10.776411,33.645977
kurumida.yoichi.mg_05,0.7557043,47.755352
nicholas-schnicker.schnick_04,1.1879141,57.403828
youngsuko2000.fast4,12.497023,38.425102
christoph.gruber.upperbinder_scaffold1_lowerbinder,3.7344277,62.59697
lennart.nickel.egfr_l179_s82283_mpnn1,2.1320014,69.301605
ccalia.paesani_lab_design3,23.435848,60.172718
zhoup1366.dbz7___a,10.469998,45.133938
x.rustamov.traj_9_8_model_1_0,1.8801916,38.62123
jude.wells.21.6b3s_necitumumab_fused_trimmed_task_211_iter_150,18.874136,79.566185
qilin_y.test5,1.1618718,76.3994
joaosartori2.c4,10.37534,46.71893
maxall4.egfr_ed_binder_l132_s581930_mpnn1_model1_unrelaxed_rank_001_alphafold2_multimer_v3_model_1_seed_000_top1_mutation_r79a_round1_chain_a,0.94076973,71.098755
keaun.gafpvvfkadiarvsefvaigpstgylgslttmsgvnq,11.873705,36.65929
christoph.gruber.upperbinder_xten_lowerbinder,17.342758,59.832012
ccalia.paesani_lab_design1,13.696114,52.178413
stocco.filippo.1.3.3.18_40_0_iteration12_1.0321554292304749,13.069391,26.940577
salireza111.seq166_7_003_9,7.7189617,39.988007
christoph.gruber.upperbinder_scaffold2_lowerbinder,6.0553374,41.76128
enzo.morro.design_0_n_0_mpnn_1.117_plddt_0.713_i_ptm_0.082_i_pae_27.542_rmsd_25.669,1.6528673,57.322304
jakublala.epitope_1_20aa.pdb,5.761132,47.967995
enzo.morro.design_0_n_1_mpnn_1.085_plddt_0.817_i_ptm_0.076_i_pae_28.084_rmsd_25.372,1.2157131,39.98355
jakublala.full_dibinder_45aa.pdb,5.224703,37.674477
antorsae.ta525_0_0,8.142741,73.08629
amelie.schreiber.model_60_151_9,3.8852978,52.38868
stocco.filippo.1.3.3.18_37_0_iteration3_1.024851931427025,9.0667715,59.48239
tim.silica_corpora_regions_sampled_epitope_2_generated_variant_8_rank_3_phase_2,4.2166624,33.277134
alex.naka.blastoise,11.951935,39.719227
binom16.pocket2pep86,6.9477124,43.732468
begonia.sp.13.egfr_l110_s478327_mpnn7_model2,0.6890773,73.807495
allongoldberg.3_52_1_refined,2.7820787,48.418797
huiyu.cai.h3_15_2431_h,2.8052373,62.174297
amelie.schreiber.model_83_156_16,0.6498763,68.03726
briannaughton.1_plus_egfr,18.499454,77.11253
lhallee.lhallee_40_full_driveid_8_9,6.668443,46.12472
x.rustamov.traj_6_1_model_1_8,11.827929,45.994816
julie.jg26n,0.9092401,58.056095
human_egf,12.131425,36.11666
lennart.nickel.egfr_l114_s69310_mpnn7,1.1637684,77.399734
youngsuko2000.last,11.802322,26.117233
zhoup1366.dbz8___a,6.929793,52.31737
huiyu.cai.h3_15_877_h,2.5398335,57.893894
tadaskluonis.cotimed_egf_bcseq_1,12.246068,25.5136
alan.blakely.12_3,28.8768,73.02451
a.tucs.andrejs_tucs_seq4,10.667925,34.935844
martin.egfr_l121_s46924_mpnn18,1.588927,61.843323
qilin_y.test6,12.996761,52.529144
niklas.7a72d922-1677-4fc8-9315-d7996ba05d8e_l150_s530325711_mpnn12,2.6729736,60.37492
lhallee.lhallee_40_target_driveid_10,9.790745,40.856155
youngsuko2000.queen,14.720807,39.625988
alecl.unrelaxeda,13.449303,23.59714
lennart.nickel.egfr_l170_s20625_mpnn10,1.2688916,68.49623
bundit.b_s18.manbaritone_seq3_egfr-binder-70-100_beta_303_dldesign_6_lenght71,0.896238,48.779575
lyu.3,1.5521425,52.201447
alessio.daddio.ad_1,3.6158512,60.833885
revoli.mutated_nab_8,15.8626375,21.700354
nitesh.mishra3.stepwise_scaffold_egfr_binder_6,7.6913357,40.30448
karmanyaaggarwal.ds003076,3.151467,39.00984
biolucasmachado.engineered_binder_4,13.44892,35.494835
fernando.meireles.design_hybrid_partial_diff_7_1_binder,5.3902264,71.444954
724928537.dbz6___a,3.9710283,63.843853
lyu.2,1.2068948,53.56833
antorsae.ta_5_3,7.178035,45.11852
alex.naka.charizard,9.127287,63.525993
amirm.mhosseini.seq9,11.104446,15.877387
klima.jason.8hgo_design_94eja_1_5,19.807486,47.14446
toluwase.fatoki.toluwase_sequence3_119,15.556552,60.40181
duynth29.duy_l111_mpnn14_i36m__l80m_l42m,0.9881425,77.419716
noah.holzleitner.noah_egfr-binder_3,0.55768526,78.030136
pastei5.egfr_binder_01,12.54321,53.476284
paulafcfranklin.synth_rosetta_7,12.650636,51.343155
fernando.meireles.design_hybrid_partial_diff_4_31_binder,9.935768,33.79883
a.tucs.andrejs_tucs_seq7,10.103272,31.278101
biolucasmachado.engineered_binder_3,11.146136,35.39784
cbrown.cbrown_0005_2_egfr_l81_s801188_mpnn1_model1,0.6546125,72.804344
aureliabustos.wt_noised_i_scaffold_shorted_var71,10.872298,44.920322
tadej.satler.egfr_binder_3,0.6012789,49.372227
aswini.seed2_3,13.970158,17.53499
a.tucs.andrejs_tucs_seq2,9.434306,25.292427
bundit.b_s18.manbaritone_seq6_egfr-binder-70-100_beta_778_dldesign_0_length71,0.3751598,79.51411
binom16.pocket7pep80,4.772911,36.581257
binom16.pocket1pep15,2.1148264,35.72262
s1995825.cotimed_egf_netsolp_usability_4,8.565583,34.229908
elian.elian5,2.0643954,68.16577
martin.egfr_l142_s75963_mpnn1,2.3914983,73.52202
praghava531.seq2,0.4865923,90.09756
hughy.4krp_b_a_89_rnd3_full,6.7234564,45.541447
a.tucs.andrejs_tucs_seq10,10.644598,45.36078
niklas.e5a28fa3-3501-41c2-922c-ec848e0bc020_l81_s514858345_mpnn4,0.6984317,60.989407
mchrnwsk.marta_chronowska_dom1_l99_s666690_mpnn16,0.6956967,34.41586
hughy.7om4_b_a_180_rnd1_v1_full,1.6830164,59.846607
alan.blakely.12_6,16.345417,80.12541
minji.lee.386,6.811352,46.628815
revoli.mutated_nab_5,15.88335,27.047403
allongoldberg.4_44,3.6173172,46.172234
tadaskluonis.cotimed_egf_bcseq_0,15.026875,23.379251
biolucasmachado.engineered_binder_1,14.210483,50.789566
kerrding.seq7,11.158612,26.961714
duynth29.l148_mpnn1,0.7758876,81.92513
hughy.7om4_b_a_17_rnd2_v2_full,10.917347,39.21206
spacecruiser42.d2_prompt_binder_t1.0_37,4.3007145,13.080088
martin.egfr_l177_s77884_mpnn7,1.4336504,61.85492
darius.szablowski.egfr_binder_3___ggggs_3_linked_top_binders_1_rev_and_2_rev,17.156733,47.78195
chrisxushaoyong.hu_nano1_5_559c85,14.372794,70.96825
paulafcfranklin.synth_rosetta_8,10.019663,30.832039
mlange05.b,1.535759,41.41789
antorsae.ta_5_1,7.8467336,53.56149
tim.silica_corpora_sampled_epitope_2_generated_variant_9_rank_6_phase_2,14.890313,45.1006
wtj19921231.egfr_binder_design_208_dldesign_0_cycle1_run5_af2pred.pdb_a,6.6625504,51.438503
chuh.egfr_seg1_l58_s941869_mpnn2,0.32832697,60.920876
jude.wells.21.6b3s_necitumumab_fused_trimmed_task_89_iter_216,17.982338,82.055786
jakublala.epitope_1_30aa.pdb,1.9699707,45.82861
paulafcfranklin.synth_rosetta_10,9.500534,29.519836
a.tucs.andrejs_tucs_seq9,9.597015,39.280067
chuh.egfr_seg2_l62_s244475_mpnn4,0.43921626,67.70121
zalavi.zalavi3_ggg_shortpacesa,9.723375,54.05656
paulafcfranklin.synth_rosetta_5,13.882684,31.969551
stocco.filippo.1.3.3.18_4_2_iteration0_1.0407930462953479,9.40634,23.788553
julian.faust.pimurutamab_mpnn_18_scfv,5.3657846,81.28406
dre.lgdl_egfr_008,10.833411,34.550293
darius.szablowski.egfr_binder_4___ggggs_3_linked_top_binders_1_and_2_efficiently_evolved,9.699809,67.986534
markus.braun.egfr_binder_3,0.6005117,61.577183
mosquitolkfo.nab_design_7,16.983866,32.861076
klima.jason.8hgo_design_vdcjs_1_2,13.75797,53.93445
allongoldberg.3_52,9.53932,61.49346
jude.wells.21.panitumumab_fused_trimmed_crossbreed3,21.582167,83.708534
bundit.b_s18.manbaritone_seq5_egfr-binder-70-100_beta_303_dldesign_1_length71,0.7017674,59.77116
qilin_y.test8,4.126448,46.31402
spacecruiser42.d2_prompt_binder_t1.0_139,1.9889523,28.162086
biolucasmachado.engineered_binder_9,8.200218,18.91529
darius.szablowski.egfr_binder_1___top_binder_1,0.5690484,77.678185
lhallee.lhallee_128_driveid_1_2,20.070461,39.04317
alessio.daddio.ad_4,1.402276,57.560703
aswini.clipgen30,11.429593,30.51363
alessio.daddio.ad_9,0.6161775,79.61351
zhoup1366.dbz1___a,13.539994,29.430044
cameron.kroll.leitner,0.6138897,82.121185
gitter.yolo23,0.71541137,60.498642
biolucasmachado.engineered_binder_8,13.759738,45.12765
maxall4.egfr_ed_binder_l124_s860500_mpnn1_model1_unrelaxed_rank_001_alphafold2_multimer_v3_model_1_seed_000_top1_mutation_d81n_round1_chain_a,1.5257074,77.58179
chrisxushaoyong.hu_nano2_4_85252b,9.325221,34.473938
mosquitolkfo.nab_design_9,17.33943,37.39917
eceiiitn786.8s2,10.510639,21.573332
mlange05.a,1.6870583,62.96343
z_peplib.pepseq_design_8,9.132428,38.662327
keaun.gifgvvfkadiarvsidvaidystgylgslttfsgcnq,10.9974375,38.845936
chrisxushaoyong.hu_nano1_1_ff3e18,3.1714945,59.42476
colby.tupegfr_001___anti-egfr_fv-like_protein_diffused_with_evodiff,20.071281,65.56062
nhaas.2,12.068022,68.16414
noah.holzleitner.noah_egfr-binder_2,2.3412907,82.00497
briannaughton.2_plus_2,24.601625,46.952217
qxy615.s1_rfd_comp_beta_782_81,1.2649145,79.59577
carson.vaux.baker1_18,0.42074698,36.26923
alex.naka.charmander,11.982655,36.164703
jakublala.epitope_2_30aa_1.pdb,1.7639273,39.865543
julian.faust.demupitamab_mpnn_19_scfv,13.574431,80.22537
tiejun.wei.egfr_binder_design_208_dldesign_10_af2pred.pdb_a,11.585925,18.939863
antorsae.t0.1_sample939_score0.9451_global_score1.3625_seq_recovery0.4250,9.489143,60.262943
alex.naka.wartortle,12.9852295,25.779894
salireza111.seq119_3_001_8,1.0188174,35.995037
karmanyaaggarwal.ds004729,2.9001377,54.4753
jakublala.full_dibinder_45aa_2.pdb,5.801986,43.99844
enzo.morro.design_0_n_2_mpnn_1.120_plddt_0.858_i_ptm_0.072_i_pae_28.117_rmsd_30.276,1.4450129,39.36438
salireza111.seq166_1_001_7,0.8789739,24.569763
duynth29.duy_l111_mpnn14,0.7823632,77.83004
alex.naka.squirtle,9.086456,54.034916
zalavi.shortrustamov_ggg_zalavi3,13.67129,51.002136
zulfatmi.pocket7pep42,2.3289037,51.372696
karmanyaaggarwal.ds002542,0.48880443,56.087795
ali.rasouli.intern.model_77_142_3,7.65002,38.045547
tarkhov.andrey.erithacus_rubecula_gigantus_9,18.48465,57.56273
hughy.7om4_b_a_33_rnd2_v2_full,2.6897132,32.067802
elian.elian4,0.7948913,77.184586
akash.arunabharathi.design9,21.572645,73.4805
toluwase.fatoki.toluwase_sequence4_148,14.619024,47.2545
a.tucs.andrejs_tucs_seq1,11.4549,45.898888
briannaughton.egfr_plus_egfr,24.11616,35.16738
s1995825.timed_egf_netsolp_usability_consensus_1,10.397553,31.044716
lennart.nickel.egfr_l139_s63093_mpnn2,1.222408,42.355892
silvia.toscani.b_egfr_6,0.56642437,62.537056
mosquitolkfo.nab_design_6,15.324301,31.108934
maxall4.egfr_ed_binder_l134_s906486_mpnn2_model1_unrelaxed_rank_001_alphafold2_multimer_v3_model_1_seed_000_top1_mutation_g108s_round1_chain_a,1.1229321,65.92029
martin.egfr_l111_s89744_mpnn1,1.0801615,70.62985
colby.tupegfr_018___anti-egfr_fv-like_protein_diffused_with_esm3,19.190916,62.80462
noah.holzleitner.noah_egfr-binder_8,1.2770523,53.570175
aureliabustos.wwt_noised_i_scaffold_shorted_var8423,12.789632,46.360123
xiuming_li2015.eureka_seq_3,21.946537,78.01758
nhaas.8,12.665336,63.542084
jude.wells.21.6b3s_necitumumab_fused_trimmed_task_98_iter_184,15.9008875,70.0729
tarkhov.andrey.erithacus_rubecula_gigantus_8,20.79696,49.799904
cameron.kroll.gertrude_gen6,0.6434997,63.949615
akash.arunabharathi.design10,8.880146,57.579754
joaosartori2.c3,12.989342,23.063032
niklas.95b59203-b642-4754-bcd3-8e670a722c8d_l91_s349792600_mpnn2,1.2848473,53.420937
chenceshi1105.steven_binder_design_l75_s60968_it100_mpnn0,0.5140579,78.87255
amirm.mhosseini.seq1,11.477877,29.9459
alejandro.corrochano-navarro.eng_scfv_binder_2,13.443409,94.65828
flowuenne.nf-proteindesign_design8,11.773523,27.930555
colby.tupegfr_012___anti-egfr_fv-like_protein_diffused_with_evodiff,25.30073,53.57731
s1995825.timed_egf_netsolp_usability_consensus_2,11.179402,48.732834
paulafcfranklin.synth_rosetta_2,10.139009,29.400629
reed.harrison.model_56_119_0,0.4480605,54.558487
noah.holzleitner.noah_egfr-binder_1,0.5604057,81.043686
chrisxushaoyong.hu_nano2_2_7ef96e,13.458953,25.643156
minji.lee.3995,2.2291138,52.501553
cameron.kroll.gertrude_gen3,0.9973609,50.028267
markus.braun.egfr_binder_1,0.8783235,78.7819
amirmhosseini47.mohammad_seq2,14.654807,38.385952
elian.elian3,3.737447,58.1738
revoli.mutated_nab_9,11.185375,14.78117
niklas.ee4629a9-322f-48f0-884d-8f4418db9bce_l151_s241659642_mpnn11,0.9763421,39.651226
flowuenne.nf-proteindesign_design10,1.4482397,50.045906
nitesh.mishra3.stepwise_rfdiff_egfr_binder_1,4.0742416,76.87444
a.tucs.andrejs_tucs_seq5,10.097942,33.277714
alejandro.corrochano-navarro.eng_scfv_binder_1,11.067572,78.42092
binom16.pocket3pep98,1.9381795,41.61635
lyu.1,0.7378835,67.37199
mlange05.c,2.4455128,74.3726
aswini.seed1_1,10.515578,18.218693
junhee.park1999.egfr_binder_7,14.907361,77.4156
julian.faust.pimurutamabxbecotatug_scfv,5.1149116,76.94281
round1zeroshot.k5q_n70s_k71r_n73t_s87t_n88d_r179k_k183r_e213d_s214p,18.801607,80.13
julie.rj0aa,0.24227132,23.530981
amirm.mhosseini.seq3,9.755617,30.211815
qilin_y.test4,3.3283746,48.931255
jvogt4.vogt_scfv_2470,13.234039,82.37235
akash.arunabharathi.design3,10.12906,46.63744
niklas.95b59203-b642-4754-bcd3-8e670a722c8d_l91_s349792600_mpnn19,1.2382989,58.774612
markus.braun.egfr_binder_6,0.92080915,52.547794
maxall4.egfr_trim_l126_s498823_mpnn2_model1_unrelaxed_rank_001_alphafold2_multimer_v3_model_1_seed_000_top1_mutation_l39g_round1_chain_a,3.5705492,53.083935
aureliabustos.bce_var702,11.565175,35.34062
zhoup1366.dbz10___a,16.042738,49.02534
klima.jason.8hgo_design_4yyaf_0_0,14.307324,74.71361
chenceshi1105.steven_binder_design_l82_s44755_it100_mpnn6,0.36469075,74.42603
hughy.7om4_b_a_8_rnd2_v2_full,15.908092,41.551617
fernando.meireles.design_hybrid_partial_diff_9_54_binder,3.5062997,35.257442
fgndd1.fg_seq1,0.9752394,76.36475
tarkhov.andrey.erithacus_rubecula_gigantus_4,43.56139,72.52171
s1995825.cotimed_egf_netsolp_usability_6,9.746087,47.48921
allongoldberg.4_44_0_refined,0.9352096,74.92164
alan.blakely.16_2,20.642086,69.17473
jack.li.egfrbindingcandidate_7,24.174181,69.24859
bronte.egfr_binder_4_91,0.72624874,54.55815
tarkhov.andrey.erithacus_rubecula_gigantus_7,25.643265,57.149555
merlettaia.seq0v4,7.8518915,54.015858
alex.naka.venusaur,10.139758,43.272793
antorsae.ta397unsafety_2,6.519788,52.715767
deepsatflow.6aru_final_chain_a_domain_3_l142_s806907_mpnn1,0.6403517,82.13446
z_peplib.pepseq_design_6,15.29571,67.51282
qilin_y.test7,14.1221075,23.335045
aureliabustos.bce_var433,11.503254,39.490166
deepsatflow.6aru_final_chain_a_domain_3_l138_s466479_mpnn9,0.6154478,73.55285
kerrding.seq9,11.845132,53.736404
s1995825.cotimed_egf_netsolp_usability_1,9.065967,44.65348
joaosartori2.c6,9.310817,26.935352
areddy.egfr_l169_s781475,0.87318844,73.398315
markus.braun.egfr_binder_7,0.51345277,68.841064
